datetime_from,pm25,pm10,temperature,relativehumidity,wind_speed,wind_direction,location_id,location_name
2025-02-18 19:30:00+00:00,34.0,50.0,18.8,69.0,0.55,349.0,5662,Nehru Nagar
2025-02-18 20:30:00+00:00,36.0,53.5,18.7,70.0,0.5,350.0,5662,Nehru Nagar
2025-02-18 21:30:00+00:00,40.5,61.0,18.4,71.3,0.625,314.0,5662,Nehru Nagar
2025-02-18 22:30:00+00:00,49.5,74.0,18.0,73.5,0.625,246.0,5662,Nehru Nagar
2025-02-18 23:30:00+00:00,50.5,75.0,17.9,75.0,0.525,236.0,5662,Nehru Nagar
2025-02-19 00:30:00+00:00,49.0,73.0,17.9,75.0,0.9,262.0,5662,Nehru Nagar
2025-02-19 01:30:00+00:00,56.5,85.0,19.1,72.8,1.08,328.0,5662,Nehru Nagar
2025-02-19 02:30:00+00:00,58.5,88.5,22.4,57.3,1.35,332.0,5662,Nehru Nagar
2025-02-19 03:30:00+00:00,49.0,74.0,25.3,45.3,1.6,320.0,5662,Nehru Nagar
2025-02-19 04:30:00+00:00,40.5,61.0,27.5,40.5,1.65,278.0,5662,Nehru Nagar
2025-02-19 05:30:00+00:00,35.5,53.5,28.4,37.3,1.98,281.0,5662,Nehru Nagar
2025-02-19 06:30:00+00:00,25.5,39.0,29.6,28.8,2.13,257.0,5662,Nehru Nagar
2025-02-19 07:30:00+00:00,16.5,25.0,30.4,23.0,2.38,260.0,5662,Nehru Nagar
2025-02-19 08:30:00+00:00,11.3,16.7,30.5,24.0,2.3,278.0,5662,Nehru Nagar
2025-02-19 09:30:00+00:00,10.0,15.0,29.7,26.8,1.93,319.0,5662,Nehru Nagar
2025-02-19 10:30:00+00:00,11.5,17.5,28.6,31.0,1.63,333.0,5662,Nehru Nagar
2025-02-19 11:30:00+00:00,12.0,18.0,26.9,35.3,1.08,349.0,5662,Nehru Nagar
2025-02-19 12:30:00+00:00,13.5,20.0,25.2,40.3,0.475,349.0,5662,Nehru Nagar
2025-02-19 13:30:00+00:00,27.0,41.0,23.7,47.5,0.3,349.0,5662,Nehru Nagar
2025-02-19 14:30:00+00:00,35.7,54.3,23.7,46.0,0.5,349.0,5662,Nehru Nagar
2025-02-19 15:30:00+00:00,35.5,53.0,22.8,50.3,0.3,349.0,5662,Nehru Nagar
2025-02-19 16:30:00+00:00,45.0,67.5,22.0,53.8,0.425,290.0,5662,Nehru Nagar
2025-02-19 17:30:00+00:00,46.0,70.0,21.5,57.0,0.5,126.0,5662,Nehru Nagar
2025-02-19 18:30:00+00:00,39.0,59.0,20.3,56.5,0.8,195.0,5662,Nehru Nagar
2025-02-19 19:30:00+00:00,34.5,52.5,20.5,55.5,0.65,267.0,5662,Nehru Nagar
2025-02-19 20:30:00+00:00,34.0,51.5,20.1,56.5,0.725,220.0,5662,Nehru Nagar
2025-02-19 21:30:00+00:00,37.0,56.0,19.8,57.0,0.425,192.0,5662,Nehru Nagar
2025-02-19 22:30:00+00:00,35.5,53.5,20.5,53.0,1.03,235.0,5662,Nehru Nagar
2025-02-19 23:30:00+00:00,36.5,54.5,20.5,49.8,1.25,193.0,5662,Nehru Nagar
2025-02-20 00:30:00+00:00,37.5,56.0,19.9,54.3,1.53,182.0,5662,Nehru Nagar
2025-02-20 01:30:00+00:00,37.7,56.3,20.8,53.0,2.23,206.0,5662,Nehru Nagar
2025-02-20 02:30:00+00:00,38.3,57.7,22.2,49.7,1.87,229.0,5662,Nehru Nagar
2025-02-20 03:30:00+00:00,39.5,59.5,22.5,49.8,1.15,192.0,5662,Nehru Nagar
2025-02-20 04:30:00+00:00,44.0,66.5,23.4,50.3,1.6,223.0,5662,Nehru Nagar
2025-02-20 05:30:00+00:00,53.5,80.0,23.0,56.0,2.8,262.0,5662,Nehru Nagar
2025-02-20 06:30:00+00:00,51.0,75.5,23.8,52.8,3.53,242.0,5662,Nehru Nagar
2025-02-20 07:30:00+00:00,34.5,51.5,26.8,39.5,3.35,246.0,5662,Nehru Nagar
2025-02-20 08:30:00+00:00,23.5,35.5,28.0,35.3,3.05,229.0,5662,Nehru Nagar
2025-02-20 09:30:00+00:00,20.0,29.5,28.1,32.8,3.08,230.0,5662,Nehru Nagar
2025-02-20 10:30:00+00:00,18.5,27.5,27.4,34.3,2.65,240.0,5662,Nehru Nagar
2025-02-20 11:30:00+00:00,18.7,28.7,25.7,39.0,1.63,253.0,5662,Nehru Nagar
2025-02-20 12:30:00+00:00,30.0,46.0,23.8,47.3,0.975,210.0,5662,Nehru Nagar
2025-02-20 13:30:00+00:00,42.5,64.5,22.4,54.5,0.475,159.0,5662,Nehru Nagar
2025-02-20 14:30:00+00:00,51.0,77.0,21.6,59.0,0.675,213.0,5662,Nehru Nagar
2025-02-20 15:30:00+00:00,49.5,74.5,21.4,60.3,1.15,227.0,5662,Nehru Nagar
2025-02-20 16:30:00+00:00,51.0,77.0,21.5,61.0,1.2,246.0,5662,Nehru Nagar
2025-02-20 17:30:00+00:00,58.0,88.0,21.8,58.0,1.65,221.0,5662,Nehru Nagar
2025-02-20 18:30:00+00:00,57.0,85.0,20.6,61.0,1.75,222.0,5662,Nehru Nagar
2025-02-20 19:30:00+00:00,54.5,81.0,20.1,63.8,1.43,239.0,5662,Nehru Nagar
2025-02-20 20:30:00+00:00,48.0,72.0,20.2,65.5,1.3,214.0,5662,Nehru Nagar
2025-02-20 21:30:00+00:00,49.0,74.0,19.0,68.3,1.4,211.0,5662,Nehru Nagar
2025-02-20 22:30:00+00:00,57.0,85.5,18.9,68.3,1.98,235.0,5662,Nehru Nagar
2025-02-20 23:30:00+00:00,64.5,96.5,18.4,67.8,1.73,243.0,5662,Nehru Nagar
2025-02-21 00:30:00+00:00,79.5,119.0,17.9,69.3,1.63,236.0,5662,Nehru Nagar
2025-02-21 01:30:00+00:00,79.0,119.0,18.2,67.8,2.85,246.0,5662,Nehru Nagar
2025-02-21 02:30:00+00:00,61.0,92.5,21.0,57.8,2.1,222.0,5662,Nehru Nagar
2025-02-21 03:30:00+00:00,51.0,77.5,24.3,50.5,2.78,244.0,5662,Nehru Nagar
2025-02-21 04:30:00+00:00,48.7,73.7,26.8,43.7,2.5,213.0,5662,Nehru Nagar
2025-02-21 05:30:00+00:00,42.0,63.7,29.2,38.7,1.73,196.0,5662,Nehru Nagar
2025-02-21 06:30:00+00:00,36.0,54.0,30.3,35.3,1.58,223.0,5662,Nehru Nagar
2025-02-21 07:30:00+00:00,33.0,48.5,31.5,33.3,1.48,221.0,5662,Nehru Nagar
2025-02-21 08:30:00+00:00,30.0,45.0,31.1,33.5,2.23,251.0,5662,Nehru Nagar
2025-02-21 09:30:00+00:00,27.5,42.0,30.5,35.3,1.8,274.0,5662,Nehru Nagar
2025-02-21 10:30:00+00:00,24.5,37.5,29.2,38.3,1.75,272.0,5662,Nehru Nagar
2025-02-21 11:30:00+00:00,22.0,34.0,27.5,42.0,0.767,304.0,5662,Nehru Nagar
2025-02-21 12:30:00+00:00,26.0,38.7,25.6,49.0,0.633,349.0,5662,Nehru Nagar
2025-02-21 13:30:00+00:00,34.0,50.5,24.5,54.3,0.35,349.0,5662,Nehru Nagar
2025-02-21 14:30:00+00:00,42.0,63.5,23.9,56.8,0.675,349.0,5662,Nehru Nagar
2025-02-21 15:30:00+00:00,44.5,67.0,23.1,57.8,0.35,350.0,5662,Nehru Nagar
2025-02-21 16:30:00+00:00,44.0,65.3,22.4,59.0,0.333,350.0,5662,Nehru Nagar
2025-02-21 17:30:00+00:00,42.0,62.0,22.0,59.5,0.3,350.0,5662,Nehru Nagar
2025-02-21 18:30:00+00:00,32.0,47.0,21.5,57.5,1.45,341.0,5662,Nehru Nagar
2025-02-21 19:30:00+00:00,32.0,48.0,21.1,59.5,0.95,350.0,5662,Nehru Nagar
2025-02-21 20:30:00+00:00,31.0,47.0,20.7,61.8,1.33,349.0,5662,Nehru Nagar
2025-02-21 21:30:00+00:00,31.3,47.0,19.9,65.0,2.0,338.0,5662,Nehru Nagar
2025-02-21 22:30:00+00:00,32.5,48.5,19.1,70.0,2.05,338.0,5662,Nehru Nagar
2025-02-21 23:30:00+00:00,33.0,49.0,18.4,73.5,2.28,337.0,5662,Nehru Nagar
2025-02-22 00:30:00+00:00,33.5,50.0,17.9,76.0,2.3,339.0,5662,Nehru Nagar
2025-02-22 01:30:00+00:00,33.5,50.0,18.3,76.0,2.63,330.0,5662,Nehru Nagar
2025-02-22 02:30:00+00:00,32.5,48.0,19.8,70.0,3.2,327.0,5662,Nehru Nagar
2025-02-22 03:30:00+00:00,32.5,48.5,22.2,62.3,2.75,321.0,5662,Nehru Nagar
2025-02-22 04:30:00+00:00,34.0,51.0,24.6,53.8,2.88,319.0,5662,Nehru Nagar
2025-02-22 05:30:00+00:00,31.0,46.5,26.1,44.3,3.73,300.0,5662,Nehru Nagar
2025-02-22 06:30:00+00:00,23.5,36.0,26.9,37.8,3.9,289.0,5662,Nehru Nagar
2025-02-22 07:30:00+00:00,18.0,27.5,27.5,31.0,3.73,293.0,5662,Nehru Nagar
2025-02-22 08:30:00+00:00,18.5,27.5,27.6,35.0,3.25,276.0,5662,Nehru Nagar
2025-02-22 09:30:00+00:00,22.0,32.5,27.2,36.5,3.35,314.0,5662,Nehru Nagar
2025-02-22 10:30:00+00:00,25.0,37.0,26.2,38.0,2.93,320.0,5662,Nehru Nagar
2025-02-22 11:30:00+00:00,25.5,38.0,24.9,43.5,2.38,292.0,5662,Nehru Nagar
2025-02-22 12:30:00+00:00,22.0,33.0,23.6,45.5,2.1,320.0,5662,Nehru Nagar
2025-02-22 13:30:00+00:00,20.5,31.0,22.8,47.5,1.55,333.0,5662,Nehru Nagar
2025-02-22 14:30:00+00:00,24.0,36.5,22.1,50.0,1.25,345.0,5662,Nehru Nagar
2025-02-22 15:30:00+00:00,31.0,47.0,21.4,52.0,1.85,346.0,5662,Nehru Nagar
2025-02-22 16:30:00+00:00,31.0,46.5,20.8,54.8,1.9,343.0,5662,Nehru Nagar
2025-02-22 17:30:00+00:00,27.0,40.0,20.5,54.5,1.8,344.0,5662,Nehru Nagar
2025-02-22 18:30:00+00:00,23.0,35.0,19.7,58.5,1.5,350.0,5662,Nehru Nagar
2025-02-22 19:30:00+00:00,23.5,35.0,19.3,60.3,1.25,347.0,5662,Nehru Nagar
2025-02-22 20:30:00+00:00,25.5,38.0,18.9,62.0,1.43,350.0,5662,Nehru Nagar
2025-02-22 21:30:00+00:00,27.0,40.5,18.5,63.0,1.55,350.0,5662,Nehru Nagar
2025-02-22 22:30:00+00:00,27.5,40.5,18.1,62.8,1.55,350.0,5662,Nehru Nagar
2025-02-22 23:30:00+00:00,26.0,39.0,17.5,65.3,1.33,347.0,5662,Nehru Nagar
2025-02-23 00:30:00+00:00,27.5,41.5,17.5,67.0,1.1,264.0,5662,Nehru Nagar
2025-02-23 01:30:00+00:00,31.7,47.3,18.5,65.3,1.63,278.0,5662,Nehru Nagar
2025-02-23 02:30:00+00:00,35.5,53.5,20.5,60.3,2.15,307.0,5662,Nehru Nagar
2025-02-23 03:30:00+00:00,32.5,49.5,23.0,53.0,2.08,278.0,5662,Nehru Nagar
2025-02-23 04:30:00+00:00,24.5,37.5,24.4,48.0,2.35,297.0,5662,Nehru Nagar
2025-02-23 05:30:00+00:00,22.5,34.0,25.6,39.5,2.95,256.0,5662,Nehru Nagar
2025-02-23 06:30:00+00:00,20.0,30.5,26.8,39.3,2.75,255.0,5662,Nehru Nagar
2025-02-23 07:30:00+00:00,17.0,26.0,27.1,37.8,3.2,292.0,5662,Nehru Nagar
2025-02-23 08:30:00+00:00,14.5,22.0,27.3,36.8,3.38,296.0,5662,Nehru Nagar
2025-02-23 09:30:00+00:00,12.5,19.5,27.5,35.5,3.05,295.0,5662,Nehru Nagar
2025-02-23 10:30:00+00:00,12.0,18.5,26.6,37.5,2.5,304.0,5662,Nehru Nagar
2025-02-23 11:30:00+00:00,11.5,17.5,25.0,41.0,2.08,333.0,5662,Nehru Nagar
2025-02-23 12:30:00+00:00,11.0,17.0,23.6,46.5,1.0,350.0,5662,Nehru Nagar
2025-02-23 13:30:00+00:00,17.0,25.5,22.3,52.3,0.3,350.0,5662,Nehru Nagar
2025-02-23 14:30:00+00:00,27.5,40.5,21.7,56.0,0.3,350.0,5662,Nehru Nagar
2025-02-23 15:30:00+00:00,33.5,49.5,21.4,58.3,0.65,350.0,5662,Nehru Nagar
2025-02-23 16:30:00+00:00,36.5,54.0,21.1,58.0,0.95,350.0,5662,Nehru Nagar
2025-02-23 17:30:00+00:00,38.0,56.0,20.7,58.0,1.05,350.0,5662,Nehru Nagar
2025-02-23 18:30:00+00:00,28.0,41.0,19.7,59.5,0.6,351.0,5662,Nehru Nagar
2025-02-23 19:30:00+00:00,23.5,34.5,19.3,60.3,0.35,351.0,5662,Nehru Nagar
2025-02-23 20:30:00+00:00,25.5,37.5,18.7,64.0,0.325,351.0,5662,Nehru Nagar
2025-02-23 21:30:00+00:00,31.0,45.5,18.0,66.8,0.3,351.0,5662,Nehru Nagar
2025-02-23 22:30:00+00:00,30.0,44.5,18.0,67.8,0.3,350.0,5662,Nehru Nagar
2025-02-23 23:30:00+00:00,28.5,43.0,17.5,70.3,0.4,350.0,5662,Nehru Nagar
2025-02-24 00:30:00+00:00,30.3,45.0,17.7,70.0,0.6,350.0,5662,Nehru Nagar
2025-02-24 01:30:00+00:00,37.5,55.5,19.4,66.3,1.18,296.0,5662,Nehru Nagar
2025-02-24 02:30:00+00:00,39.5,59.5,21.8,56.3,1.6,309.0,5662,Nehru Nagar
2025-02-24 03:30:00+00:00,35.5,54.0,24.7,46.8,1.7,286.0,5662,Nehru Nagar
2025-02-24 04:30:00+00:00,33.5,50.5,26.3,41.8,2.38,241.0,5662,Nehru Nagar
2025-02-24 05:30:00+00:00,26.5,40.0,27.5,38.0,2.85,306.0,5662,Nehru Nagar
2025-02-24 06:30:00+00:00,18.5,28.5,28.2,33.3,3.08,287.0,5662,Nehru Nagar
2025-02-24 07:30:00+00:00,12.0,18.0,28.7,31.5,2.85,295.0,5662,Nehru Nagar
2025-02-24 08:30:00+00:00,7.5,11.0,28.3,30.0,3.3,305.0,5662,Nehru Nagar
2025-02-24 09:30:00+00:00,11.0,17.0,28.1,30.8,3.23,312.0,5662,Nehru Nagar
2025-02-24 10:30:00+00:00,13.5,20.5,26.9,33.5,3.25,329.0,5662,Nehru Nagar
2025-02-24 11:30:00+00:00,11.5,17.0,25.4,34.8,2.23,340.0,5662,Nehru Nagar
2025-02-24 12:30:00+00:00,15.5,23.0,23.9,38.5,1.0,350.0,5662,Nehru Nagar
2025-02-24 13:30:00+00:00,16.0,23.5,22.9,41.8,0.5,350.0,5662,Nehru Nagar
2025-02-24 14:30:00+00:00,20.0,30.0,22.1,44.8,0.775,350.0,5662,Nehru Nagar
2025-02-24 15:30:00+00:00,27.0,41.0,21.5,48.0,1.03,350.0,5662,Nehru Nagar
2025-02-24 16:30:00+00:00,26.5,40.0,20.6,52.0,1.23,350.0,5662,Nehru Nagar
2025-02-24 17:30:00+00:00,27.0,41.0,20.0,54.0,0.4,350.0,5662,Nehru Nagar
2025-02-24 18:30:00+00:00,34.0,52.0,18.9,59.5,0.3,351.0,5662,Nehru Nagar
2025-02-24 19:30:00+00:00,32.7,50.0,18.6,61.0,0.3,351.0,5662,Nehru Nagar
2025-02-24 20:30:00+00:00,30.0,46.0,18.4,63.3,0.325,351.0,5662,Nehru Nagar
2025-02-24 21:30:00+00:00,30.5,46.5,18.2,65.5,0.35,351.0,5662,Nehru Nagar
2025-02-24 22:30:00+00:00,34.5,51.5,17.7,65.5,0.325,332.0,5662,Nehru Nagar
2025-02-24 23:30:00+00:00,52.0,77.0,17.9,64.3,0.5,339.0,5662,Nehru Nagar
2025-02-25 00:30:00+00:00,63.7,94.7,18.1,61.0,0.767,224.0,5662,Nehru Nagar
2025-02-25 01:30:00+00:00,52.7,79.0,18.8,59.0,1.1,317.0,5662,Nehru Nagar
2025-02-25 02:30:00+00:00,39.5,60.0,22.3,49.3,1.08,222.0,5662,Nehru Nagar
2025-02-25 03:30:00+00:00,41.5,63.0,24.8,43.8,1.33,238.0,5662,Nehru Nagar
2025-02-25 04:30:00+00:00,37.0,56.0,26.4,42.3,1.78,256.0,5662,Nehru Nagar
2025-02-25 05:30:00+00:00,34.0,50.5,27.6,39.0,1.98,263.0,5662,Nehru Nagar
2025-02-25 06:30:00+00:00,32.0,47.5,28.3,35.3,2.43,256.0,5662,Nehru Nagar
2025-02-25 07:30:00+00:00,22.0,32.5,28.6,32.3,2.8,290.0,5662,Nehru Nagar
2025-02-25 08:30:00+00:00,16.0,23.0,28.7,33.0,2.53,246.0,5662,Nehru Nagar
2025-02-25 09:30:00+00:00,23.0,34.0,27.9,34.3,2.18,311.0,5662,Nehru Nagar
2025-02-25 10:30:00+00:00,28.5,42.5,26.8,37.8,1.9,340.0,5662,Nehru Nagar
2025-02-25 11:30:00+00:00,25.5,38.0,25.5,42.0,1.58,347.0,5662,Nehru Nagar
2025-02-25 12:30:00+00:00,26.5,39.5,24.4,46.8,0.475,320.0,5662,Nehru Nagar
2025-02-25 13:30:00+00:00,34.0,51.0,23.7,48.8,0.3,18.5,5662,Nehru Nagar
2025-02-25 14:30:00+00:00,45.5,69.0,22.7,55.3,0.3,132.0,5662,Nehru Nagar
2025-02-25 15:30:00+00:00,69.5,105.0,22.1,58.0,0.325,182.0,5662,Nehru Nagar
2025-02-25 16:30:00+00:00,88.5,134.0,21.2,63.8,0.325,289.0,5662,Nehru Nagar
2025-02-25 17:30:00+00:00,80.7,122.0,21.0,65.7,0.467,346.0,5662,Nehru Nagar
2025-02-25 18:30:00+00:00,59.0,89.0,20.5,65.5,0.3,349.0,5662,Nehru Nagar
2025-02-25 19:30:00+00:00,55.0,83.0,20.0,67.3,0.3,349.0,5662,Nehru Nagar
2025-02-25 20:30:00+00:00,48.5,73.5,19.7,68.5,0.35,271.0,5662,Nehru Nagar
2025-02-25 21:30:00+00:00,57.5,87.0,19.9,68.0,0.45,53.0,5662,Nehru Nagar
2025-02-25 22:30:00+00:00,64.3,96.7,19.4,68.7,0.767,87.7,5662,Nehru Nagar
2025-02-25 23:30:00+00:00,57.0,85.5,19.3,65.3,0.625,222.0,5662,Nehru Nagar
2025-02-26 00:30:00+00:00,64.0,95.5,19.0,66.0,0.3,348.0,5662,Nehru Nagar
2025-02-26 01:30:00+00:00,79.5,119.0,20.5,64.8,0.3,348.0,5662,Nehru Nagar
2025-02-26 02:30:00+00:00,88.0,132.0,23.6,53.5,0.5,297.0,5662,Nehru Nagar
2025-02-26 03:30:00+00:00,78.5,118.0,26.0,43.3,1.6,189.0,5662,Nehru Nagar
2025-02-26 04:30:00+00:00,52.0,77.5,26.7,40.5,2.23,224.0,5662,Nehru Nagar
2025-02-26 05:30:00+00:00,36.0,53.0,28.8,37.0,1.8,205.0,5662,Nehru Nagar
2025-02-26 06:30:00+00:00,28.5,42.0,29.5,34.8,1.63,177.0,5662,Nehru Nagar
2025-02-26 07:30:00+00:00,26.5,39.5,29.9,35.8,2.35,264.0,5662,Nehru Nagar
2025-02-26 08:30:00+00:00,24.5,36.5,29.9,32.0,2.45,296.0,5662,Nehru Nagar
2025-02-26 09:30:00+00:00,19.5,28.5,29.9,35.3,2.25,237.0,5662,Nehru Nagar
2025-02-26 10:30:00+00:00,20.5,30.0,29.0,39.3,1.98,237.0,5662,Nehru Nagar
2025-02-26 11:30:00+00:00,21.7,32.0,27.2,46.0,1.03,201.0,5662,Nehru Nagar
2025-02-26 12:30:00+00:00,22.0,33.0,26.1,49.5,0.65,152.0,5662,Nehru Nagar
2025-02-26 13:30:00+00:00,38.5,58.0,25.1,54.0,0.425,39.0,5662,Nehru Nagar
2025-02-26 14:30:00+00:00,52.0,78.5,24.2,57.3,0.325,18.3,5662,Nehru Nagar
2025-02-26 15:30:00+00:00,57.5,86.5,23.1,61.0,0.3,12.0,5662,Nehru Nagar
2025-02-26 16:30:00+00:00,72.5,109.0,22.8,63.5,0.375,54.0,5662,Nehru Nagar
2025-02-26 17:30:00+00:00,72.7,110.0,22.3,64.7,0.333,51.3,5662,Nehru Nagar
2025-02-26 18:30:00+00:00,46.0,68.0,22.0,63.0,0.55,51.0,5662,Nehru Nagar
2025-02-26 19:30:00+00:00,43.0,64.0,21.9,60.8,0.825,50.5,5662,Nehru Nagar
2025-02-26 20:30:00+00:00,36.0,53.5,21.0,62.0,0.325,31.5,5662,Nehru Nagar
2025-02-26 21:30:00+00:00,32.0,47.5,20.3,66.0,0.3,31.0,5662,Nehru Nagar
2025-02-26 22:30:00+00:00,33.0,49.0,20.3,64.8,0.4,37.5,5662,Nehru Nagar
2025-02-26 23:30:00+00:00,31.0,45.5,20.0,66.3,0.325,31.0,5662,Nehru Nagar
2025-02-27 00:30:00+00:00,30.0,44.5,20.3,66.3,0.825,56.0,5662,Nehru Nagar
2025-02-27 01:30:00+00:00,40.0,60.5,21.9,62.0,0.65,136.0,5662,Nehru Nagar
2025-02-27 02:30:00+00:00,52.0,79.0,24.1,55.3,1.08,99.3,5662,Nehru Nagar
2025-02-27 03:30:00+00:00,44.0,67.0,26.8,45.8,1.78,165.0,5662,Nehru Nagar
2025-02-27 04:30:00+00:00,28.0,42.5,29.0,42.0,1.85,170.0,5662,Nehru Nagar
2025-02-27 05:30:00+00:00,21.5,32.5,30.7,37.0,1.98,129.0,5662,Nehru Nagar
2025-02-27 06:30:00+00:00,18.0,27.5,31.1,36.0,2.2,215.0,5662,Nehru Nagar
2025-02-27 07:30:00+00:00,16.5,25.5,30.8,34.3,2.6,305.0,5662,Nehru Nagar
2025-02-27 08:30:00+00:00,13.5,21.0,30.9,35.5,2.5,316.0,5662,Nehru Nagar
2025-02-27 09:30:00+00:00,11.5,17.5,30.8,38.3,2.8,295.0,5662,Nehru Nagar
2025-02-27 10:30:00+00:00,16.0,24.0,28.9,46.5,2.38,268.0,5662,Nehru Nagar
2025-02-27 11:30:00+00:00,20.0,30.0,27.6,50.0,1.4,262.0,5662,Nehru Nagar
2025-02-27 12:30:00+00:00,22.0,32.5,26.0,54.5,1.15,257.0,5662,Nehru Nagar
2025-02-27 13:30:00+00:00,26.0,39.0,25.0,56.3,1.0,222.0,5662,Nehru Nagar
2025-02-27 14:30:00+00:00,33.5,50.5,24.1,59.3,1.18,196.0,5662,Nehru Nagar
2025-02-27 15:30:00+00:00,37.7,56.3,23.5,60.7,1.37,215.0,5662,Nehru Nagar
2025-02-27 16:30:00+00:00,34.0,52.0,22.7,63.0,1.15,216.0,5662,Nehru Nagar
2025-02-27 17:30:00+00:00,34.0,52.0,22.6,63.5,1.15,204.0,5662,Nehru Nagar
2025-02-27 18:30:00+00:00,38.0,57.0,23.4,59.0,1.15,158.0,5662,Nehru Nagar
2025-02-27 19:30:00+00:00,38.5,57.5,22.9,60.8,0.6,133.0,5662,Nehru Nagar
2025-02-27 20:30:00+00:00,38.0,57.0,22.5,62.8,0.725,156.0,5662,Nehru Nagar
2025-02-27 21:30:00+00:00,39.0,58.5,22.1,64.5,0.975,236.0,5662,Nehru Nagar
2025-02-27 22:30:00+00:00,44.0,65.5,22.0,66.5,0.8,194.0,5662,Nehru Nagar
2025-02-27 23:30:00+00:00,46.5,69.0,21.9,66.8,1.83,221.0,5662,Nehru Nagar
2025-02-28 00:30:00+00:00,47.0,70.5,21.0,68.5,1.38,221.0,5662,Nehru Nagar
2025-02-28 01:30:00+00:00,52.0,78.0,21.6,69.5,2.25,230.0,5662,Nehru Nagar
2025-02-28 02:30:00+00:00,57.3,86.3,23.5,62.0,2.77,208.0,5662,Nehru Nagar
2025-02-28 03:30:00+00:00,53.5,80.5,25.5,55.5,3.2,221.0,5662,Nehru Nagar
2025-02-28 04:30:00+00:00,46.5,69.5,27.5,50.8,3.03,201.0,5662,Nehru Nagar
2025-02-28 05:30:00+00:00,41.5,62.0,28.2,50.3,3.15,205.0,5662,Nehru Nagar
2025-02-28 06:30:00+00:00,36.0,54.0,29.1,48.0,3.28,195.0,5662,Nehru Nagar
2025-02-28 07:30:00+00:00,32.5,49.5,30.2,44.0,2.58,130.0,5662,Nehru Nagar
2025-02-28 08:30:00+00:00,26.0,39.0,30.6,40.3,1.87,91.7,5662,Nehru Nagar
2025-02-28 09:30:00+00:00,24.5,37.0,31.6,40.0,1.63,107.0,5662,Nehru Nagar
2025-02-28 10:30:00+00:00,24.0,37.0,30.6,41.3,1.1,67.8,5662,Nehru Nagar
2025-02-28 11:30:00+00:00,29.0,43.5,28.5,51.0,1.3,222.0,5662,Nehru Nagar
2025-02-28 12:30:00+00:00,35.0,52.5,27.2,58.5,1.93,231.0,5662,Nehru Nagar
2025-02-28 13:30:00+00:00,35.5,54.0,26.6,60.3,2.75,208.0,5662,Nehru Nagar
2025-02-28 14:30:00+00:00,36.5,55.5,25.8,62.5,2.8,202.0,5662,Nehru Nagar
2025-02-28 15:30:00+00:00,38.0,58.0,25.0,65.8,2.83,227.0,5662,Nehru Nagar
2025-02-28 16:30:00+00:00,40.5,61.5,24.5,68.0,2.05,223.0,5662,Nehru Nagar
2025-02-28 17:30:00+00:00,41.0,62.0,24.0,69.5,2.95,239.0,5662,Nehru Nagar
2025-02-28 18:30:00+00:00,46.0,70.0,23.0,72.5,1.75,240.0,5662,Nehru Nagar
2025-02-28 19:30:00+00:00,46.0,69.3,22.4,76.0,1.7,215.0,5662,Nehru Nagar
2025-02-28 20:30:00+00:00,47.0,71.0,22.6,76.3,2.1,242.0,5662,Nehru Nagar
2025-02-28 21:30:00+00:00,49.5,75.0,21.6,78.5,2.1,224.0,5662,Nehru Nagar
2025-02-28 22:30:00+00:00,69.5,105.0,20.9,81.0,2.0,219.0,5662,Nehru Nagar
2025-02-28 23:30:00+00:00,69.0,104.0,21.1,81.8,2.05,225.0,5662,Nehru Nagar
2025-03-01 00:30:00+00:00,51.5,77.5,20.9,81.0,2.08,233.0,5662,Nehru Nagar
2025-03-01 01:30:00+00:00,54.0,81.7,21.3,80.0,2.43,232.0,5662,Nehru Nagar
2025-03-01 02:30:00+00:00,50.0,75.0,24.0,69.5,2.7,247.0,5662,Nehru Nagar
2025-03-01 03:30:00+00:00,47.0,71.0,25.8,62.5,2.68,223.0,5662,Nehru Nagar
2025-03-01 04:30:00+00:00,44.0,67.0,27.3,58.3,3.33,237.0,5662,Nehru Nagar
2025-03-01 05:30:00+00:00,46.0,69.3,28.0,57.0,3.23,238.0,5662,Nehru Nagar
2025-03-01 06:30:00+00:00,47.0,69.5,28.6,55.3,3.33,238.0,5662,Nehru Nagar
2025-03-01 07:30:00+00:00,43.5,65.0,28.8,53.3,3.4,243.0,5662,Nehru Nagar
2025-03-01 08:30:00+00:00,38.7,58.0,29.2,51.0,3.0,247.0,5662,Nehru Nagar
2025-03-01 09:30:00+00:00,28.0,41.0,29.0,48.8,3.05,217.0,5662,Nehru Nagar
2025-03-01 10:30:00+00:00,25.3,37.3,28.6,49.3,2.27,246.0,5662,Nehru Nagar
2025-03-01 11:30:00+00:00,22.0,32.5,27.4,53.8,1.38,264.0,5662,Nehru Nagar
2025-03-01 12:30:00+00:00,21.0,31.0,26.1,57.5,0.725,251.0,5662,Nehru Nagar
2025-03-01 13:30:00+00:00,30.3,45.3,25.4,59.0,0.5,143.0,5662,Nehru Nagar
2025-03-01 14:30:00+00:00,49.0,73.5,24.5,62.3,0.35,175.0,5662,Nehru Nagar
2025-03-01 15:30:00+00:00,49.0,73.5,23.8,65.0,0.4,155.0,5662,Nehru Nagar
2025-03-01 16:30:00+00:00,41.5,62.5,23.2,65.3,0.6,287.0,5662,Nehru Nagar
2025-03-01 17:30:00+00:00,36.0,55.0,22.9,66.0,0.5,235.0,5662,Nehru Nagar
2025-03-01 18:30:00+00:00,26.0,40.0,22.2,68.0,1.05,259.0,5662,Nehru Nagar
2025-03-01 19:30:00+00:00,23.0,34.5,21.8,68.0,0.9,281.0,5662,Nehru Nagar
2025-03-01 20:30:00+00:00,20.0,29.7,21.4,68.7,1.93,276.0,5662,Nehru Nagar
2025-03-01 21:30:00+00:00,20.5,31.5,20.8,72.8,1.63,281.0,5662,Nehru Nagar
2025-03-01 22:30:00+00:00,22.5,34.5,20.5,74.3,1.43,286.0,5662,Nehru Nagar
2025-03-01 23:30:00+00:00,22.7,34.3,20.2,75.3,1.57,344.0,5662,Nehru Nagar
2025-03-02 00:30:00+00:00,24.5,36.5,20.1,75.8,1.58,346.0,5662,Nehru Nagar
2025-03-02 01:30:00+00:00,28.0,42.0,21.3,72.5,1.75,317.0,5662,Nehru Nagar
2025-03-02 02:30:00+00:00,27.5,41.5,24.1,59.8,2.3,315.0,5662,Nehru Nagar
2025-03-02 03:30:00+00:00,24.5,36.5,26.3,53.3,2.65,322.0,5662,Nehru Nagar
2025-03-02 04:30:00+00:00,22.5,33.0,28.3,45.0,3.1,309.0,5662,Nehru Nagar
2025-03-02 05:30:00+00:00,20.5,30.5,29.2,41.8,3.78,299.0,5662,Nehru Nagar
2025-03-02 06:30:00+00:00,18.5,27.5,29.8,41.0,4.18,278.0,5662,Nehru Nagar
2025-03-02 07:30:00+00:00,16.0,24.0,30.4,37.0,4.1,306.0,5662,Nehru Nagar
2025-03-02 08:30:00+00:00,11.5,18.0,31.1,32.0,3.25,305.0,5662,Nehru Nagar
2025-03-02 09:30:00+00:00,6.5,10.0,30.7,32.8,3.63,296.0,5662,Nehru Nagar
2025-03-02 10:30:00+00:00,6.5,9.5,29.5,34.5,3.8,310.0,5662,Nehru Nagar
2025-03-02 11:30:00+00:00,7.5,11.0,28.0,37.5,3.4,322.0,5662,Nehru Nagar
2025-03-02 12:30:00+00:00,9.5,14.5,26.5,41.5,2.1,319.0,5662,Nehru Nagar
2025-03-02 13:30:00+00:00,11.0,17.3,24.8,46.3,1.57,339.0,5662,Nehru Nagar
2025-03-02 14:30:00+00:00,19.5,30.0,24.0,47.0,1.75,348.0,5662,Nehru Nagar
2025-03-02 15:30:00+00:00,23.0,34.5,23.4,45.3,2.15,342.0,5662,Nehru Nagar
2025-03-02 16:30:00+00:00,17.0,25.0,23.2,43.7,2.5,338.0,5662,Nehru Nagar
2025-03-02 17:30:00+00:00,17.0,25.0,22.6,46.0,2.5,346.0,5662,Nehru Nagar
2025-03-02 18:30:00+00:00,20.0,30.0,21.2,49.0,2.1,335.0,5662,Nehru Nagar
2025-03-02 19:30:00+00:00,18.3,27.3,20.8,49.3,1.77,331.0,5662,Nehru Nagar
2025-03-02 20:30:00+00:00,18.0,26.5,20.0,50.0,2.33,342.0,5662,Nehru Nagar
2025-03-02 21:30:00+00:00,18.0,26.5,19.6,48.5,2.63,338.0,5662,Nehru Nagar
2025-03-02 22:30:00+00:00,15.7,24.0,18.9,50.0,2.47,337.0,5662,Nehru Nagar
2025-03-02 23:30:00+00:00,13.5,20.5,18.5,49.5,1.98,343.0,5662,Nehru Nagar
2025-03-03 00:30:00+00:00,10.5,15.5,18.5,49.0,1.88,346.0,5662,Nehru Nagar
2025-03-03 01:30:00+00:00,11.0,16.0,20.2,44.0,2.1,337.0,5662,Nehru Nagar
2025-03-03 02:30:00+00:00,11.0,16.5,22.6,36.8,2.4,322.0,5662,Nehru Nagar
2025-03-03 03:30:00+00:00,10.5,16.0,24.7,34.0,2.23,272.0,5662,Nehru Nagar
2025-03-03 04:30:00+00:00,12.3,18.3,26.9,31.0,2.3,223.0,5662,Nehru Nagar
2025-03-03 05:30:00+00:00,16.7,25.0,29.1,27.3,2.33,251.0,5662,Nehru Nagar
2025-03-03 06:30:00+00:00,12.0,18.0,29.4,26.5,3.55,284.0,5662,Nehru Nagar
2025-03-03 07:30:00+00:00,12.0,17.7,29.8,28.3,4.2,306.0,5662,Nehru Nagar
2025-03-03 08:30:00+00:00,11.3,16.3,30.1,29.3,3.93,294.0,5662,Nehru Nagar
2025-03-03 09:30:00+00:00,11.0,16.0,29.9,30.5,3.8,298.0,5662,Nehru Nagar
2025-03-03 10:30:00+00:00,9.0,14.0,28.7,32.5,2.8,248.0,5662,Nehru Nagar
2025-03-03 11:30:00+00:00,11.5,17.0,27.7,35.5,1.83,280.0,5662,Nehru Nagar
2025-03-03 12:30:00+00:00,15.0,22.5,26.4,39.5,1.1,186.0,5662,Nehru Nagar
2025-03-03 13:30:00+00:00,24.5,37.5,25.7,42.0,1.23,180.0,5662,Nehru Nagar
2025-03-03 14:30:00+00:00,35.0,53.0,25.0,43.8,1.1,169.0,5662,Nehru Nagar
2025-03-03 15:30:00+00:00,40.0,60.5,24.5,46.3,1.38,223.0,5662,Nehru Nagar
2025-03-03 16:30:00+00:00,43.5,65.0,24.0,48.5,1.2,226.0,5662,Nehru Nagar
2025-03-03 17:30:00+00:00,44.0,65.0,23.3,52.0,0.95,85.0,5662,Nehru Nagar
2025-03-03 18:30:00+00:00,26.0,40.0,23.0,52.0,0.95,63.5,5662,Nehru Nagar
2025-03-03 19:30:00+00:00,25.0,38.5,22.6,53.8,0.85,40.8,5662,Nehru Nagar
2025-03-03 20:30:00+00:00,24.0,36.0,22.1,56.5,0.475,37.8,5662,Nehru Nagar
2025-03-03 21:30:00+00:00,21.0,31.5,22.1,57.5,0.925,64.8,5662,Nehru Nagar
2025-03-03 22:30:00+00:00,16.0,24.5,22.2,56.0,1.03,89.5,5662,Nehru Nagar
2025-03-03 23:30:00+00:00,15.5,23.0,22.1,56.5,1.13,157.0,5662,Nehru Nagar
2025-03-04 00:30:00+00:00,23.5,35.5,22.1,56.8,1.58,225.0,5662,Nehru Nagar
2025-03-04 01:30:00+00:00,28.5,43.5,23.6,53.3,1.85,237.0,5662,Nehru Nagar
2025-03-04 02:30:00+00:00,26.0,39.5,25.4,48.8,3.88,276.0,5662,Nehru Nagar
2025-03-04 03:30:00+00:00,22.0,33.0,26.7,46.0,4.3,321.0,5662,Nehru Nagar
2025-03-04 04:30:00+00:00,15.5,22.5,28.4,41.8,4.23,313.0,5662,Nehru Nagar
2025-03-04 05:30:00+00:00,16.0,23.5,30.2,35.0,3.7,297.0,5662,Nehru Nagar
2025-03-04 06:30:00+00:00,16.5,25.0,31.2,30.3,3.45,271.0,5662,Nehru Nagar
2025-03-04 07:30:00+00:00,14.5,22.5,31.0,23.0,5.15,310.0,5662,Nehru Nagar
2025-03-04 08:30:00+00:00,11.5,18.0,30.9,23.5,5.35,314.0,5662,Nehru Nagar
2025-03-04 09:30:00+00:00,11.0,16.5,30.2,23.0,5.05,316.0,5662,Nehru Nagar
2025-03-04 10:30:00+00:00,12.0,17.5,28.9,26.5,4.63,323.0,5662,Nehru Nagar
2025-03-04 11:30:00+00:00,11.5,17.5,27.6,29.8,3.1,324.0,5662,Nehru Nagar
2025-03-04 12:30:00+00:00,10.5,16.0,25.8,33.8,3.43,332.0,5662,Nehru Nagar
2025-03-04 13:30:00+00:00,8.0,12.5,24.3,30.5,4.08,320.0,5662,Nehru Nagar
2025-03-04 14:30:00+00:00,6.5,10.0,23.5,31.3,4.0,324.0,5662,Nehru Nagar
2025-03-04 15:30:00+00:00,8.0,11.5,22.9,35.3,4.05,333.0,5662,Nehru Nagar
2025-03-04 16:30:00+00:00,9.0,13.0,22.0,40.3,5.08,332.0,5662,Nehru Nagar
2025-03-04 17:30:00+00:00,9.33,13.3,21.2,46.0,4.63,329.0,5662,Nehru Nagar
2025-03-04 18:30:00+00:00,13.0,19.0,19.8,55.5,3.65,320.0,5662,Nehru Nagar
2025-03-04 19:30:00+00:00,13.0,19.5,19.1,56.3,3.45,325.0,5662,Nehru Nagar
2025-03-04 20:30:00+00:00,14.5,21.5,18.2,61.8,4.03,310.0,5662,Nehru Nagar
2025-03-04 21:30:00+00:00,14.0,21.0,17.5,63.8,4.65,321.0,5662,Nehru Nagar
2025-03-04 22:30:00+00:00,11.5,17.5,16.9,64.5,4.88,305.0,5662,Nehru Nagar
2025-03-04 23:30:00+00:00,11.5,17.5,16.4,65.8,4.58,292.0,5662,Nehru Nagar
2025-03-05 00:30:00+00:00,13.0,19.5,16.0,65.3,4.13,286.0,5662,Nehru Nagar
2025-03-05 01:30:00+00:00,15.0,22.5,16.8,57.5,4.9,269.0,5662,Nehru Nagar
2025-03-05 02:30:00+00:00,14.0,21.7,18.3,45.0,5.67,300.0,5662,Nehru Nagar
2025-03-05 03:30:00+00:00,14.5,22.5,20.3,41.3,5.6,289.0,5662,Nehru Nagar
2025-03-05 04:30:00+00:00,14.5,22.0,22.3,32.3,5.73,291.0,5662,Nehru Nagar
2025-03-05 05:30:00+00:00,11.5,17.0,23.6,28.3,6.38,298.0,5662,Nehru Nagar
2025-03-05 06:30:00+00:00,8.5,12.5,24.7,25.8,6.6,304.0,5662,Nehru Nagar
2025-03-05 07:30:00+00:00,5.5,7.5,25.1,26.0,6.53,295.0,5662,Nehru Nagar
2025-03-05 08:30:00+00:00,3.0,4.0,25.9,24.8,5.98,303.0,5662,Nehru Nagar
2025-03-05 09:30:00+00:00,2.0,3.5,26.0,26.0,6.1,288.0,5662,Nehru Nagar
2025-03-05 10:30:00+00:00,4.5,7.0,25.5,27.3,5.55,317.0,5662,Nehru Nagar
2025-03-05 11:30:00+00:00,8.0,12.0,24.4,29.5,4.75,305.0,5662,Nehru Nagar
2025-03-05 12:30:00+00:00,8.5,13.0,23.2,32.0,4.6,313.0,5662,Nehru Nagar
2025-03-05 13:30:00+00:00,8.67,12.7,22.3,33.0,4.3,303.0,5662,Nehru Nagar
2025-03-05 14:30:00+00:00,7.0,11.0,21.6,33.0,4.6,298.0,5662,Nehru Nagar
2025-03-05 15:30:00+00:00,6.0,9.5,21.0,32.0,3.88,306.0,5662,Nehru Nagar
2025-03-05 16:30:00+00:00,5.5,8.0,20.8,30.8,4.7,300.0,5662,Nehru Nagar
2025-03-05 17:30:00+00:00,6.0,8.0,19.9,32.0,4.17,318.0,5662,Nehru Nagar
2025-03-05 18:30:00+00:00,9.0,13.0,18.9,35.0,4.1,330.0,5662,Nehru Nagar
2025-03-05 19:30:00+00:00,8.0,12.0,18.4,36.0,4.03,311.0,5662,Nehru Nagar
2025-03-05 20:30:00+00:00,7.67,11.7,17.9,37.0,4.87,301.0,5662,Nehru Nagar
2025-03-05 21:30:00+00:00,10.5,15.5,17.3,39.3,4.48,301.0,5662,Nehru Nagar
2025-03-05 22:30:00+00:00,11.5,17.0,16.8,40.5,4.1,292.0,5662,Nehru Nagar
2025-03-05 23:30:00+00:00,10.0,15.0,16.6,41.3,3.8,278.0,5662,Nehru Nagar
2025-03-06 00:30:00+00:00,10.0,15.5,16.3,43.3,2.73,252.0,5662,Nehru Nagar
2025-03-06 01:30:00+00:00,12.7,19.0,18.0,39.0,3.8,295.0,5662,Nehru Nagar
2025-03-06 02:30:00+00:00,14.5,21.5,20.0,35.8,4.25,282.0,5662,Nehru Nagar
2025-03-06 03:30:00+00:00,13.0,20.0,22.0,32.5,4.6,303.0,5662,Nehru Nagar
2025-03-06 04:30:00+00:00,13.0,19.5,23.7,29.8,4.9,289.0,5662,Nehru Nagar
2025-03-06 05:30:00+00:00,11.0,16.5,24.9,29.5,5.38,294.0,5662,Nehru Nagar
2025-03-06 06:30:00+00:00,6.0,10.0,26.3,25.0,4.85,299.0,5662,Nehru Nagar
2025-03-06 07:30:00+00:00,7.0,11.0,27.0,23.5,4.83,295.0,5662,Nehru Nagar
2025-03-06 08:30:00+00:00,6.0,9.5,27.7,23.5,4.63,291.0,5662,Nehru Nagar
2025-03-06 09:30:00+00:00,4.0,7.0,28.1,22.3,4.08,315.0,5662,Nehru Nagar
2025-03-06 10:30:00+00:00,6.0,10.0,27.5,23.8,3.38,314.0,5662,Nehru Nagar
2025-03-06 11:30:00+00:00,9.0,14.5,26.0,27.5,2.28,335.0,5662,Nehru Nagar
2025-03-06 12:30:00+00:00,26.5,39.5,24.3,32.0,1.08,340.0,5662,Nehru Nagar
2025-03-06 13:30:00+00:00,35.0,53.0,23.1,36.8,0.575,339.0,5662,Nehru Nagar
2025-03-06 14:30:00+00:00,44.5,67.5,22.3,39.3,0.325,17.0,5662,Nehru Nagar
2025-03-06 15:30:00+00:00,97.0,146.0,20.9,44.0,0.3,8.0,5662,Nehru Nagar
2025-03-06 16:30:00+00:00,131.0,196.0,20.2,48.0,0.3,8.5,5662,Nehru Nagar
2025-03-06 17:30:00+00:00,118.0,176.0,20.2,48.5,0.3,8.5,5662,Nehru Nagar
2025-03-06 18:30:00+00:00,90.0,134.0,19.3,52.5,0.3,8.0,5662,Nehru Nagar
2025-03-06 19:30:00+00:00,123.0,184.0,18.7,56.3,0.3,8.0,5662,Nehru Nagar
2025-03-06 20:30:00+00:00,125.0,187.0,18.6,56.3,0.3,9.0,5662,Nehru Nagar
2025-03-06 21:30:00+00:00,85.0,127.0,18.2,56.0,0.3,8.5,5662,Nehru Nagar
2025-03-06 22:30:00+00:00,73.0,109.0,18.1,54.8,0.425,28.0,5662,Nehru Nagar
2025-03-06 23:30:00+00:00,113.0,169.0,17.8,52.3,0.825,157.0,5662,Nehru Nagar
2025-03-07 00:30:00+00:00,148.0,222.0,17.7,50.0,1.13,253.0,5662,Nehru Nagar
2025-03-07 01:30:00+00:00,126.0,189.0,19.9,42.5,1.53,322.0,5662,Nehru Nagar
2025-03-07 02:30:00+00:00,93.0,140.0,23.8,36.3,1.48,256.0,5662,Nehru Nagar
2025-03-07 03:30:00+00:00,58.5,88.5,26.5,31.8,1.75,241.0,5662,Nehru Nagar
2025-03-07 04:30:00+00:00,40.5,60.5,28.8,25.3,1.95,215.0,5662,Nehru Nagar
2025-03-07 05:30:00+00:00,28.0,41.0,29.6,19.8,2.98,279.0,5662,Nehru Nagar
2025-03-07 06:30:00+00:00,14.0,21.0,29.9,20.0,3.58,257.0,5662,Nehru Nagar
2025-03-07 07:30:00+00:00,11.5,17.5,30.6,21.3,3.33,275.0,5662,Nehru Nagar
2025-03-07 08:30:00+00:00,12.5,18.5,30.8,21.8,3.23,283.0,5662,Nehru Nagar
2025-03-07 09:30:00+00:00,12.0,18.0,30.7,21.5,2.9,301.0,5662,Nehru Nagar
2025-03-07 10:30:00+00:00,11.0,16.0,29.8,22.8,2.68,290.0,5662,Nehru Nagar
2025-03-07 11:30:00+00:00,10.0,14.0,28.0,25.5,1.63,318.0,5662,Nehru Nagar
2025-03-07 12:30:00+00:00,19.0,28.0,26.1,29.8,0.8,348.0,5662,Nehru Nagar
2025-03-07 13:30:00+00:00,38.7,58.0,24.7,33.7,0.833,329.0,5662,Nehru Nagar
2025-03-07 14:30:00+00:00,47.0,71.0,24.0,35.0,0.55,206.0,5662,Nehru Nagar
2025-03-07 15:30:00+00:00,44.5,67.5,23.2,35.0,0.4,347.0,5662,Nehru Nagar
2025-03-07 16:30:00+00:00,49.5,74.5,21.7,41.5,0.3,348.0,5662,Nehru Nagar
2025-03-07 17:30:00+00:00,60.0,90.0,21.0,46.5,0.3,348.0,5662,Nehru Nagar
2025-03-07 18:30:00+00:00,49.0,73.0,21.4,41.5,0.8,349.0,5662,Nehru Nagar
2025-03-07 19:30:00+00:00,44.0,66.0,20.9,43.5,0.625,349.0,5662,Nehru Nagar
2025-03-07 20:30:00+00:00,44.5,66.5,20.7,43.5,0.675,349.0,5662,Nehru Nagar
2025-03-07 21:30:00+00:00,45.3,68.0,20.1,45.7,1.07,349.0,5662,Nehru Nagar
2025-03-07 22:30:00+00:00,42.5,63.5,19.6,47.8,0.625,303.0,5662,Nehru Nagar
2025-03-07 23:30:00+00:00,46.5,69.5,19.4,49.5,0.625,175.0,5662,Nehru Nagar
2025-03-08 00:30:00+00:00,72.5,109.0,19.1,51.0,0.75,269.0,5662,Nehru Nagar
2025-03-08 01:30:00+00:00,92.0,138.0,21.5,47.0,1.13,340.0,5662,Nehru Nagar
2025-03-08 02:30:00+00:00,78.5,119.0,23.9,40.8,1.9,312.0,5662,Nehru Nagar
2025-03-08 03:30:00+00:00,54.5,81.5,26.1,37.0,2.1,299.0,5662,Nehru Nagar
2025-03-08 04:30:00+00:00,36.7,54.0,27.9,33.0,2.17,288.0,5662,Nehru Nagar
2025-03-08 05:30:00+00:00,27.0,40.0,29.6,27.0,2.7,288.0,5662,Nehru Nagar
2025-03-08 06:30:00+00:00,21.5,32.5,30.2,26.5,3.15,271.0,5662,Nehru Nagar
2025-03-08 07:30:00+00:00,12.0,18.0,30.8,24.3,3.65,292.0,5662,Nehru Nagar
2025-03-08 08:30:00+00:00,16.0,24.0,30.9,23.3,4.33,311.0,5662,Nehru Nagar
2025-03-08 09:30:00+00:00,16.5,24.5,31.0,23.8,3.83,307.0,5662,Nehru Nagar
2025-03-08 10:30:00+00:00,9.0,13.0,30.3,23.8,3.28,315.0,5662,Nehru Nagar
2025-03-08 11:30:00+00:00,8.0,12.0,28.5,27.0,1.97,312.0,5662,Nehru Nagar
2025-03-08 13:30:00+00:00,62.0,94.0,25.1,36.7,0.3,270.0,5662,Nehru Nagar
2025-03-08 14:30:00+00:00,66.5,101.0,24.3,40.3,0.325,5.25,5662,Nehru Nagar
2025-03-08 15:30:00+00:00,77.5,117.0,23.3,45.0,0.35,108.0,5662,Nehru Nagar
2025-03-08 16:30:00+00:00,94.5,142.0,22.4,47.5,0.3,113.0,5662,Nehru Nagar
2025-03-08 17:30:00+00:00,105.0,157.0,22.0,51.5,0.3,114.0,5662,Nehru Nagar
2025-03-08 18:30:00+00:00,137.0,205.0,21.2,55.0,0.3,349.0,5662,Nehru Nagar
2025-03-08 19:30:00+00:00,139.0,208.0,20.7,59.5,0.475,150.0,5662,Nehru Nagar
2025-03-08 20:30:00+00:00,126.0,189.0,20.3,62.0,0.3,110.0,5662,Nehru Nagar
2025-03-08 21:30:00+00:00,113.0,169.0,19.9,63.8,0.3,110.0,5662,Nehru Nagar
2025-03-08 22:30:00+00:00,121.0,181.0,19.5,64.0,0.3,110.0,5662,Nehru Nagar
2025-03-08 23:30:00+00:00,131.0,197.0,19.6,65.0,0.325,211.0,5662,Nehru Nagar
2025-03-09 00:30:00+00:00,168.0,252.0,20.5,59.3,0.667,52.3,5662,Nehru Nagar
2025-03-09 01:30:00+00:00,181.0,271.0,22.5,45.8,1.2,76.0,5662,Nehru Nagar
2025-03-09 02:30:00+00:00,154.0,231.0,25.5,35.8,1.45,87.5,5662,Nehru Nagar
2025-03-09 03:30:00+00:00,99.5,150.0,28.3,31.0,1.7,121.0,5662,Nehru Nagar
2025-03-09 04:30:00+00:00,61.0,91.0,30.7,27.5,1.53,163.0,5662,Nehru Nagar
2025-03-09 05:30:00+00:00,46.0,68.0,32.0,26.0,1.8,213.0,5662,Nehru Nagar
2025-03-09 06:30:00+00:00,36.0,54.0,32.1,27.0,2.37,198.0,5662,Nehru Nagar
2025-03-09 07:30:00+00:00,31.0,47.0,32.9,24.5,2.15,204.0,5662,Nehru Nagar
2025-03-09 08:30:00+00:00,24.5,37.5,33.7,22.0,1.88,222.0,5662,Nehru Nagar
2025-03-09 09:30:00+00:00,25.3,38.7,33.1,23.7,2.2,215.0,5662,Nehru Nagar
2025-03-09 10:30:00+00:00,24.5,36.5,32.5,21.3,1.55,275.0,5662,Nehru Nagar
2025-03-09 11:30:00+00:00,24.0,36.0,29.9,27.0,0.525,335.0,5662,Nehru Nagar
2025-03-09 12:30:00+00:00,51.5,77.5,27.4,35.3,0.3,271.0,5662,Nehru Nagar
2025-03-09 13:30:00+00:00,81.5,122.0,25.9,41.0,0.3,348.0,5662,Nehru Nagar
2025-03-09 14:30:00+00:00,94.0,140.0,25.3,43.8,0.35,312.0,5662,Nehru Nagar
2025-03-09 15:30:00+00:00,172.0,257.0,25.2,45.8,0.6,172.0,5662,Nehru Nagar
2025-03-09 16:30:00+00:00,199.0,298.0,25.2,43.0,1.03,201.0,5662,Nehru Nagar
2025-03-09 17:30:00+00:00,156.0,234.0,24.9,43.5,0.8,192.0,5662,Nehru Nagar
2025-03-09 18:30:00+00:00,67.0,101.0,23.5,48.0,0.8,185.0,5662,Nehru Nagar
2025-03-09 19:30:00+00:00,64.0,96.7,24.1,44.0,2.13,236.0,5662,Nehru Nagar
2025-03-09 20:30:00+00:00,54.0,82.0,23.2,46.3,2.15,203.0,5662,Nehru Nagar
2025-03-09 21:30:00+00:00,47.3,71.3,22.6,48.0,1.58,186.0,5662,Nehru Nagar
2025-03-09 22:30:00+00:00,51.3,76.0,22.2,48.3,1.4,182.0,5662,Nehru Nagar
2025-03-09 23:30:00+00:00,56.7,84.7,21.7,49.8,1.45,141.0,5662,Nehru Nagar
2025-03-10 00:30:00+00:00,64.7,98.0,21.4,51.5,1.88,120.0,5662,Nehru Nagar
2025-03-10 01:30:00+00:00,71.7,108.0,23.0,47.3,1.55,139.0,5662,Nehru Nagar
2025-03-10 02:30:00+00:00,76.0,115.0,25.9,40.0,2.05,120.0,5662,Nehru Nagar
2025-03-10 03:30:00+00:00,78.5,119.0,28.9,32.7,2.37,155.0,5662,Nehru Nagar
2025-03-10 04:30:00+00:00,65.3,98.3,30.5,31.5,2.38,132.0,5662,Nehru Nagar
2025-03-10 05:30:00+00:00,35.7,53.3,31.5,30.0,2.68,184.0,5662,Nehru Nagar
2025-03-10 06:30:00+00:00,30.0,44.7,32.2,30.0,2.63,191.0,5662,Nehru Nagar
2025-03-10 07:30:00+00:00,28.0,42.0,32.8,29.3,2.38,227.0,5662,Nehru Nagar
2025-03-10 08:30:00+00:00,29.0,43.7,33.0,30.8,2.08,214.0,5662,Nehru Nagar
2025-03-10 09:30:00+00:00,30.7,46.3,32.8,30.5,2.1,227.0,5662,Nehru Nagar
2025-03-10 10:30:00+00:00,30.3,45.7,32.0,32.3,1.85,257.0,5662,Nehru Nagar
2025-03-10 11:30:00+00:00,31.3,47.7,30.3,34.3,0.975,281.0,5662,Nehru Nagar
2025-03-10 12:30:00+00:00,38.7,58.3,28.1,40.8,0.35,287.0,5662,Nehru Nagar
2025-03-10 13:30:00+00:00,53.7,80.0,27.1,44.0,0.3,92.0,5662,Nehru Nagar
2025-03-10 14:30:00+00:00,64.3,97.0,26.0,50.0,0.3,92.0,5662,Nehru Nagar
2025-03-10 15:30:00+00:00,79.0,119.0,25.5,52.7,0.3,92.0,5662,Nehru Nagar
2025-03-10 16:30:00+00:00,111.0,167.0,24.7,56.5,0.3,92.0,5662,Nehru Nagar
2025-03-10 17:30:00+00:00,111.0,167.0,24.4,58.0,0.35,106.0,5662,Nehru Nagar
2025-03-10 18:30:00+00:00,169.0,254.0,23.4,61.5,0.3,113.0,5662,Nehru Nagar
2025-03-10 19:30:00+00:00,138.0,208.0,23.0,64.3,0.3,168.0,5662,Nehru Nagar
2025-03-10 20:30:00+00:00,105.0,157.0,22.5,65.0,0.3,349.0,5662,Nehru Nagar
2025-03-10 21:30:00+00:00,97.0,146.0,22.0,67.5,0.375,337.0,5662,Nehru Nagar
2025-03-10 22:30:00+00:00,94.0,142.0,21.6,70.0,0.4,161.0,5662,Nehru Nagar
2025-03-10 23:30:00+00:00,91.5,138.0,21.5,68.0,0.3,44.3,5662,Nehru Nagar
2025-03-11 00:30:00+00:00,111.0,166.0,21.6,68.0,0.3,46.8,5662,Nehru Nagar
2025-03-11 01:30:00+00:00,125.0,188.0,24.8,55.8,0.55,94.8,5662,Nehru Nagar
2025-03-11 02:30:00+00:00,134.0,201.0,27.9,42.8,1.18,117.0,5662,Nehru Nagar
2025-03-11 03:30:00+00:00,108.0,162.0,29.3,39.3,1.9,115.0,5662,Nehru Nagar
2025-03-11 04:30:00+00:00,60.5,91.5,31.1,37.3,2.1,141.0,5662,Nehru Nagar
2025-03-11 05:30:00+00:00,47.0,71.0,32.6,33.8,2.05,123.0,5662,Nehru Nagar
2025-03-11 06:30:00+00:00,35.7,53.3,33.6,30.3,2.47,162.0,5662,Nehru Nagar
2025-03-11 07:30:00+00:00,29.5,43.5,34.6,29.8,2.53,215.0,5662,Nehru Nagar
2025-03-11 08:30:00+00:00,25.0,36.5,34.6,28.8,3.43,299.0,5662,Nehru Nagar
2025-03-11 09:30:00+00:00,20.0,29.5,34.7,29.3,2.65,241.0,5662,Nehru Nagar
2025-03-11 10:30:00+00:00,17.5,26.5,33.9,31.5,2.3,259.0,5662,Nehru Nagar
2025-03-11 11:30:00+00:00,17.0,26.0,32.4,34.3,1.47,340.0,5662,Nehru Nagar
2025-03-11 12:30:00+00:00,20.0,30.7,30.0,40.3,0.333,348.0,5662,Nehru Nagar
2025-03-11 13:30:00+00:00,36.0,54.7,28.5,46.7,0.3,348.0,5662,Nehru Nagar
2025-03-11 14:30:00+00:00,63.5,95.5,27.3,53.0,0.3,348.0,5662,Nehru Nagar
2025-03-11 15:30:00+00:00,87.0,131.0,26.7,54.8,0.3,348.0,5662,Nehru Nagar
2025-03-11 16:30:00+00:00,114.0,171.0,25.9,57.0,0.3,348.0,5662,Nehru Nagar
2025-03-11 17:30:00+00:00,125.0,187.0,25.7,57.0,0.35,327.0,5662,Nehru Nagar
2025-03-11 18:30:00+00:00,55.0,83.0,25.4,54.5,0.3,260.0,5662,Nehru Nagar
2025-03-11 19:30:00+00:00,65.5,98.5,25.0,56.0,0.5,289.0,5662,Nehru Nagar
2025-03-11 20:30:00+00:00,74.5,112.0,24.9,54.0,0.55,187.0,5662,Nehru Nagar
2025-03-11 21:30:00+00:00,64.0,95.5,24.2,56.3,0.425,349.0,5662,Nehru Nagar
2025-03-11 22:30:00+00:00,54.0,81.0,23.9,57.3,0.725,150.0,5662,Nehru Nagar
2025-03-11 23:30:00+00:00,69.0,104.0,23.3,60.3,0.55,61.8,5662,Nehru Nagar
2025-03-12 00:30:00+00:00,86.0,129.0,23.4,60.5,0.625,135.0,5662,Nehru Nagar
2025-03-12 01:30:00+00:00,106.0,159.0,25.6,53.8,1.23,317.0,5662,Nehru Nagar
2025-03-12 02:30:00+00:00,98.0,147.0,28.0,47.3,2.13,323.0,5662,Nehru Nagar
2025-03-12 03:30:00+00:00,66.0,98.7,29.1,47.0,2.63,335.0,5662,Nehru Nagar
2025-03-12 04:30:00+00:00,54.5,82.0,32.1,41.8,2.08,280.0,5662,Nehru Nagar
2025-03-12 05:30:00+00:00,53.5,80.5,34.1,36.8,2.65,284.0,5662,Nehru Nagar
2025-03-12 06:30:00+00:00,49.0,73.5,34.4,35.0,3.38,278.0,5662,Nehru Nagar
2025-03-12 07:30:00+00:00,41.0,62.0,34.8,35.5,3.63,287.0,5662,Nehru Nagar
2025-03-12 08:30:00+00:00,36.0,54.0,34.7,34.5,4.05,315.0,5662,Nehru Nagar
2025-03-12 09:30:00+00:00,32.0,47.5,34.8,34.3,3.68,282.0,5662,Nehru Nagar
2025-03-12 10:30:00+00:00,33.5,50.5,33.9,38.3,3.23,325.0,5662,Nehru Nagar
2025-03-12 11:30:00+00:00,37.0,56.0,32.2,42.0,2.18,340.0,5662,Nehru Nagar
2025-03-12 12:30:00+00:00,37.0,56.0,30.2,45.0,1.37,347.0,5662,Nehru Nagar
2025-03-12 13:30:00+00:00,37.5,56.5,29.6,45.5,1.58,345.0,5662,Nehru Nagar
2025-03-12 14:30:00+00:00,38.0,57.5,28.8,45.3,1.18,348.0,5662,Nehru Nagar
2025-03-12 15:30:00+00:00,40.7,61.3,28.1,47.7,0.867,348.0,5662,Nehru Nagar
2025-03-12 16:30:00+00:00,47.0,70.0,27.0,51.0,0.65,348.0,5662,Nehru Nagar
2025-03-12 17:30:00+00:00,47.0,70.0,26.8,50.0,1.35,348.0,5662,Nehru Nagar
2025-03-12 18:30:00+00:00,37.0,55.0,26.4,47.0,1.25,345.0,5662,Nehru Nagar
2025-03-12 19:30:00+00:00,35.7,53.3,25.9,49.0,1.8,343.0,5662,Nehru Nagar
2025-03-12 20:30:00+00:00,31.5,47.5,25.4,49.3,1.53,286.0,5662,Nehru Nagar
2025-03-12 21:30:00+00:00,30.5,46.0,24.7,51.3,1.38,346.0,5662,Nehru Nagar
2025-03-12 22:30:00+00:00,32.5,49.0,24.2,53.5,0.875,248.0,5662,Nehru Nagar
2025-03-12 23:30:00+00:00,50.0,75.0,23.8,57.0,1.3,283.0,5662,Nehru Nagar
2025-03-13 00:30:00+00:00,74.0,111.0,23.6,59.8,0.825,230.0,5662,Nehru Nagar
2025-03-13 01:30:00+00:00,76.5,115.0,25.2,55.3,1.43,238.0,5662,Nehru Nagar
2025-03-13 02:30:00+00:00,65.0,98.0,27.6,49.0,1.7,245.0,5662,Nehru Nagar
2025-03-13 03:30:00+00:00,58.5,87.5,29.7,43.5,2.1,313.0,5662,Nehru Nagar
2025-03-13 04:30:00+00:00,52.5,78.0,32.1,37.3,1.75,251.0,5662,Nehru Nagar
2025-03-13 05:30:00+00:00,36.0,53.5,33.7,31.0,2.38,245.0,5662,Nehru Nagar
2025-03-13 06:30:00+00:00,31.0,47.0,35.2,31.0,2.5,232.0,5662,Nehru Nagar
2025-03-13 07:30:00+00:00,29.5,44.0,35.5,31.5,2.35,283.0,5662,Nehru Nagar
2025-03-13 08:30:00+00:00,25.5,38.0,36.1,31.0,2.33,266.0,5662,Nehru Nagar
2025-03-13 09:30:00+00:00,23.0,34.5,35.3,32.0,2.9,293.0,5662,Nehru Nagar
2025-03-13 10:30:00+00:00,24.0,36.0,33.6,37.3,2.43,262.0,5662,Nehru Nagar
2025-03-13 11:30:00+00:00,31.0,46.5,32.1,39.5,1.28,257.0,5662,Nehru Nagar
2025-03-13 12:30:00+00:00,47.0,70.5,30.1,45.0,0.725,145.0,5662,Nehru Nagar
2025-03-13 13:30:00+00:00,111.0,167.0,29.3,47.5,0.425,75.5,5662,Nehru Nagar
2025-03-13 14:30:00+00:00,124.0,186.0,28.6,50.8,0.575,275.0,5662,Nehru Nagar
2025-03-13 15:30:00+00:00,75.0,113.0,28.1,49.8,2.68,335.0,5662,Nehru Nagar
2025-03-13 16:30:00+00:00,44.5,66.5,26.3,47.3,4.48,329.0,5662,Nehru Nagar
2025-03-13 17:30:00+00:00,22.0,33.0,25.9,47.0,1.85,292.0,5662,Nehru Nagar
2025-03-13 18:30:00+00:00,160.0,240.0,26.8,43.5,0.6,111.0,5662,Nehru Nagar
2025-03-13 19:30:00+00:00,222.0,334.0,26.3,45.8,0.9,180.0,5662,Nehru Nagar
2025-03-13 20:30:00+00:00,218.0,328.0,25.8,45.8,2.1,291.0,5662,Nehru Nagar
2025-03-13 21:30:00+00:00,90.5,136.0,25.0,47.3,0.65,275.0,5662,Nehru Nagar
2025-03-13 22:30:00+00:00,38.5,57.5,24.6,50.8,0.475,243.0,5662,Nehru Nagar
2025-03-13 23:30:00+00:00,66.5,100.0,24.5,53.0,1.03,236.0,5662,Nehru Nagar
2025-03-14 00:30:00+00:00,84.5,127.0,24.4,54.5,0.55,151.0,5662,Nehru Nagar
2025-03-14 01:30:00+00:00,105.0,157.0,25.9,51.3,0.8,221.0,5662,Nehru Nagar
2025-03-14 02:30:00+00:00,161.0,241.0,27.7,45.5,1.18,292.0,5662,Nehru Nagar
2025-03-14 03:30:00+00:00,125.0,188.0,30.4,37.0,1.83,288.0,5662,Nehru Nagar
2025-03-14 04:30:00+00:00,56.0,84.0,31.5,36.3,2.25,289.0,5662,Nehru Nagar
2025-03-14 05:30:00+00:00,31.0,46.0,33.6,32.5,1.8,261.0,5662,Nehru Nagar
2025-03-14 06:30:00+00:00,23.5,34.5,34.6,28.8,2.3,276.0,5662,Nehru Nagar
2025-03-14 07:30:00+00:00,21.0,31.0,35.3,30.0,2.0,295.0,5662,Nehru Nagar
2025-03-14 08:30:00+00:00,21.0,31.0,35.3,28.5,2.35,254.0,5662,Nehru Nagar
2025-03-14 09:30:00+00:00,18.0,27.0,35.5,27.8,2.0,247.0,5662,Nehru Nagar
2025-03-14 10:30:00+00:00,14.5,22.5,34.8,29.8,1.8,242.0,5662,Nehru Nagar
2025-03-14 11:30:00+00:00,16.0,24.0,32.6,35.5,1.85,207.0,5662,Nehru Nagar
2025-03-14 12:30:00+00:00,19.5,28.5,30.8,38.5,1.18,164.0,5662,Nehru Nagar
2025-03-14 13:30:00+00:00,34.0,50.5,29.4,41.5,0.45,309.0,5662,Nehru Nagar
2025-03-14 14:30:00+00:00,70.5,106.0,28.3,46.8,0.3,348.0,5662,Nehru Nagar
2025-03-14 15:30:00+00:00,92.0,138.0,28.1,47.8,0.3,348.0,5662,Nehru Nagar
2025-03-14 16:30:00+00:00,77.0,115.0,28.3,48.3,1.5,309.0,5662,Nehru Nagar
2025-03-14 17:30:00+00:00,49.5,74.0,27.0,52.0,1.7,242.0,5662,Nehru Nagar
2025-03-14 18:30:00+00:00,29.0,43.0,26.2,52.0,1.0,182.0,5662,Nehru Nagar
2025-03-14 19:30:00+00:00,30.0,44.5,26.1,51.8,1.35,198.0,5662,Nehru Nagar
2025-03-14 20:30:00+00:00,30.0,45.0,25.7,52.0,0.775,241.0,5662,Nehru Nagar
2025-03-14 21:30:00+00:00,30.5,46.0,25.6,52.0,0.6,217.0,5662,Nehru Nagar
2025-03-14 22:30:00+00:00,32.0,48.5,25.5,51.3,0.9,64.3,5662,Nehru Nagar
2025-03-14 23:30:00+00:00,32.0,48.5,24.6,53.0,1.05,154.0,5662,Nehru Nagar
2025-03-15 00:30:00+00:00,41.0,62.0,25.0,52.3,0.8,79.8,5662,Nehru Nagar
2025-03-15 01:30:00+00:00,46.5,70.0,26.1,52.0,1.1,254.0,5662,Nehru Nagar
2025-03-15 02:30:00+00:00,50.0,75.0,29.4,41.8,1.33,110.0,5662,Nehru Nagar
2025-03-15 03:30:00+00:00,50.0,75.0,31.5,36.8,1.78,169.0,5662,Nehru Nagar
2025-03-15 04:30:00+00:00,38.0,57.0,32.8,36.0,2.4,202.0,5662,Nehru Nagar
2025-03-15 05:30:00+00:00,33.0,50.0,34.4,33.0,2.58,177.0,5662,Nehru Nagar
2025-03-15 06:30:00+00:00,28.5,43.0,35.4,32.5,2.75,188.0,5662,Nehru Nagar
2025-03-15 07:30:00+00:00,24.5,37.0,36.2,30.8,2.53,205.0,5662,Nehru Nagar
2025-03-15 08:30:00+00:00,23.0,35.0,36.8,28.3,2.38,252.0,5662,Nehru Nagar
2025-03-15 09:30:00+00:00,20.0,30.5,36.8,27.8,2.1,224.0,5662,Nehru Nagar
2025-03-15 10:30:00+00:00,18.5,28.0,36.4,29.0,1.45,206.0,5662,Nehru Nagar
2025-03-15 11:30:00+00:00,20.5,30.5,34.5,33.0,0.875,280.0,5662,Nehru Nagar
2025-03-15 12:30:00+00:00,39.0,58.0,31.7,39.0,0.367,348.0,5662,Nehru Nagar
2025-03-15 13:30:00+00:00,50.5,75.5,30.6,43.3,0.375,348.0,5662,Nehru Nagar
2025-03-15 14:30:00+00:00,63.0,94.5,29.9,46.0,0.4,147.0,5662,Nehru Nagar
2025-03-15 15:30:00+00:00,74.5,112.0,29.3,48.0,0.4,107.0,5662,Nehru Nagar
2025-03-15 16:30:00+00:00,67.0,101.0,28.9,48.3,0.9,155.0,5662,Nehru Nagar
2025-03-15 17:30:00+00:00,57.0,86.0,28.4,49.0,0.85,175.0,5662,Nehru Nagar
2025-03-15 18:30:00+00:00,50.0,75.0,27.7,49.5,0.65,111.0,5662,Nehru Nagar
2025-03-15 19:30:00+00:00,50.3,75.7,27.1,52.3,0.433,147.0,5662,Nehru Nagar
2025-03-15 20:30:00+00:00,47.7,71.7,27.2,49.7,0.967,230.0,5662,Nehru Nagar
2025-03-15 21:30:00+00:00,44.0,66.0,26.8,51.0,0.875,242.0,5662,Nehru Nagar
2025-03-15 22:30:00+00:00,45.5,68.5,25.6,57.8,0.825,220.0,5662,Nehru Nagar
2025-03-15 23:30:00+00:00,46.5,70.0,25.5,57.5,0.75,251.0,5662,Nehru Nagar
2025-03-16 00:30:00+00:00,53.0,79.3,25.5,57.3,0.633,253.0,5662,Nehru Nagar
2025-03-16 01:30:00+00:00,75.0,112.0,27.5,50.3,1.3,116.0,5662,Nehru Nagar
2025-03-16 02:30:00+00:00,64.5,97.0,29.9,42.5,1.75,218.0,5662,Nehru Nagar
2025-03-16 03:30:00+00:00,50.0,76.0,31.7,40.3,2.23,228.0,5662,Nehru Nagar
2025-03-16 04:30:00+00:00,41.0,62.0,33.3,36.5,2.78,213.0,5662,Nehru Nagar
2025-03-16 05:30:00+00:00,27.0,40.5,34.7,35.0,2.5,263.0,5662,Nehru Nagar
2025-03-16 06:30:00+00:00,23.5,35.0,35.2,32.5,2.98,228.0,5662,Nehru Nagar
2025-03-16 07:30:00+00:00,20.5,30.5,35.9,29.8,2.63,253.0,5662,Nehru Nagar
2025-03-16 08:30:00+00:00,17.0,25.5,36.5,27.0,2.45,299.0,5662,Nehru Nagar
2025-03-16 09:30:00+00:00,15.5,23.0,36.1,27.0,2.43,268.0,5662,Nehru Nagar
2025-03-16 10:30:00+00:00,11.5,17.0,35.1,28.5,2.3,293.0,5662,Nehru Nagar
2025-03-16 11:30:00+00:00,10.5,16.0,33.4,30.5,1.6,331.0,5662,Nehru Nagar
2025-03-16 12:30:00+00:00,13.5,20.0,31.4,35.8,1.63,346.0,5662,Nehru Nagar
2025-03-16 13:30:00+00:00,20.5,30.0,30.2,40.3,1.88,337.0,5662,Nehru Nagar
2025-03-16 14:30:00+00:00,23.5,35.0,29.1,44.3,2.15,331.0,5662,Nehru Nagar
2025-03-16 15:30:00+00:00,20.0,30.0,28.2,47.3,1.85,316.0,5662,Nehru Nagar
2025-03-16 16:30:00+00:00,21.5,32.0,27.4,50.5,1.93,259.0,5662,Nehru Nagar
2025-03-16 17:30:00+00:00,25.0,37.0,27.0,52.5,2.0,308.0,5662,Nehru Nagar
2025-03-16 18:30:00+00:00,21.0,32.0,25.9,54.0,3.1,316.0,5662,Nehru Nagar
2025-03-16 19:30:00+00:00,22.3,34.0,25.3,53.3,3.3,305.0,5662,Nehru Nagar
2025-03-16 20:30:00+00:00,24.3,36.7,24.6,54.0,3.03,285.0,5662,Nehru Nagar
2025-03-16 21:30:00+00:00,22.3,33.3,23.8,56.3,2.68,279.0,5662,Nehru Nagar
2025-03-16 22:30:00+00:00,21.3,32.0,23.3,57.0,2.53,269.0,5662,Nehru Nagar
2025-03-16 23:30:00+00:00,22.0,32.0,23.0,58.0,2.63,273.0,5662,Nehru Nagar
2025-03-17 00:30:00+00:00,23.0,34.0,22.5,59.5,2.9,318.0,5662,Nehru Nagar
2025-03-17 01:30:00+00:00,25.3,37.7,24.0,53.7,2.07,260.0,5662,Nehru Nagar
2025-03-17 02:30:00+00:00,41.0,61.0,27.0,44.5,2.4,302.0,5662,Nehru Nagar
2025-03-17 03:30:00+00:00,37.5,56.0,28.5,41.0,1.98,329.0,5662,Nehru Nagar
2025-03-17 04:30:00+00:00,39.0,59.0,30.2,35.5,2.58,311.0,5662,Nehru Nagar
2025-03-17 05:30:00+00:00,34.5,52.0,32.5,27.0,2.98,310.0,5662,Nehru Nagar
2025-03-17 06:30:00+00:00,21.0,31.0,33.0,23.0,3.15,297.0,5662,Nehru Nagar
2025-03-17 07:30:00+00:00,15.0,22.5,33.4,21.3,3.58,300.0,5662,Nehru Nagar
2025-03-17 08:30:00+00:00,8.5,12.5,33.4,20.3,3.95,299.0,5662,Nehru Nagar
2025-03-17 09:30:00+00:00,3.5,5.0,33.0,20.8,4.45,314.0,5662,Nehru Nagar
2025-03-17 10:30:00+00:00,4.0,6.5,32.1,23.5,3.98,317.0,5662,Nehru Nagar
2025-03-17 11:30:00+00:00,9.0,13.5,30.5,26.5,3.28,328.0,5662,Nehru Nagar
2025-03-17 12:30:00+00:00,13.0,19.0,28.6,31.5,2.48,336.0,5662,Nehru Nagar
2025-03-17 13:30:00+00:00,15.0,22.5,27.5,34.8,2.68,337.0,5662,Nehru Nagar
2025-03-17 14:30:00+00:00,18.5,28.0,26.6,36.8,2.45,337.0,5662,Nehru Nagar
2025-03-17 15:30:00+00:00,20.0,30.5,25.9,38.3,2.38,337.0,5662,Nehru Nagar
2025-03-17 16:30:00+00:00,22.5,34.5,25.2,40.0,2.33,339.0,5662,Nehru Nagar
2025-03-17 17:30:00+00:00,24.0,36.3,24.4,42.7,2.73,327.0,5662,Nehru Nagar
2025-03-17 18:30:00+00:00,26.0,39.0,23.8,47.5,2.35,346.0,5662,Nehru Nagar
2025-03-17 19:30:00+00:00,25.5,38.5,23.4,49.3,2.1,340.0,5662,Nehru Nagar
2025-03-17 20:30:00+00:00,27.0,40.5,22.8,51.3,2.13,341.0,5662,Nehru Nagar
2025-03-17 21:30:00+00:00,27.5,41.5,22.2,53.3,2.2,333.0,5662,Nehru Nagar
2025-03-17 22:30:00+00:00,26.5,40.5,21.6,56.3,1.93,345.0,5662,Nehru Nagar
2025-03-17 23:30:00+00:00,30.5,45.5,21.1,59.0,1.88,336.0,5662,Nehru Nagar
2025-03-18 00:30:00+00:00,36.0,54.0,21.4,59.0,1.85,271.0,5662,Nehru Nagar
2025-03-18 01:30:00+00:00,40.5,61.0,22.6,56.5,2.13,261.0,5662,Nehru Nagar
2025-03-18 02:30:00+00:00,38.5,57.5,24.4,50.8,3.1,290.0,5662,Nehru Nagar
2025-03-18 03:30:00+00:00,33.0,50.0,26.0,46.3,3.18,289.0,5662,Nehru Nagar
2025-03-18 04:30:00+00:00,30.5,46.0,27.7,37.5,3.78,292.0,5662,Nehru Nagar
2025-03-18 05:30:00+00:00,21.5,32.0,29.7,31.0,3.8,279.0,5662,Nehru Nagar
2025-03-18 06:30:00+00:00,15.0,22.0,30.8,26.3,3.78,290.0,5662,Nehru Nagar
2025-03-18 07:30:00+00:00,10.0,14.3,31.1,20.7,4.37,272.0,5662,Nehru Nagar
2025-03-18 08:30:00+00:00,9.0,13.5,31.7,24.0,3.4,283.0,5662,Nehru Nagar
2025-03-18 09:30:00+00:00,9.0,13.5,31.4,23.8,4.5,292.0,5662,Nehru Nagar
2025-03-18 10:30:00+00:00,11.5,16.5,30.9,27.3,3.53,298.0,5662,Nehru Nagar
2025-03-18 11:30:00+00:00,16.0,23.0,29.4,30.3,3.0,316.0,5662,Nehru Nagar
2025-03-18 12:30:00+00:00,17.5,26.0,27.6,33.5,2.1,346.0,5662,Nehru Nagar
2025-03-18 13:30:00+00:00,21.0,31.5,26.6,36.0,2.05,338.0,5662,Nehru Nagar
2025-03-18 14:30:00+00:00,24.5,36.5,25.8,37.8,1.9,336.0,5662,Nehru Nagar
2025-03-18 15:30:00+00:00,25.0,37.5,25.0,38.8,1.83,344.0,5662,Nehru Nagar
2025-03-18 16:30:00+00:00,22.5,34.0,24.2,39.8,1.5,344.0,5662,Nehru Nagar
2025-03-18 17:30:00+00:00,21.0,32.0,23.9,39.0,1.3,348.0,5662,Nehru Nagar
2025-03-18 18:30:00+00:00,19.0,28.0,23.6,39.5,0.85,349.0,5662,Nehru Nagar
2025-03-18 19:30:00+00:00,20.0,30.0,23.0,41.8,0.6,250.0,5662,Nehru Nagar
2025-03-18 20:30:00+00:00,31.5,47.5,22.2,43.8,1.23,349.0,5662,Nehru Nagar
2025-03-18 21:30:00+00:00,30.5,46.0,22.0,42.5,1.88,342.0,5662,Nehru Nagar
2025-03-18 22:30:00+00:00,22.5,34.5,21.5,45.5,1.98,341.0,5662,Nehru Nagar
2025-03-18 23:30:00+00:00,26.5,40.5,20.9,47.8,1.1,277.0,5662,Nehru Nagar
2025-03-19 00:30:00+00:00,30.0,45.5,21.5,49.8,0.875,342.0,5662,Nehru Nagar
2025-03-19 01:30:00+00:00,39.5,59.5,24.2,45.0,1.25,290.0,5662,Nehru Nagar
2025-03-19 02:30:00+00:00,43.5,65.0,26.8,38.8,1.45,292.0,5662,Nehru Nagar
2025-03-19 03:30:00+00:00,35.0,52.5,29.2,35.5,1.65,230.0,5662,Nehru Nagar
2025-03-19 04:30:00+00:00,29.5,44.5,30.3,31.0,2.43,271.0,5662,Nehru Nagar
2025-03-19 05:30:00+00:00,26.7,40.0,31.8,25.3,2.17,208.0,5662,Nehru Nagar
2025-03-19 06:30:00+00:00,18.0,26.7,32.6,22.7,2.73,277.0,5662,Nehru Nagar
2025-03-19 07:30:00+00:00,18.5,27.5,33.3,21.8,2.65,227.0,5662,Nehru Nagar
2025-03-19 08:30:00+00:00,15.5,23.5,33.5,20.3,3.13,256.0,5662,Nehru Nagar
2025-03-19 09:30:00+00:00,9.5,15.0,33.8,20.0,2.53,309.0,5662,Nehru Nagar
2025-03-19 10:30:00+00:00,9.0,14.0,33.2,21.0,2.35,313.0,5662,Nehru Nagar
2025-03-19 11:30:00+00:00,10.5,16.0,31.5,23.8,1.75,343.0,5662,Nehru Nagar
2025-03-19 12:30:00+00:00,16.5,24.5,29.4,28.8,0.725,347.0,5662,Nehru Nagar
2025-03-19 13:30:00+00:00,30.0,45.0,27.8,34.3,0.3,348.0,5662,Nehru Nagar
2025-03-19 14:30:00+00:00,42.5,64.5,27.0,36.8,0.3,348.0,5662,Nehru Nagar
2025-03-19 15:30:00+00:00,52.5,79.0,26.7,37.8,0.825,348.0,5662,Nehru Nagar
2025-03-19 16:30:00+00:00,50.5,76.0,26.0,37.3,1.3,348.0,5662,Nehru Nagar
2025-03-19 17:30:00+00:00,43.0,65.0,25.6,37.0,1.25,323.0,5662,Nehru Nagar
2025-03-19 18:30:00+00:00,43.0,65.0,23.9,44.0,0.3,100.0,5662,Nehru Nagar
2025-03-19 19:30:00+00:00,40.3,61.0,23.2,47.0,0.3,100.0,5662,Nehru Nagar
2025-03-19 20:30:00+00:00,38.5,58.0,23.2,49.0,0.3,101.0,5662,Nehru Nagar
2025-03-19 21:30:00+00:00,38.0,57.0,23.2,48.3,0.467,73.7,5662,Nehru Nagar
2025-03-19 22:30:00+00:00,43.0,65.0,22.7,49.5,0.3,65.3,5662,Nehru Nagar
2025-03-19 23:30:00+00:00,49.5,75.0,22.4,52.5,0.3,35.0,5662,Nehru Nagar
2025-03-20 00:30:00+00:00,55.5,83.5,22.7,54.8,0.425,218.0,5662,Nehru Nagar
2025-03-20 01:30:00+00:00,87.0,130.0,26.0,46.8,0.55,308.0,5662,Nehru Nagar
2025-03-20 02:30:00+00:00,117.0,175.0,28.2,36.0,0.775,275.0,5662,Nehru Nagar
2025-03-20 03:30:00+00:00,96.0,144.0,31.4,30.8,0.95,125.0,5662,Nehru Nagar
2025-03-20 04:30:00+00:00,68.0,102.0,33.3,27.3,1.33,172.0,5662,Nehru Nagar
2025-03-20 05:30:00+00:00,53.0,79.0,34.0,24.5,1.53,117.0,5662,Nehru Nagar
2025-03-20 06:30:00+00:00,30.0,45.0,33.5,24.5,1.7,297.0,5662,Nehru Nagar
2025-03-20 07:30:00+00:00,26.0,38.5,34.7,23.8,1.73,261.0,5662,Nehru Nagar
2025-03-20 08:30:00+00:00,20.5,30.5,35.1,19.8,1.8,267.0,5662,Nehru Nagar
2025-03-20 09:30:00+00:00,16.0,24.5,35.4,21.0,1.78,262.0,5662,Nehru Nagar
2025-03-20 10:30:00+00:00,14.0,21.5,34.6,21.0,1.73,287.0,5662,Nehru Nagar
2025-03-20 11:30:00+00:00,17.0,25.5,32.8,23.5,1.13,277.0,5662,Nehru Nagar
2025-03-20 12:30:00+00:00,21.0,31.5,30.3,28.0,0.625,348.0,5662,Nehru Nagar
2025-03-20 13:30:00+00:00,25.0,37.7,29.2,31.3,0.6,348.0,5662,Nehru Nagar
2025-03-20 14:30:00+00:00,30.0,45.0,28.0,33.5,1.25,348.0,5662,Nehru Nagar
2025-03-20 15:30:00+00:00,32.5,49.0,27.4,35.0,1.03,348.0,5662,Nehru Nagar
2025-03-20 16:30:00+00:00,36.5,55.5,26.7,36.3,1.15,348.0,5662,Nehru Nagar
2025-03-20 17:30:00+00:00,38.0,58.0,25.9,38.5,0.4,348.0,5662,Nehru Nagar
2025-03-20 18:30:00+00:00,37.0,56.0,25.1,41.0,0.9,349.0,5662,Nehru Nagar
2025-03-20 19:30:00+00:00,37.5,56.5,25.0,40.0,1.1,349.0,5662,Nehru Nagar
2025-03-20 20:30:00+00:00,36.0,53.5,24.4,40.5,0.925,349.0,5662,Nehru Nagar
2025-03-20 21:30:00+00:00,34.3,50.7,23.7,43.0,1.5,346.0,5662,Nehru Nagar
2025-03-20 22:30:00+00:00,37.5,56.0,23.5,43.8,1.65,316.0,5662,Nehru Nagar
2025-03-20 23:30:00+00:00,37.5,56.0,23.1,44.8,0.975,293.0,5662,Nehru Nagar
2025-03-21 00:30:00+00:00,35.0,52.5,23.0,46.0,1.05,273.0,5662,Nehru Nagar
2025-03-21 01:30:00+00:00,38.0,57.0,25.2,41.5,1.33,279.0,5662,Nehru Nagar
2025-03-21 02:30:00+00:00,35.0,52.5,27.2,37.8,2.05,300.0,5662,Nehru Nagar
2025-03-21 03:30:00+00:00,31.0,47.0,29.1,37.0,2.2,267.0,5662,Nehru Nagar
2025-03-21 04:30:00+00:00,29.5,44.5,31.1,32.5,2.2,274.0,5662,Nehru Nagar
2025-03-21 05:30:00+00:00,24.0,35.5,33.1,25.0,2.03,254.0,5662,Nehru Nagar
2025-03-21 06:30:00+00:00,18.0,26.5,33.9,19.0,3.2,279.0,5662,Nehru Nagar
2025-03-21 07:30:00+00:00,13.5,20.0,34.9,17.8,2.88,283.0,5662,Nehru Nagar
2025-03-21 08:30:00+00:00,13.5,20.0,35.1,18.8,2.6,291.0,5662,Nehru Nagar
2025-03-21 09:30:00+00:00,11.0,16.5,34.8,17.8,2.95,312.0,5662,Nehru Nagar
2025-03-21 10:30:00+00:00,12.0,17.5,33.8,19.3,3.23,325.0,5662,Nehru Nagar
2025-03-21 11:30:00+00:00,14.3,20.7,32.2,20.0,2.3,341.0,5662,Nehru Nagar
2025-03-21 12:30:00+00:00,15.0,22.0,29.9,24.5,1.55,330.0,5662,Nehru Nagar
2025-03-21 13:30:00+00:00,24.5,36.5,28.3,27.8,1.13,348.0,5662,Nehru Nagar
2025-03-21 14:30:00+00:00,31.5,47.5,27.6,28.8,1.48,348.0,5662,Nehru Nagar
2025-03-21 15:30:00+00:00,29.0,43.5,27.1,29.8,1.4,334.0,5662,Nehru Nagar
2025-03-21 16:30:00+00:00,24.0,36.0,26.7,31.5,0.875,336.0,5662,Nehru Nagar
2025-03-21 17:30:00+00:00,23.0,35.0,26.2,33.5,0.7,181.0,5662,Nehru Nagar
2025-03-21 18:30:00+00:00,25.0,37.0,25.2,35.5,1.3,346.0,5662,Nehru Nagar
2025-03-21 19:30:00+00:00,21.0,31.5,24.6,36.8,1.55,347.0,5662,Nehru Nagar
2025-03-21 20:30:00+00:00,20.0,30.5,23.7,39.3,1.6,345.0,5662,Nehru Nagar
2025-03-21 21:30:00+00:00,21.0,32.0,23.0,41.8,1.2,345.0,5662,Nehru Nagar
2025-03-21 22:30:00+00:00,18.0,27.5,22.5,42.3,1.15,303.0,5662,Nehru Nagar
2025-03-21 23:30:00+00:00,21.5,32.5,21.9,44.5,1.08,257.0,5662,Nehru Nagar
2025-03-22 00:30:00+00:00,26.5,40.0,22.4,46.0,1.05,335.0,5662,Nehru Nagar
2025-03-22 01:30:00+00:00,29.5,45.0,25.4,38.8,1.25,313.0,5662,Nehru Nagar
2025-03-22 02:30:00+00:00,31.0,47.0,28.2,37.0,1.5,282.0,5662,Nehru Nagar
2025-03-22 03:30:00+00:00,30.5,45.5,30.6,34.3,1.4,198.0,5662,Nehru Nagar
2025-03-22 04:30:00+00:00,32.5,49.0,32.8,28.5,1.83,136.0,5662,Nehru Nagar
2025-03-22 05:30:00+00:00,26.3,40.0,33.9,24.0,2.2,142.0,5662,Nehru Nagar
2025-03-22 06:30:00+00:00,19.0,29.0,33.6,21.8,3.48,311.0,5662,Nehru Nagar
2025-03-22 07:30:00+00:00,16.0,24.0,32.4,27.0,3.85,323.0,5662,Nehru Nagar
2025-03-22 08:30:00+00:00,17.0,25.5,32.7,26.8,4.5,294.0,5662,Nehru Nagar
2025-03-22 09:30:00+00:00,19.5,29.5,31.1,26.5,3.55,276.0,5662,Nehru Nagar
2025-03-22 10:30:00+00:00,20.0,29.7,29.7,26.0,1.87,261.0,5662,Nehru Nagar
2025-03-22 11:30:00+00:00,15.0,22.5,28.7,28.0,2.1,270.0,5662,Nehru Nagar
2025-03-22 12:30:00+00:00,14.0,21.5,26.7,33.8,2.7,287.0,5662,Nehru Nagar
2025-03-22 13:30:00+00:00,12.5,19.0,25.9,35.0,2.55,234.0,5662,Nehru Nagar
2025-03-22 14:30:00+00:00,12.0,18.0,26.0,35.3,1.08,281.0,5662,Nehru Nagar
2025-03-22 15:30:00+00:00,16.0,24.0,26.4,34.3,1.08,149.0,5662,Nehru Nagar
2025-03-22 16:30:00+00:00,22.5,34.0,24.6,45.0,1.33,89.5,5662,Nehru Nagar
2025-03-22 17:30:00+00:00,26.0,39.0,24.8,45.5,1.3,74.0,5662,Nehru Nagar
2025-03-22 18:30:00+00:00,20.0,30.0,23.6,45.5,0.4,36.5,5662,Nehru Nagar
2025-03-22 19:30:00+00:00,18.5,27.5,22.7,49.3,1.1,339.0,5662,Nehru Nagar
2025-03-22 20:30:00+00:00,23.0,34.5,21.5,53.0,1.7,346.0,5662,Nehru Nagar
2025-03-22 21:30:00+00:00,27.0,41.0,21.0,52.3,1.3,334.0,5662,Nehru Nagar
2025-03-22 22:30:00+00:00,23.5,35.5,20.4,53.3,1.58,277.0,5662,Nehru Nagar
2025-03-22 23:30:00+00:00,20.5,30.5,19.9,52.8,0.475,315.0,5662,Nehru Nagar
2025-03-23 00:30:00+00:00,29.5,44.0,21.0,50.8,0.55,318.0,5662,Nehru Nagar
2025-03-23 01:30:00+00:00,37.5,56.5,22.9,48.0,1.53,342.0,5662,Nehru Nagar
2025-03-23 02:30:00+00:00,36.0,54.0,25.8,37.8,1.7,255.0,5662,Nehru Nagar
2025-03-23 03:30:00+00:00,28.5,43.0,28.6,32.8,1.33,256.0,5662,Nehru Nagar
2025-03-23 04:30:00+00:00,38.5,58.5,30.5,29.5,1.53,230.0,5662,Nehru Nagar
2025-03-23 05:30:00+00:00,60.5,90.5,31.6,25.8,2.1,274.0,5662,Nehru Nagar
2025-03-23 06:30:00+00:00,46.5,69.5,32.8,24.3,1.93,247.0,5662,Nehru Nagar
2025-03-23 07:30:00+00:00,25.5,38.5,33.2,22.0,2.35,257.0,5662,Nehru Nagar
2025-03-23 08:30:00+00:00,19.0,28.5,33.5,19.8,2.53,276.0,5662,Nehru Nagar
2025-03-23 09:30:00+00:00,15.0,22.5,33.6,19.8,2.23,265.0,5662,Nehru Nagar
2025-03-23 10:30:00+00:00,14.0,21.0,33.1,21.0,1.87,258.0,5662,Nehru Nagar
2025-03-23 11:30:00+00:00,12.5,18.5,31.9,22.5,1.23,239.0,5662,Nehru Nagar
2025-03-23 12:30:00+00:00,18.5,28.0,28.8,29.5,0.325,102.0,5662,Nehru Nagar
2025-03-23 13:30:00+00:00,33.5,50.5,27.3,32.8,0.3,102.0,5662,Nehru Nagar
2025-03-23 14:30:00+00:00,48.5,73.0,26.5,36.8,0.425,118.0,5662,Nehru Nagar
2025-03-23 15:30:00+00:00,60.0,90.5,25.8,38.5,0.45,122.0,5662,Nehru Nagar
2025-03-23 16:30:00+00:00,58.5,88.0,24.8,41.0,0.3,331.0,5662,Nehru Nagar
2025-03-23 17:30:00+00:00,53.0,80.0,25.1,39.0,0.8,205.0,5662,Nehru Nagar
2025-03-23 18:30:00+00:00,43.0,64.0,24.0,43.5,0.45,349.0,5662,Nehru Nagar
2025-03-23 19:30:00+00:00,47.5,71.0,22.9,46.8,0.3,348.0,5662,Nehru Nagar
2025-03-23 20:30:00+00:00,51.0,77.0,22.7,50.5,0.35,214.0,5662,Nehru Nagar
2025-03-23 21:30:00+00:00,60.0,90.0,22.1,55.3,0.4,152.0,5662,Nehru Nagar
2025-03-23 22:30:00+00:00,100.0,149.0,21.8,54.0,0.325,224.0,5662,Nehru Nagar
2025-03-23 23:30:00+00:00,95.5,143.0,21.9,51.3,0.4,202.0,5662,Nehru Nagar
2025-03-24 00:30:00+00:00,69.0,104.0,23.6,44.8,0.875,55.3,5662,Nehru Nagar
2025-03-24 01:30:00+00:00,75.5,114.0,25.3,38.5,1.48,95.0,5662,Nehru Nagar
2025-03-24 02:30:00+00:00,67.5,102.0,27.7,32.8,1.88,86.5,5662,Nehru Nagar
2025-03-24 03:30:00+00:00,56.7,85.3,29.6,31.0,1.97,76.7,5662,Nehru Nagar
2025-03-24 04:30:00+00:00,35.0,52.0,32.5,27.5,1.6,181.0,5662,Nehru Nagar
2025-03-24 05:30:00+00:00,33.5,50.0,33.2,26.0,1.6,197.0,5662,Nehru Nagar
2025-03-24 06:30:00+00:00,33.0,49.0,34.2,24.8,2.2,293.0,5662,Nehru Nagar
2025-03-24 07:30:00+00:00,32.0,47.5,34.2,24.0,2.45,284.0,5662,Nehru Nagar
2025-03-24 08:30:00+00:00,29.5,44.5,34.4,24.8,2.45,268.0,5662,Nehru Nagar
2025-03-24 09:30:00+00:00,27.5,41.5,34.7,23.0,2.23,257.0,5662,Nehru Nagar
2025-03-24 10:30:00+00:00,25.5,38.0,34.1,24.5,1.95,294.0,5662,Nehru Nagar
2025-03-24 11:30:00+00:00,25.5,38.5,32.5,27.3,1.08,291.0,5662,Nehru Nagar
2025-03-24 12:30:00+00:00,36.5,55.5,30.0,33.0,0.325,134.0,5662,Nehru Nagar
2025-03-24 13:30:00+00:00,52.0,78.5,28.5,37.0,0.4,344.0,5662,Nehru Nagar
2025-03-24 14:30:00+00:00,65.0,97.5,28.0,38.8,0.725,267.0,5662,Nehru Nagar
2025-03-24 15:30:00+00:00,73.0,109.0,27.1,41.0,0.525,290.0,5662,Nehru Nagar
2025-03-24 16:30:00+00:00,67.0,100.0,26.2,43.5,0.35,138.0,5662,Nehru Nagar
2025-03-24 17:30:00+00:00,61.0,91.0,25.3,47.0,0.3,99.0,5662,Nehru Nagar
2025-03-24 18:30:00+00:00,69.0,104.0,24.9,47.0,0.35,302.0,5662,Nehru Nagar
2025-03-24 19:30:00+00:00,64.7,97.3,25.2,45.3,0.433,199.0,5662,Nehru Nagar
2025-03-24 20:30:00+00:00,46.0,68.0,25.1,44.5,0.65,116.0,5662,Nehru Nagar
2025-03-24 21:30:00+00:00,46.5,69.0,24.5,46.0,0.525,82.5,5662,Nehru Nagar
2025-03-24 22:30:00+00:00,51.7,77.0,24.0,47.0,0.433,54.7,5662,Nehru Nagar
2025-03-24 23:30:00+00:00,111.0,165.0,22.7,55.3,0.3,40.0,5662,Nehru Nagar
2025-03-25 00:30:00+00:00,135.0,202.0,23.6,55.0,0.367,44.0,5662,Nehru Nagar
2025-03-25 01:30:00+00:00,101.0,152.0,26.7,41.8,1.0,58.5,5662,Nehru Nagar
2025-03-25 02:30:00+00:00,81.0,122.0,29.4,35.8,1.2,76.8,5662,Nehru Nagar
2025-03-25 03:30:00+00:00,70.0,105.0,31.4,32.3,1.7,111.0,5662,Nehru Nagar
2025-03-25 04:30:00+00:00,51.5,77.0,33.5,28.5,1.83,142.0,5662,Nehru Nagar
2025-03-25 05:30:00+00:00,46.0,68.0,34.8,25.0,1.78,225.0,5662,Nehru Nagar
2025-03-25 06:30:00+00:00,40.0,60.0,35.3,24.0,2.38,259.0,5662,Nehru Nagar
2025-03-25 07:30:00+00:00,34.0,51.0,35.8,22.5,2.45,264.0,5662,Nehru Nagar
2025-03-25 08:30:00+00:00,27.3,41.3,36.1,21.3,3.07,297.0,5662,Nehru Nagar
2025-03-25 09:30:00+00:00,23.0,34.5,36.3,21.0,2.7,304.0,5662,Nehru Nagar
2025-03-25 10:30:00+00:00,17.5,25.5,35.9,21.8,2.38,305.0,5662,Nehru Nagar
2025-03-25 11:30:00+00:00,17.0,25.0,34.4,23.8,1.63,344.0,5662,Nehru Nagar
2025-03-25 12:30:00+00:00,30.5,46.0,31.3,31.0,0.3,348.0,5662,Nehru Nagar
2025-03-25 13:30:00+00:00,58.0,87.0,29.3,37.3,0.3,348.0,5662,Nehru Nagar
2025-03-25 14:30:00+00:00,85.0,127.0,28.4,40.5,0.3,348.0,5662,Nehru Nagar
2025-03-25 15:30:00+00:00,103.0,154.0,27.5,42.3,0.3,348.0,5662,Nehru Nagar
2025-03-25 16:30:00+00:00,122.0,183.0,27.5,42.0,0.3,348.0,5662,Nehru Nagar
2025-03-25 17:30:00+00:00,135.0,203.0,26.7,45.5,0.3,348.0,5662,Nehru Nagar
2025-03-25 18:30:00+00:00,140.0,210.0,26.1,49.0,0.3,41.5,5662,Nehru Nagar
2025-03-25 19:30:00+00:00,133.0,200.0,25.3,53.0,0.375,46.0,5662,Nehru Nagar
2025-03-25 20:30:00+00:00,121.0,181.0,24.5,57.8,0.4,118.0,5662,Nehru Nagar
2025-03-25 21:30:00+00:00,107.0,160.0,25.0,47.3,0.533,135.0,5662,Nehru Nagar
2025-03-25 22:30:00+00:00,74.5,112.0,24.9,41.8,0.625,137.0,5662,Nehru Nagar
2025-03-25 23:30:00+00:00,52.0,77.5,23.9,44.8,0.325,349.0,5662,Nehru Nagar
2025-03-26 00:30:00+00:00,65.5,98.5,24.6,47.0,0.375,348.0,5662,Nehru Nagar
2025-03-26 01:30:00+00:00,120.0,179.0,28.2,35.5,1.05,199.0,5662,Nehru Nagar
2025-03-26 02:30:00+00:00,130.0,194.0,31.4,29.3,1.55,112.0,5662,Nehru Nagar
2025-03-26 03:30:00+00:00,79.0,118.0,34.0,27.3,1.9,122.0,5662,Nehru Nagar
2025-03-26 04:30:00+00:00,55.5,82.5,36.4,24.5,2.15,173.0,5662,Nehru Nagar
2025-03-26 05:30:00+00:00,45.0,67.5,37.3,20.8,3.1,263.0,5662,Nehru Nagar
2025-03-26 06:30:00+00:00,25.5,38.5,38.3,19.5,3.0,254.0,5662,Nehru Nagar
2025-03-26 07:30:00+00:00,16.5,24.5,38.6,19.0,3.33,266.0,5662,Nehru Nagar
2025-03-26 08:30:00+00:00,13.0,19.5,38.9,17.5,3.6,289.0,5662,Nehru Nagar
2025-03-26 09:30:00+00:00,12.0,18.5,39.0,16.8,3.08,299.0,5662,Nehru Nagar
2025-03-26 10:30:00+00:00,13.5,20.5,38.4,17.3,2.7,287.0,5662,Nehru Nagar
2025-03-26 11:30:00+00:00,15.3,23.0,37.2,18.3,1.53,346.0,5662,Nehru Nagar
2025-03-26 12:30:00+00:00,31.5,47.5,33.2,26.8,0.3,348.0,5662,Nehru Nagar
2025-03-26 13:30:00+00:00,60.0,90.0,31.4,30.5,0.3,348.0,5662,Nehru Nagar
2025-03-26 14:30:00+00:00,80.0,120.0,30.6,33.3,0.325,348.0,5662,Nehru Nagar
2025-03-26 15:30:00+00:00,86.0,129.0,29.2,36.8,0.3,348.0,5662,Nehru Nagar
2025-03-26 16:30:00+00:00,105.0,157.0,28.4,40.0,0.3,348.0,5662,Nehru Nagar
2025-03-26 17:30:00+00:00,126.0,189.0,27.7,43.0,0.3,348.0,5662,Nehru Nagar
2025-03-26 18:30:00+00:00,124.0,186.0,27.0,47.0,0.3,349.0,5662,Nehru Nagar
2025-03-26 19:30:00+00:00,115.0,173.0,27.1,45.3,0.55,190.0,5662,Nehru Nagar
2025-03-26 20:30:00+00:00,147.0,220.0,26.7,42.0,0.475,40.5,5662,Nehru Nagar
2025-03-26 21:30:00+00:00,162.0,242.0,26.6,37.3,0.6,155.0,5662,Nehru Nagar
2025-03-26 22:30:00+00:00,144.0,216.0,25.9,39.7,0.7,272.0,5662,Nehru Nagar
2025-03-26 23:30:00+00:00,140.0,210.0,25.7,39.0,0.667,288.0,5662,Nehru Nagar
2025-03-27 00:30:00+00:00,89.0,134.0,26.7,37.5,0.9,336.0,5662,Nehru Nagar
2025-03-27 01:30:00+00:00,81.0,122.0,28.7,33.8,1.3,293.0,5662,Nehru Nagar
2025-03-27 02:30:00+00:00,61.5,92.5,31.2,28.8,2.08,257.0,5662,Nehru Nagar
2025-03-27 03:30:00+00:00,52.0,78.5,34.7,24.5,2.1,218.0,5662,Nehru Nagar
2025-03-27 04:30:00+00:00,44.5,67.0,36.7,21.3,2.73,255.0,5662,Nehru Nagar
2025-03-27 05:30:00+00:00,30.7,46.0,38.1,18.7,3.8,273.0,5662,Nehru Nagar
2025-03-27 06:30:00+00:00,19.5,28.5,39.4,17.3,3.93,282.0,5662,Nehru Nagar
2025-03-27 07:30:00+00:00,15.0,22.5,39.8,16.0,4.6,299.0,5662,Nehru Nagar
2025-03-27 08:30:00+00:00,15.5,23.5,39.9,16.3,4.4,310.0,5662,Nehru Nagar
2025-03-27 09:30:00+00:00,15.5,23.5,39.6,16.5,4.35,320.0,5662,Nehru Nagar
2025-03-27 10:30:00+00:00,19.5,29.5,38.9,17.5,3.55,335.0,5662,Nehru Nagar
2025-03-27 11:30:00+00:00,22.0,33.7,36.8,21.0,1.73,340.0,5662,Nehru Nagar
2025-03-27 12:30:00+00:00,28.0,42.5,34.6,24.5,0.775,346.0,5662,Nehru Nagar
2025-03-27 13:30:00+00:00,41.0,61.5,33.3,27.3,0.45,336.0,5662,Nehru Nagar
2025-03-27 14:30:00+00:00,52.0,78.0,32.5,28.3,1.08,348.0,5662,Nehru Nagar
2025-03-27 15:30:00+00:00,47.5,71.0,31.8,29.5,0.9,348.0,5662,Nehru Nagar
2025-03-27 16:30:00+00:00,37.7,57.0,30.9,31.7,1.1,348.0,5662,Nehru Nagar
2025-03-27 17:30:00+00:00,38.0,58.0,30.5,32.5,0.95,344.0,5662,Nehru Nagar
2025-03-27 18:30:00+00:00,42.0,63.0,29.3,36.0,0.85,349.0,5662,Nehru Nagar
2025-03-27 19:30:00+00:00,41.0,61.0,28.9,37.0,0.975,345.0,5662,Nehru Nagar
2025-03-27 20:30:00+00:00,39.0,58.5,28.2,38.3,1.48,343.0,5662,Nehru Nagar
2025-03-27 21:30:00+00:00,37.0,56.0,27.8,38.8,2.23,342.0,5662,Nehru Nagar
2025-03-27 22:30:00+00:00,38.0,56.5,27.2,41.3,2.0,336.0,5662,Nehru Nagar
2025-03-27 23:30:00+00:00,41.0,61.0,26.9,42.8,1.88,318.0,5662,Nehru Nagar
2025-03-28 00:30:00+00:00,43.5,65.5,26.6,44.8,2.4,298.0,5662,Nehru Nagar
2025-03-28 01:30:00+00:00,46.0,69.5,27.6,42.0,3.55,309.0,5662,Nehru Nagar
2025-03-28 02:30:00+00:00,48.7,73.3,29.4,39.0,3.13,299.0,5662,Nehru Nagar
2025-03-28 03:30:00+00:00,52.5,78.5,32.0,33.3,2.95,309.0,5662,Nehru Nagar
2025-03-28 04:30:00+00:00,52.0,78.0,34.3,30.3,3.43,314.0,5662,Nehru Nagar
2025-03-28 05:30:00+00:00,46.0,69.0,35.1,28.8,4.0,322.0,5662,Nehru Nagar
2025-03-28 06:30:00+00:00,38.0,57.0,36.0,25.5,4.38,317.0,5662,Nehru Nagar
2025-03-28 07:30:00+00:00,35.0,52.5,36.7,23.3,3.83,315.0,5662,Nehru Nagar
2025-03-28 08:30:00+00:00,31.5,46.5,36.7,20.5,4.45,316.0,5662,Nehru Nagar
2025-03-28 09:30:00+00:00,23.0,34.0,36.8,19.8,4.2,314.0,5662,Nehru Nagar
2025-03-28 10:30:00+00:00,17.0,25.0,36.1,18.3,4.25,314.0,5662,Nehru Nagar
2025-03-28 11:30:00+00:00,16.5,24.5,34.5,19.5,3.53,323.0,5662,Nehru Nagar
2025-03-28 12:30:00+00:00,18.0,27.5,32.4,22.0,2.83,327.0,5662,Nehru Nagar
2025-03-28 13:30:00+00:00,20.5,31.0,30.9,23.3,2.6,331.0,5662,Nehru Nagar
2025-03-28 14:30:00+00:00,22.0,33.0,29.6,25.0,2.58,337.0,5662,Nehru Nagar
2025-03-28 15:30:00+00:00,21.5,32.5,28.4,24.5,3.48,333.0,5662,Nehru Nagar
2025-03-28 16:30:00+00:00,19.0,28.5,27.2,25.0,3.5,337.0,5662,Nehru Nagar
2025-03-28 17:30:00+00:00,17.7,26.3,26.3,25.3,4.13,332.0,5662,Nehru Nagar
2025-03-28 18:30:00+00:00,20.0,30.0,24.3,32.0,4.0,338.0,5662,Nehru Nagar
2025-03-28 19:30:00+00:00,19.5,29.5,23.1,35.5,3.8,334.0,5662,Nehru Nagar
2025-03-28 20:30:00+00:00,19.0,29.0,21.9,38.8,3.75,331.0,5662,Nehru Nagar
2025-03-28 21:30:00+00:00,17.0,26.0,20.9,40.0,3.7,328.0,5662,Nehru Nagar
2025-03-28 22:30:00+00:00,15.7,24.0,19.9,41.7,4.0,323.0,5662,Nehru Nagar
2025-03-28 23:30:00+00:00,15.0,23.0,19.3,41.5,4.28,328.0,5662,Nehru Nagar
2025-03-29 00:30:00+00:00,16.5,25.0,19.2,41.3,4.2,315.0,5662,Nehru Nagar
2025-03-29 01:30:00+00:00,21.5,32.5,20.7,37.8,4.53,313.0,5662,Nehru Nagar
2025-03-29 02:30:00+00:00,22.5,34.0,23.1,32.5,4.08,311.0,5662,Nehru Nagar
2025-03-29 03:30:00+00:00,24.5,37.0,25.5,27.5,4.48,321.0,5662,Nehru Nagar
2025-03-29 04:30:00+00:00,25.0,37.5,28.0,22.8,4.0,289.0,5662,Nehru Nagar
2025-03-29 05:30:00+00:00,20.0,30.0,30.3,19.5,3.7,265.0,5662,Nehru Nagar
2025-03-29 06:30:00+00:00,17.0,26.0,31.9,16.7,3.93,288.0,5662,Nehru Nagar
2025-03-29 07:30:00+00:00,16.0,24.5,33.6,14.5,3.83,286.0,5662,Nehru Nagar
2025-03-29 08:30:00+00:00,12.5,18.5,34.4,13.5,3.85,293.0,5662,Nehru Nagar
2025-03-29 09:30:00+00:00,10.5,15.0,34.6,12.5,3.88,304.0,5662,Nehru Nagar
2025-03-29 10:30:00+00:00,13.5,19.5,34.0,13.3,3.9,303.0,5662,Nehru Nagar
2025-03-29 11:30:00+00:00,17.0,25.0,32.6,14.8,2.4,302.0,5662,Nehru Nagar
2025-03-29 12:30:00+00:00,17.5,26.5,30.2,18.5,0.95,288.0,5662,Nehru Nagar
2025-03-29 13:30:00+00:00,23.5,35.5,28.8,21.0,0.9,298.0,5662,Nehru Nagar
2025-03-29 14:30:00+00:00,30.5,45.5,27.9,22.0,1.5,325.0,5662,Nehru Nagar
2025-03-29 15:30:00+00:00,27.0,40.0,26.9,22.5,2.75,332.0,5662,Nehru Nagar
2025-03-29 16:30:00+00:00,24.5,36.5,25.3,25.8,2.98,326.0,5662,Nehru Nagar
2025-03-29 17:30:00+00:00,26.0,39.0,24.7,27.0,2.7,316.0,5662,Nehru Nagar
2025-03-29 18:30:00+00:00,24.0,36.0,23.7,28.5,2.25,339.0,5662,Nehru Nagar
2025-03-29 19:30:00+00:00,23.5,35.0,23.2,30.0,2.7,329.0,5662,Nehru Nagar
2025-03-29 20:30:00+00:00,21.5,32.5,22.3,32.3,2.9,334.0,5662,Nehru Nagar
2025-03-29 21:30:00+00:00,21.5,32.5,21.7,34.0,2.93,337.0,5662,Nehru Nagar
2025-03-29 22:30:00+00:00,20.5,30.5,21.6,33.0,3.0,330.0,5662,Nehru Nagar
2025-03-29 23:30:00+00:00,16.0,24.5,21.5,31.5,2.83,333.0,5662,Nehru Nagar
2025-03-30 00:30:00+00:00,20.0,31.0,22.2,31.0,2.85,323.0,5662,Nehru Nagar
2025-03-30 01:30:00+00:00,27.5,41.5,23.8,29.5,3.28,319.0,5662,Nehru Nagar
2025-03-30 02:30:00+00:00,22.0,33.0,25.9,27.5,3.83,313.0,5662,Nehru Nagar
2025-03-30 03:30:00+00:00,17.0,25.5,28.1,25.8,3.73,314.0,5662,Nehru Nagar
2025-03-30 04:30:00+00:00,17.0,25.5,29.9,22.5,3.85,303.0,5662,Nehru Nagar
2025-03-30 05:30:00+00:00,15.5,23.5,31.6,19.5,3.55,285.0,5662,Nehru Nagar
2025-03-30 06:30:00+00:00,16.0,23.5,32.8,17.5,4.25,306.0,5662,Nehru Nagar
2025-03-30 07:30:00+00:00,14.5,21.5,34.3,15.5,3.5,275.0,5662,Nehru Nagar
2025-03-30 08:30:00+00:00,11.0,17.0,35.3,13.5,3.43,291.0,5662,Nehru Nagar
2025-03-30 09:30:00+00:00,12.3,18.7,35.3,13.3,3.43,304.0,5662,Nehru Nagar
2025-03-30 10:30:00+00:00,14.0,21.5,35.0,14.0,3.08,314.0,5662,Nehru Nagar
2025-03-30 11:30:00+00:00,14.0,21.5,33.6,16.5,1.98,337.0,5662,Nehru Nagar
2025-03-30 12:30:00+00:00,15.5,23.0,30.7,21.3,0.95,348.0,5662,Nehru Nagar
2025-03-30 13:30:00+00:00,26.3,39.7,28.9,24.7,0.633,348.0,5662,Nehru Nagar
2025-03-30 14:30:00+00:00,38.5,58.0,28.0,25.3,0.95,346.0,5662,Nehru Nagar
2025-03-30 15:30:00+00:00,41.3,62.0,27.3,25.0,1.27,348.0,5662,Nehru Nagar
2025-03-30 16:30:00+00:00,31.5,47.0,26.5,26.8,0.875,348.0,5662,Nehru Nagar
2025-03-30 17:30:00+00:00,31.0,46.0,25.9,29.0,0.75,348.0,5662,Nehru Nagar
2025-03-30 18:30:00+00:00,43.0,64.0,24.8,31.5,0.6,349.0,5662,Nehru Nagar
2025-03-30 19:30:00+00:00,43.0,64.5,24.4,33.3,0.925,349.0,5662,Nehru Nagar
2025-03-30 20:30:00+00:00,39.5,59.5,23.7,34.0,1.5,349.0,5662,Nehru Nagar
2025-03-30 21:30:00+00:00,35.5,53.0,23.5,33.0,1.45,348.0,5662,Nehru Nagar
2025-03-30 22:30:00+00:00,30.5,46.0,23.5,32.3,1.85,340.0,5662,Nehru Nagar
2025-03-30 23:30:00+00:00,25.5,39.0,22.8,32.5,1.6,346.0,5662,Nehru Nagar
2025-03-31 00:30:00+00:00,28.0,42.5,23.3,33.5,1.33,346.0,5662,Nehru Nagar
2025-03-31 01:30:00+00:00,33.0,50.0,25.5,31.3,1.95,329.0,5662,Nehru Nagar
2025-03-31 02:30:00+00:00,33.5,50.5,27.5,29.8,2.35,313.0,5662,Nehru Nagar
2025-03-31 03:30:00+00:00,31.5,47.0,29.9,26.0,2.65,313.0,5662,Nehru Nagar
2025-03-31 04:30:00+00:00,28.0,41.5,32.0,23.0,2.7,306.0,5662,Nehru Nagar
2025-03-31 05:30:00+00:00,20.3,30.0,33.5,19.0,3.0,307.0,5662,Nehru Nagar
2025-03-31 06:30:00+00:00,12.0,17.5,35.0,14.3,3.13,296.0,5662,Nehru Nagar
2025-03-31 07:30:00+00:00,15.0,22.0,36.0,12.8,3.18,310.0,5662,Nehru Nagar
2025-03-31 08:30:00+00:00,13.0,19.5,36.7,12.5,2.83,306.0,5662,Nehru Nagar
2025-03-31 09:30:00+00:00,9.0,14.0,36.7,12.0,3.0,317.0,5662,Nehru Nagar
2025-03-31 10:30:00+00:00,8.0,12.5,36.2,13.3,2.73,323.0,5662,Nehru Nagar
2025-03-31 11:30:00+00:00,10.3,15.8,34.7,15.5,1.8,340.0,5662,Nehru Nagar
2025-03-31 12:30:00+00:00,22.3,33.7,31.4,20.0,0.967,348.0,5662,Nehru Nagar
2025-03-31 13:30:00+00:00,33.0,49.5,30.0,21.8,0.775,347.0,5662,Nehru Nagar
2025-03-31 14:30:00+00:00,56.5,85.0,28.7,24.8,0.325,186.0,5662,Nehru Nagar
2025-03-31 15:30:00+00:00,87.0,131.0,27.9,26.0,0.4,93.3,5662,Nehru Nagar
2025-03-31 16:30:00+00:00,96.0,145.0,26.7,28.5,0.325,281.0,5662,Nehru Nagar
2025-03-31 17:30:00+00:00,93.0,140.0,26.3,30.0,0.3,20.5,5662,Nehru Nagar
2025-03-31 18:30:00+00:00,139.0,209.0,25.9,29.0,1.0,325.0,5662,Nehru Nagar
2025-03-31 19:30:00+00:00,129.0,194.0,25.4,29.3,0.4,245.0,5662,Nehru Nagar
2025-03-31 20:30:00+00:00,61.0,92.0,25.0,29.0,1.55,342.0,5662,Nehru Nagar
2025-03-31 21:30:00+00:00,51.5,77.5,24.4,30.3,1.38,348.0,5662,Nehru Nagar
2025-03-31 22:30:00+00:00,43.0,64.5,23.8,32.0,1.83,345.0,5662,Nehru Nagar
2025-03-31 23:30:00+00:00,55.0,82.5,23.5,33.0,1.85,345.0,5662,Nehru Nagar
2025-04-01 00:30:00+00:00,78.0,117.0,24.3,32.3,2.48,335.0,5662,Nehru Nagar
2025-04-01 01:30:00+00:00,71.0,107.0,26.7,27.0,2.8,329.0,5662,Nehru Nagar
2025-04-01 02:30:00+00:00,47.5,71.5,29.3,23.8,2.18,295.0,5662,Nehru Nagar
2025-04-01 03:30:00+00:00,57.0,85.7,31.7,20.7,2.73,328.0,5662,Nehru Nagar
2025-04-01 04:30:00+00:00,50.5,76.0,33.8,16.5,2.93,299.0,5662,Nehru Nagar
2025-04-01 05:30:00+00:00,33.5,50.5,35.4,14.0,3.15,308.0,5662,Nehru Nagar
2025-04-01 06:30:00+00:00,35.0,52.5,36.1,12.8,3.73,311.0,5662,Nehru Nagar
2025-04-01 07:30:00+00:00,35.3,53.0,36.4,12.0,4.17,322.0,5662,Nehru Nagar
2025-04-01 14:30:00+00:00,51.0,76.5,29.5,21.8,0.375,348.0,5662,Nehru Nagar
2025-04-01 15:30:00+00:00,63.0,94.5,28.6,23.8,0.45,348.0,5662,Nehru Nagar
2025-04-01 16:30:00+00:00,67.5,102.0,28.1,23.8,1.15,348.0,5662,Nehru Nagar
2025-04-01 17:30:00+00:00,62.3,94.0,27.3,25.0,1.6,348.0,5662,Nehru Nagar
2025-04-01 18:30:00+00:00,49.0,74.0,26.7,25.5,1.1,349.0,5662,Nehru Nagar
2025-04-01 19:30:00+00:00,52.0,78.5,26.3,26.8,1.03,349.0,5662,Nehru Nagar
2025-04-01 20:30:00+00:00,54.3,81.7,25.5,28.3,0.467,349.0,5662,Nehru Nagar
2025-04-01 21:30:00+00:00,49.5,74.5,25.6,27.5,1.35,349.0,5662,Nehru Nagar
2025-04-01 22:30:00+00:00,49.0,74.0,25.6,26.0,2.0,348.0,5662,Nehru Nagar
2025-04-01 23:30:00+00:00,56.5,85.0,25.1,27.3,2.2,338.0,5662,Nehru Nagar
2025-04-02 00:30:00+00:00,69.0,104.0,24.8,29.5,1.1,344.0,5662,Nehru Nagar
2025-04-02 01:30:00+00:00,86.0,129.0,27.7,28.5,0.575,231.0,5662,Nehru Nagar
2025-04-02 02:30:00+00:00,105.0,158.0,31.5,23.7,0.8,286.0,5662,Nehru Nagar
2025-04-02 03:30:00+00:00,88.5,134.0,33.5,20.5,1.05,216.0,5662,Nehru Nagar
2025-04-02 04:30:00+00:00,64.5,97.5,35.2,17.0,1.63,225.0,5662,Nehru Nagar
2025-04-02 05:30:00+00:00,55.5,83.5,35.7,15.8,1.78,290.0,5662,Nehru Nagar
2025-04-02 06:30:00+00:00,40.5,60.5,36.4,13.8,2.18,292.0,5662,Nehru Nagar
2025-04-02 07:30:00+00:00,25.5,38.5,37.2,12.3,2.03,285.0,5662,Nehru Nagar
2025-04-02 08:30:00+00:00,18.0,28.0,38.3,12.0,1.35,240.0,5662,Nehru Nagar
2025-04-02 09:30:00+00:00,19.5,29.5,38.0,11.8,1.75,192.0,5662,Nehru Nagar
2025-04-02 10:30:00+00:00,22.0,33.0,37.7,11.5,1.38,301.0,5662,Nehru Nagar
2025-04-02 11:30:00+00:00,30.5,46.5,35.8,14.3,0.75,297.0,5662,Nehru Nagar
2025-04-02 12:30:00+00:00,39.0,59.0,31.9,21.0,0.3,281.0,5662,Nehru Nagar
2025-04-02 13:30:00+00:00,65.5,98.5,29.9,24.5,0.3,348.0,5662,Nehru Nagar
2025-04-02 14:30:00+00:00,93.5,141.0,28.8,27.8,0.325,348.0,5662,Nehru Nagar
2025-04-02 15:30:00+00:00,104.0,156.0,28.9,27.8,0.3,139.0,5662,Nehru Nagar
2025-04-02 16:30:00+00:00,113.0,169.0,28.3,28.3,0.375,255.0,5662,Nehru Nagar
2025-04-02 17:30:00+00:00,113.0,169.0,27.8,29.0,0.3,66.5,5662,Nehru Nagar
2025-04-02 18:30:00+00:00,114.0,170.0,26.4,34.5,0.3,349.0,5662,Nehru Nagar
2025-04-02 19:30:00+00:00,114.0,170.0,25.5,40.8,0.325,342.0,5662,Nehru Nagar
2025-04-02 20:30:00+00:00,108.0,162.0,25.6,39.3,0.425,344.0,5662,Nehru Nagar
2025-04-02 21:30:00+00:00,98.0,147.0,26.1,32.3,0.825,348.0,5662,Nehru Nagar
2025-04-02 22:30:00+00:00,79.5,119.0,26.2,30.8,0.525,102.0,5662,Nehru Nagar
2025-04-02 23:30:00+00:00,80.0,119.0,25.8,34.3,0.4,151.0,5662,Nehru Nagar
2025-04-03 00:30:00+00:00,111.0,166.0,25.9,35.0,0.425,153.0,5662,Nehru Nagar
2025-04-03 01:30:00+00:00,162.0,243.0,27.1,35.3,0.3,30.0,5662,Nehru Nagar
2025-04-03 02:30:00+00:00,229.0,344.0,30.3,28.3,0.9,107.0,5662,Nehru Nagar
2025-04-03 03:30:00+00:00,179.0,268.0,33.7,19.0,1.33,102.0,5662,Nehru Nagar
2025-04-03 04:30:00+00:00,77.5,116.0,36.6,15.0,1.55,132.0,5662,Nehru Nagar
2025-04-03 05:30:00+00:00,43.0,64.0,37.6,16.5,2.05,185.0,5662,Nehru Nagar
2025-04-03 06:30:00+00:00,46.0,69.0,38.4,18.0,2.35,127.0,5662,Nehru Nagar
2025-04-03 07:30:00+00:00,52.0,78.0,38.4,18.0,2.45,123.0,5662,Nehru Nagar
2025-04-03 10:30:00+00:00,52.0,78.0,38.0,18.0,1.0,177.0,5662,Nehru Nagar
2025-04-03 11:30:00+00:00,33.0,49.0,36.2,19.8,0.875,107.0,5662,Nehru Nagar
2025-04-03 12:30:00+00:00,41.5,62.5,34.1,22.8,0.4,54.0,5662,Nehru Nagar
2025-04-03 13:30:00+00:00,72.0,108.0,32.6,26.5,0.3,234.0,5662,Nehru Nagar
2025-04-03 14:30:00+00:00,104.0,156.0,30.8,31.8,0.4,347.0,5662,Nehru Nagar
2025-04-03 15:30:00+00:00,119.0,180.0,30.0,33.3,0.3,348.0,5662,Nehru Nagar
2025-04-03 16:30:00+00:00,139.0,209.0,29.3,37.0,0.3,348.0,5662,Nehru Nagar
2025-04-03 17:30:00+00:00,147.0,221.0,28.7,39.0,0.3,348.0,5662,Nehru Nagar
2025-04-03 18:30:00+00:00,120.0,180.0,28.8,33.5,0.3,173.0,5662,Nehru Nagar
2025-04-03 19:30:00+00:00,106.0,159.0,28.3,34.3,0.325,121.0,5662,Nehru Nagar
2025-04-03 20:30:00+00:00,84.0,126.0,27.3,37.0,0.3,310.0,5662,Nehru Nagar
2025-04-03 21:30:00+00:00,69.5,105.0,27.6,36.8,0.5,212.0,5662,Nehru Nagar
2025-04-03 22:30:00+00:00,78.5,118.0,27.5,35.3,2.0,221.0,5662,Nehru Nagar
2025-04-03 23:30:00+00:00,71.0,106.0,28.4,31.3,3.4,266.0,5662,Nehru Nagar
2025-04-04 00:30:00+00:00,39.0,58.0,28.3,31.8,2.28,178.0,5662,Nehru Nagar
2025-04-04 01:30:00+00:00,28.0,41.0,28.3,33.0,2.2,102.0,5662,Nehru Nagar
2025-04-04 02:30:00+00:00,30.0,44.0,30.2,31.3,2.78,102.0,5662,Nehru Nagar
2025-04-04 03:30:00+00:00,32.0,48.0,33.8,25.5,2.5,116.0,5662,Nehru Nagar
2025-04-04 04:30:00+00:00,29.0,44.3,35.9,21.0,2.57,239.0,5662,Nehru Nagar
2025-04-04 11:30:00+00:00,17.5,26.5,36.2,17.0,1.85,333.0,5662,Nehru Nagar
2025-04-04 12:30:00+00:00,25.0,37.0,34.1,19.3,1.35,343.0,5662,Nehru Nagar
2025-04-04 13:30:00+00:00,32.0,48.0,32.8,21.5,1.33,348.0,5662,Nehru Nagar
2025-04-04 14:30:00+00:00,37.7,57.0,31.7,23.7,0.8,348.0,5662,Nehru Nagar
2025-04-04 15:30:00+00:00,51.7,78.3,30.6,26.3,0.333,348.0,5662,Nehru Nagar
2025-04-04 16:30:00+00:00,63.5,95.5,29.1,30.5,0.3,348.0,5662,Nehru Nagar
2025-04-04 17:30:00+00:00,69.0,103.0,28.9,30.5,0.3,348.0,5662,Nehru Nagar
2025-04-04 18:30:00+00:00,68.0,102.0,28.4,34.5,0.3,18.5,5662,Nehru Nagar
2025-04-04 19:30:00+00:00,100.0,150.0,28.0,35.3,0.3,10.3,5662,Nehru Nagar
2025-04-04 20:30:00+00:00,128.0,192.0,27.4,34.8,0.325,81.5,5662,Nehru Nagar
2025-04-04 21:30:00+00:00,109.0,163.0,27.4,33.8,0.3,54.3,5662,Nehru Nagar
2025-04-04 22:30:00+00:00,89.0,133.0,27.0,33.0,0.625,90.5,5662,Nehru Nagar
2025-04-04 23:30:00+00:00,122.0,183.0,26.4,35.0,0.6,104.0,5662,Nehru Nagar
2025-04-05 00:30:00+00:00,160.0,240.0,26.9,34.8,0.8,253.0,5662,Nehru Nagar
2025-04-05 01:30:00+00:00,127.0,190.0,29.1,30.8,1.33,268.0,5662,Nehru Nagar
2025-04-05 02:30:00+00:00,86.0,129.0,31.8,26.0,1.68,287.0,5662,Nehru Nagar
2025-04-05 03:30:00+00:00,64.0,96.0,34.2,22.0,1.93,305.0,5662,Nehru Nagar
2025-04-05 04:30:00+00:00,43.0,65.0,36.3,20.0,2.1,296.0,5662,Nehru Nagar
2025-04-05 05:30:00+00:00,59.0,89.0,37.8,16.5,2.28,244.0,5662,Nehru Nagar
2025-04-05 06:30:00+00:00,58.0,87.0,38.6,15.5,2.38,252.0,5662,Nehru Nagar
2025-04-05 07:30:00+00:00,28.7,42.7,38.9,15.0,2.7,289.0,5662,Nehru Nagar
2025-04-05 08:30:00+00:00,25.5,37.5,38.9,14.5,3.45,285.0,5662,Nehru Nagar
2025-04-05 09:30:00+00:00,28.0,41.0,38.7,14.0,3.6,282.0,5662,Nehru Nagar
2025-04-05 10:30:00+00:00,29.5,43.5,37.9,15.0,3.2,306.0,5662,Nehru Nagar
2025-04-05 11:30:00+00:00,31.5,47.5,36.3,16.8,2.8,332.0,5662,Nehru Nagar
2025-04-05 12:30:00+00:00,32.5,49.5,34.3,18.5,1.88,339.0,5662,Nehru Nagar
2025-04-05 13:30:00+00:00,34.0,51.0,32.9,20.5,1.65,347.0,5662,Nehru Nagar
2025-04-05 14:30:00+00:00,39.0,58.0,31.5,23.0,1.05,348.0,5662,Nehru Nagar
2025-04-05 15:30:00+00:00,41.5,61.5,30.5,24.3,1.23,348.0,5662,Nehru Nagar
2025-04-05 16:30:00+00:00,41.5,61.5,29.9,25.5,1.0,348.0,5662,Nehru Nagar
2025-04-05 17:30:00+00:00,41.0,61.0,29.3,27.0,1.1,348.0,5662,Nehru Nagar
2025-04-05 18:30:00+00:00,42.0,62.0,28.4,28.0,1.2,349.0,5662,Nehru Nagar
2025-04-05 19:30:00+00:00,40.5,60.5,27.6,30.3,0.375,349.0,5662,Nehru Nagar
2025-04-05 20:30:00+00:00,40.3,60.3,27.3,31.7,0.3,250.0,5662,Nehru Nagar
2025-04-05 21:30:00+00:00,43.5,64.5,26.8,34.3,0.425,43.8,5662,Nehru Nagar
2025-04-05 22:30:00+00:00,86.0,129.0,26.2,33.3,0.725,166.0,5662,Nehru Nagar
2025-04-05 23:30:00+00:00,134.0,202.0,25.5,34.8,0.6,269.0,5662,Nehru Nagar
2025-04-06 00:30:00+00:00,162.0,244.0,27.2,34.5,0.4,222.0,5662,Nehru Nagar
2025-04-06 01:30:00+00:00,157.0,236.0,30.3,29.5,0.975,307.0,5662,Nehru Nagar
2025-04-06 02:30:00+00:00,100.0,150.0,32.6,25.5,1.68,287.0,5662,Nehru Nagar
2025-04-06 03:30:00+00:00,62.0,93.0,34.9,22.8,1.93,298.0,5662,Nehru Nagar
2025-04-06 04:30:00+00:00,42.5,63.5,36.5,19.8,1.93,247.0,5662,Nehru Nagar
2025-04-06 05:30:00+00:00,28.5,42.5,38.1,18.5,1.85,256.0,5662,Nehru Nagar
2025-04-06 06:30:00+00:00,27.5,41.5,38.4,18.0,2.25,275.0,5662,Nehru Nagar
2025-04-06 07:30:00+00:00,24.5,36.5,39.0,17.0,2.5,276.0,5662,Nehru Nagar
2025-04-06 08:30:00+00:00,19.7,29.0,39.3,16.3,2.9,300.0,5662,Nehru Nagar
2025-04-06 09:30:00+00:00,18.5,27.5,39.3,16.3,2.53,284.0,5662,Nehru Nagar
2025-04-06 10:30:00+00:00,23.0,34.0,38.6,18.0,2.23,284.0,5662,Nehru Nagar
2025-04-06 11:30:00+00:00,24.0,36.0,36.9,19.5,1.4,266.0,5662,Nehru Nagar
2025-04-06 12:30:00+00:00,26.0,39.0,34.5,22.5,1.03,244.0,5662,Nehru Nagar
2025-04-06 13:30:00+00:00,39.0,59.0,32.6,27.8,0.3,95.8,5662,Nehru Nagar
2025-04-06 14:30:00+00:00,78.0,118.0,31.2,30.8,0.3,96.8,5662,Nehru Nagar
2025-04-06 15:30:00+00:00,88.0,132.0,30.6,30.5,0.3,108.0,5662,Nehru Nagar
2025-04-06 16:30:00+00:00,76.5,115.0,29.7,34.8,0.3,107.0,5662,Nehru Nagar
2025-04-06 17:30:00+00:00,83.0,125.0,29.4,35.5,0.3,107.0,5662,Nehru Nagar
2025-04-06 18:30:00+00:00,166.0,248.0,28.7,36.0,0.45,147.0,5662,Nehru Nagar
2025-04-06 19:30:00+00:00,110.0,164.0,29.6,28.0,1.05,161.0,5662,Nehru Nagar
2025-04-06 20:30:00+00:00,45.7,67.7,29.1,28.3,1.2,141.0,5662,Nehru Nagar
2025-04-06 21:30:00+00:00,41.0,61.0,28.8,28.3,1.18,139.0,5662,Nehru Nagar
2025-04-06 22:30:00+00:00,41.0,62.0,28.2,30.3,0.625,101.0,5662,Nehru Nagar
2025-04-06 23:30:00+00:00,44.0,66.0,27.6,31.8,0.525,105.0,5662,Nehru Nagar
2025-04-07 00:30:00+00:00,73.0,109.0,27.8,41.0,0.7,202.0,5662,Nehru Nagar
2025-04-07 01:30:00+00:00,77.5,117.0,29.7,34.0,1.05,211.0,5662,Nehru Nagar
2025-04-07 02:30:00+00:00,81.3,123.0,30.8,30.7,2.0,209.0,5662,Nehru Nagar
2025-04-07 03:30:00+00:00,70.0,105.0,33.7,23.3,2.1,211.0,5662,Nehru Nagar
2025-04-07 04:30:00+00:00,55.0,83.0,36.1,22.3,2.1,217.0,5662,Nehru Nagar
2025-04-07 05:30:00+00:00,42.5,64.5,38.5,18.3,2.0,166.0,5662,Nehru Nagar
2025-04-07 06:30:00+00:00,33.5,50.5,39.4,16.5,1.85,223.0,5662,Nehru Nagar
2025-04-07 07:30:00+00:00,33.0,50.0,40.2,15.3,2.05,243.0,5662,Nehru Nagar
2025-04-07 08:30:00+00:00,37.5,56.5,40.2,15.0,1.93,211.0,5662,Nehru Nagar
2025-04-07 09:30:00+00:00,39.5,58.5,40.4,15.5,1.65,265.0,5662,Nehru Nagar
2025-04-07 10:30:00+00:00,35.0,52.0,39.9,16.3,1.2,331.0,5662,Nehru Nagar
2025-04-07 11:30:00+00:00,36.0,54.0,38.2,20.0,0.675,260.0,5662,Nehru Nagar
2025-04-07 12:30:00+00:00,64.0,96.0,35.0,24.5,0.775,225.0,5662,Nehru Nagar
2025-04-07 13:30:00+00:00,75.0,112.0,33.8,24.5,1.2,224.0,5662,Nehru Nagar
2025-04-07 14:30:00+00:00,71.0,106.0,32.9,25.8,1.23,251.0,5662,Nehru Nagar
2025-04-07 15:30:00+00:00,79.5,120.0,32.4,28.0,2.08,240.0,5662,Nehru Nagar
2025-04-07 16:30:00+00:00,74.5,113.0,31.8,30.8,2.25,243.0,5662,Nehru Nagar
2025-04-07 17:30:00+00:00,68.0,103.0,31.2,31.7,1.93,247.0,5662,Nehru Nagar
2025-04-07 18:30:00+00:00,63.0,95.0,30.4,35.0,2.1,224.0,5662,Nehru Nagar
2025-04-07 19:30:00+00:00,63.0,95.0,29.9,36.8,3.0,242.0,5662,Nehru Nagar
2025-04-07 20:30:00+00:00,63.5,95.5,29.3,42.3,2.98,222.0,5662,Nehru Nagar
2025-04-07 21:30:00+00:00,65.5,98.5,28.9,46.5,2.98,230.0,5662,Nehru Nagar
2025-04-07 22:30:00+00:00,65.5,98.5,28.4,50.5,2.73,222.0,5662,Nehru Nagar
2025-04-07 23:30:00+00:00,67.0,100.0,28.1,53.0,2.43,221.0,5662,Nehru Nagar
2025-04-08 00:30:00+00:00,71.0,106.0,27.8,55.8,2.3,245.0,5662,Nehru Nagar
2025-04-08 01:30:00+00:00,70.5,106.0,29.0,54.8,2.95,224.0,5662,Nehru Nagar
2025-04-08 02:30:00+00:00,71.0,106.0,31.2,50.8,2.8,197.0,5662,Nehru Nagar
2025-04-08 03:30:00+00:00,73.5,110.0,33.4,43.8,2.73,220.0,5662,Nehru Nagar
2025-04-08 04:30:00+00:00,70.0,104.0,35.2,40.3,2.73,223.0,5662,Nehru Nagar
2025-04-08 05:30:00+00:00,63.0,94.0,36.7,36.5,2.8,213.0,5662,Nehru Nagar
2025-04-08 06:30:00+00:00,71.0,107.0,38.7,31.5,2.8,188.0,5662,Nehru Nagar
2025-04-08 07:30:00+00:00,71.0,107.0,39.1,30.0,2.1,190.0,5662,Nehru Nagar
2025-04-08 08:30:00+00:00,53.0,79.0,39.4,26.0,1.6,262.0,5662,Nehru Nagar
2025-04-08 09:30:00+00:00,49.0,73.0,39.4,26.0,2.2,224.0,5662,Nehru Nagar
2025-04-08 10:30:00+00:00,51.0,76.0,38.7,27.5,1.88,225.0,5662,Nehru Nagar
2025-04-08 11:30:00+00:00,55.5,83.5,36.9,29.5,1.58,229.0,5662,Nehru Nagar
2025-04-08 12:30:00+00:00,64.0,97.0,35.1,32.5,1.15,210.0,5662,Nehru Nagar
2025-04-08 13:30:00+00:00,75.5,114.0,33.9,35.3,1.18,232.0,5662,Nehru Nagar
2025-04-08 14:30:00+00:00,89.0,133.0,33.0,38.0,1.45,230.0,5662,Nehru Nagar
2025-04-08 15:30:00+00:00,87.0,130.0,32.3,41.0,1.8,234.0,5662,Nehru Nagar
2025-04-08 16:30:00+00:00,68.0,102.0,32.0,42.3,1.73,227.0,5662,Nehru Nagar
2025-04-08 17:30:00+00:00,61.3,92.0,31.6,43.7,1.73,223.0,5662,Nehru Nagar
2025-04-08 18:30:00+00:00,63.0,95.0,31.0,46.5,1.7,249.0,5662,Nehru Nagar
2025-04-08 19:30:00+00:00,69.5,105.0,30.4,49.8,1.28,240.0,5662,Nehru Nagar
2025-04-08 20:30:00+00:00,73.5,111.0,30.2,51.0,2.2,242.0,5662,Nehru Nagar
2025-04-08 21:30:00+00:00,77.0,116.0,30.1,52.8,2.43,234.0,5662,Nehru Nagar
2025-04-08 22:30:00+00:00,80.0,120.0,29.8,54.8,1.8,154.0,5662,Nehru Nagar
2025-04-08 23:30:00+00:00,74.0,111.0,29.6,56.0,1.47,180.0,5662,Nehru Nagar
2025-04-11 13:30:00+00:00,53.0,80.0,30.0,49.0,1.9,263.0,5662,Nehru Nagar
2025-04-11 14:30:00+00:00,53.7,80.7,29.7,50.7,1.87,235.0,5662,Nehru Nagar
2025-04-11 15:30:00+00:00,51.5,77.5,29.3,50.3,2.33,227.0,5662,Nehru Nagar
2025-04-11 16:30:00+00:00,53.5,80.5,28.9,52.5,3.5,240.0,5662,Nehru Nagar
2025-04-11 17:30:00+00:00,58.0,87.0,28.3,54.0,2.95,243.0,5662,Nehru Nagar
2025-04-11 18:30:00+00:00,47.0,71.0,25.1,56.0,4.1,254.0,5662,Nehru Nagar
2025-04-11 19:30:00+00:00,30.5,46.0,24.6,58.5,2.78,249.0,5662,Nehru Nagar
2025-04-11 20:30:00+00:00,14.0,21.0,24.4,61.3,3.3,226.0,5662,Nehru Nagar
2025-04-11 21:30:00+00:00,14.5,22.0,24.3,63.5,3.25,220.0,5662,Nehru Nagar
2025-04-11 22:30:00+00:00,15.7,23.7,24.9,62.0,3.17,226.0,5662,Nehru Nagar
2025-04-11 23:30:00+00:00,25.0,37.5,25.0,61.8,3.68,231.0,5662,Nehru Nagar
2025-04-12 00:30:00+00:00,36.7,55.0,25.0,62.0,3.4,226.0,5662,Nehru Nagar
2025-04-12 01:30:00+00:00,37.0,55.5,26.1,57.5,3.68,230.0,5662,Nehru Nagar
2025-04-12 02:30:00+00:00,35.3,53.0,27.9,52.0,3.43,227.0,5662,Nehru Nagar
2025-04-12 03:30:00+00:00,37.5,56.5,30.3,47.0,3.43,186.0,5662,Nehru Nagar
2025-04-12 04:30:00+00:00,41.5,62.5,32.1,45.3,2.78,185.0,5662,Nehru Nagar
2025-04-12 05:30:00+00:00,45.5,68.5,33.4,42.5,2.93,176.0,5662,Nehru Nagar
2025-04-12 06:30:00+00:00,51.5,77.5,34.6,39.3,2.5,197.0,5662,Nehru Nagar
2025-04-12 07:30:00+00:00,54.0,81.0,35.6,37.0,2.2,225.0,5662,Nehru Nagar
2025-04-12 12:30:00+00:00,54.0,81.0,32.8,43.0,0.9,286.0,5662,Nehru Nagar
2025-04-12 13:30:00+00:00,97.0,146.0,32.0,45.5,0.575,180.0,5662,Nehru Nagar
2025-04-12 14:30:00+00:00,89.7,135.0,31.4,45.0,0.767,238.0,5662,Nehru Nagar
2025-04-12 15:30:00+00:00,67.5,102.0,30.4,49.8,0.65,187.0,5662,Nehru Nagar
2025-04-12 16:30:00+00:00,69.5,105.0,29.7,52.0,2.73,283.0,5662,Nehru Nagar
2025-04-12 17:30:00+00:00,79.0,119.0,28.4,59.0,2.45,269.0,5662,Nehru Nagar
2025-04-12 18:30:00+00:00,38.0,57.0,27.9,58.0,0.6,218.0,5662,Nehru Nagar
2025-04-12 19:30:00+00:00,37.0,55.5,28.1,49.3,2.05,305.0,5662,Nehru Nagar
2025-04-12 20:30:00+00:00,26.5,40.0,28.0,47.3,1.18,184.0,5662,Nehru Nagar
2025-04-12 21:30:00+00:00,22.0,33.5,26.3,53.8,4.5,208.0,5662,Nehru Nagar
2025-04-12 22:30:00+00:00,28.0,42.3,24.5,57.7,4.07,181.0,5662,Nehru Nagar
2025-04-12 23:30:00+00:00,30.0,45.0,25.5,48.0,2.0,166.0,5662,Nehru Nagar
2025-04-13 01:30:00+00:00,21.0,32.0,26.5,44.7,2.43,139.0,5662,Nehru Nagar
2025-04-13 02:30:00+00:00,19.0,29.0,28.6,40.8,2.83,132.0,5662,Nehru Nagar
2025-04-13 03:30:00+00:00,18.5,28.0,30.1,39.8,2.9,126.0,5662,Nehru Nagar
2025-04-13 04:30:00+00:00,18.5,28.0,32.2,36.5,2.25,129.0,5662,Nehru Nagar
2025-04-13 05:30:00+00:00,18.5,28.0,34.0,31.0,2.05,194.0,5662,Nehru Nagar
2025-04-13 06:30:00+00:00,22.0,33.0,35.1,27.8,2.3,251.0,5662,Nehru Nagar
2025-04-13 07:30:00+00:00,21.0,31.5,35.6,26.0,2.33,250.0,5662,Nehru Nagar
2025-04-13 08:30:00+00:00,19.0,28.5,36.1,25.8,2.28,253.0,5662,Nehru Nagar
2025-04-13 09:30:00+00:00,19.7,29.7,36.1,26.0,2.07,257.0,5662,Nehru Nagar
2025-04-13 10:30:00+00:00,20.5,31.0,36.2,25.0,1.6,258.0,5662,Nehru Nagar
2025-04-13 11:30:00+00:00,21.0,31.7,34.9,27.0,1.23,239.0,5662,Nehru Nagar
2025-04-13 12:30:00+00:00,36.0,54.5,32.5,33.8,0.375,308.0,5662,Nehru Nagar
2025-04-13 13:30:00+00:00,70.0,106.0,31.0,36.8,0.375,314.0,5662,Nehru Nagar
2025-04-13 14:30:00+00:00,83.0,125.0,29.1,42.5,3.75,215.0,5662,Nehru Nagar
2025-04-13 15:30:00+00:00,58.0,87.5,27.5,44.8,4.68,236.0,5662,Nehru Nagar
2025-04-13 16:30:00+00:00,33.0,50.0,26.8,45.3,3.63,231.0,5662,Nehru Nagar
2025-04-13 17:30:00+00:00,29.0,44.0,26.4,46.0,3.8,218.0,5662,Nehru Nagar
2025-04-13 18:30:00+00:00,34.0,51.0,25.9,48.5,2.9,207.0,5662,Nehru Nagar
2025-04-13 19:30:00+00:00,31.5,47.5,25.4,49.8,2.6,184.0,5662,Nehru Nagar
2025-04-13 20:30:00+00:00,25.5,38.5,25.2,49.0,2.15,153.0,5662,Nehru Nagar
2025-04-13 21:30:00+00:00,21.5,32.5,24.9,49.5,2.0,144.0,5662,Nehru Nagar
2025-04-13 22:30:00+00:00,18.5,28.0,24.7,50.8,2.13,193.0,5662,Nehru Nagar
2025-04-13 23:30:00+00:00,19.0,28.5,24.1,52.8,2.3,188.0,5662,Nehru Nagar
2025-04-14 00:30:00+00:00,27.5,41.5,24.8,52.3,2.08,161.0,5662,Nehru Nagar
2025-04-14 01:30:00+00:00,36.5,55.0,26.7,47.0,2.35,141.0,5662,Nehru Nagar
2025-04-14 02:30:00+00:00,38.5,58.0,28.6,43.8,2.28,213.0,5662,Nehru Nagar
2025-04-14 03:30:00+00:00,38.5,58.0,31.3,39.8,1.8,124.0,5662,Nehru Nagar
2025-04-14 04:30:00+00:00,34.0,51.0,32.7,37.8,2.63,212.0,5662,Nehru Nagar
2025-04-14 05:30:00+00:00,35.3,53.3,34.1,35.0,2.67,202.0,5662,Nehru Nagar
2025-04-14 06:30:00+00:00,42.5,64.0,34.8,33.0,2.7,213.0,5662,Nehru Nagar
2025-04-14 21:30:00+00:00,62.0,93.0,27.2,53.5,1.55,261.0,5662,Nehru Nagar
2025-04-14 22:30:00+00:00,67.0,101.0,27.0,55.0,1.78,241.0,5662,Nehru Nagar
2025-04-14 23:30:00+00:00,77.0,116.0,26.4,58.0,1.9,235.0,5662,Nehru Nagar
2025-04-15 00:30:00+00:00,80.5,121.0,26.7,58.0,1.78,234.0,5662,Nehru Nagar
2025-04-15 01:30:00+00:00,82.0,124.0,28.5,55.0,1.35,209.0,5662,Nehru Nagar
2025-04-15 02:30:00+00:00,89.0,134.0,30.2,50.0,2.9,223.0,5662,Nehru Nagar
2025-04-15 03:30:00+00:00,82.5,124.0,31.7,46.5,3.63,237.0,5662,Nehru Nagar
2025-04-15 04:30:00+00:00,67.5,102.0,33.3,42.3,4.03,224.0,5662,Nehru Nagar
2025-04-15 05:30:00+00:00,56.0,84.5,34.3,38.5,4.43,211.0,5662,Nehru Nagar
2025-04-15 06:30:00+00:00,47.0,71.0,35.4,35.0,3.58,211.0,5662,Nehru Nagar
2025-04-15 07:30:00+00:00,41.5,62.5,36.4,31.3,2.9,174.0,5662,Nehru Nagar
2025-04-15 08:30:00+00:00,37.5,56.5,37.0,28.5,2.68,203.0,5662,Nehru Nagar
2025-04-15 09:30:00+00:00,33.5,50.5,36.9,27.8,2.65,225.0,5662,Nehru Nagar
2025-04-15 10:30:00+00:00,33.5,50.5,36.4,27.0,2.43,225.0,5662,Nehru Nagar
2025-04-15 11:30:00+00:00,44.0,66.5,35.4,29.5,1.63,244.0,5662,Nehru Nagar
2025-04-15 12:30:00+00:00,51.0,77.0,34.2,33.0,1.6,221.0,5662,Nehru Nagar
2025-04-16 03:30:00+00:00,66.0,99.5,34.1,41.3,2.2,193.0,5662,Nehru Nagar
2025-04-16 04:30:00+00:00,57.5,86.5,35.5,35.8,2.43,214.0,5662,Nehru Nagar
2025-04-16 05:30:00+00:00,37.5,56.5,36.4,31.0,2.68,200.0,5662,Nehru Nagar
2025-04-16 06:30:00+00:00,36.0,54.5,37.2,27.0,2.73,237.0,5662,Nehru Nagar
2025-04-16 07:30:00+00:00,30.5,46.0,38.1,23.8,2.25,202.0,5662,Nehru Nagar
2025-04-16 08:30:00+00:00,26.0,39.0,38.6,22.0,2.3,233.0,5662,Nehru Nagar
2025-04-16 09:30:00+00:00,28.5,43.0,38.7,22.8,1.9,229.0,5662,Nehru Nagar
2025-04-16 10:30:00+00:00,31.0,47.0,38.4,24.0,1.65,227.0,5662,Nehru Nagar
2025-04-16 11:30:00+00:00,32.5,49.0,36.8,27.5,1.35,233.0,5662,Nehru Nagar
2025-04-16 12:30:00+00:00,41.0,61.5,34.7,32.8,1.45,228.0,5662,Nehru Nagar
2025-04-16 13:30:00+00:00,53.5,80.5,33.5,34.0,1.55,248.0,5662,Nehru Nagar
2025-04-16 14:30:00+00:00,53.0,80.0,33.2,35.0,1.4,207.0,5662,Nehru Nagar
2025-04-16 17:30:00+00:00,67.0,101.0,31.4,40.5,1.0,206.0,5662,Nehru Nagar
2025-04-16 18:30:00+00:00,67.0,101.0,30.9,43.5,0.7,160.0,5662,Nehru Nagar
2025-04-16 19:30:00+00:00,66.5,100.0,30.5,44.3,0.95,213.0,5662,Nehru Nagar
2025-04-16 20:30:00+00:00,59.0,88.5,30.1,45.0,0.775,238.0,5662,Nehru Nagar
2025-04-16 21:30:00+00:00,54.0,81.0,30.1,44.0,1.9,207.0,5662,Nehru Nagar
2025-04-16 22:30:00+00:00,56.5,85.0,29.5,45.3,1.7,186.0,5662,Nehru Nagar
2025-04-16 23:30:00+00:00,61.0,92.0,29.0,46.8,1.93,135.0,5662,Nehru Nagar
2025-04-17 00:30:00+00:00,67.5,102.0,29.3,47.3,1.65,118.0,5662,Nehru Nagar
2025-04-17 01:30:00+00:00,70.5,106.0,31.0,43.3,1.53,121.0,5662,Nehru Nagar
2025-04-17 02:30:00+00:00,70.0,106.0,33.3,39.3,1.98,116.0,5662,Nehru Nagar
2025-04-17 03:30:00+00:00,63.0,95.0,35.4,35.5,2.08,115.0,5662,Nehru Nagar
2025-04-17 04:30:00+00:00,54.0,81.5,37.0,32.5,2.0,128.0,5662,Nehru Nagar
2025-04-17 05:30:00+00:00,51.3,77.3,38.5,30.0,1.63,132.0,5662,Nehru Nagar
2025-04-17 06:30:00+00:00,37.0,56.0,39.2,26.0,1.9,227.0,5662,Nehru Nagar
2025-04-17 07:30:00+00:00,43.0,65.0,39.6,26.0,1.78,279.0,5662,Nehru Nagar
2025-04-17 08:30:00+00:00,47.0,71.0,40.1,26.3,1.4,189.0,5662,Nehru Nagar
2025-04-17 09:30:00+00:00,46.5,70.0,39.6,27.0,1.75,233.0,5662,Nehru Nagar
2025-04-17 10:30:00+00:00,46.5,70.0,38.9,27.8,1.58,238.0,5662,Nehru Nagar
2025-04-17 11:30:00+00:00,53.7,80.7,37.4,31.0,1.07,190.0,5662,Nehru Nagar
2025-04-17 12:30:00+00:00,64.0,96.0,36.5,31.8,1.13,189.0,5662,Nehru Nagar
2025-04-17 13:30:00+00:00,76.0,114.0,35.2,34.3,1.9,217.0,5662,Nehru Nagar
2025-04-17 14:30:00+00:00,76.0,114.0,31.7,45.8,3.35,226.0,5662,Nehru Nagar
2025-04-17 15:30:00+00:00,66.0,99.0,30.5,46.3,3.3,235.0,5662,Nehru Nagar
2025-04-17 16:30:00+00:00,57.0,85.5,30.0,46.3,2.8,222.0,5662,Nehru Nagar
2025-04-17 17:30:00+00:00,52.0,78.0,29.9,47.0,2.9,230.0,5662,Nehru Nagar
2025-04-17 18:30:00+00:00,50.0,75.0,29.3,48.5,3.7,225.0,5662,Nehru Nagar
2025-04-17 19:30:00+00:00,51.0,76.5,28.9,50.0,3.08,231.0,5662,Nehru Nagar
2025-04-17 20:30:00+00:00,49.0,73.5,28.2,53.3,2.83,225.0,5662,Nehru Nagar
2025-04-17 21:30:00+00:00,48.5,73.0,27.7,55.5,2.73,228.0,5662,Nehru Nagar
2025-04-17 22:30:00+00:00,51.5,77.5,27.3,57.8,3.0,228.0,5662,Nehru Nagar
2025-04-17 23:30:00+00:00,60.5,91.0,27.1,61.0,3.13,233.0,5662,Nehru Nagar
2025-04-18 00:30:00+00:00,66.5,100.0,27.4,62.5,3.63,220.0,5662,Nehru Nagar
2025-04-18 01:30:00+00:00,70.0,105.0,28.8,63.0,3.45,213.0,5662,Nehru Nagar
2025-04-18 02:30:00+00:00,79.0,119.0,30.5,60.5,3.88,200.0,5662,Nehru Nagar
2025-04-18 03:30:00+00:00,85.0,128.0,32.8,52.8,3.1,195.0,5662,Nehru Nagar
2025-04-18 04:30:00+00:00,87.5,132.0,34.2,49.3,3.05,212.0,5662,Nehru Nagar
2025-04-18 05:30:00+00:00,85.0,128.0,36.0,44.0,2.9,207.0,5662,Nehru Nagar
2025-04-18 06:30:00+00:00,79.0,119.0,37.3,39.5,3.2,210.0,5662,Nehru Nagar
2025-04-18 07:30:00+00:00,75.0,113.0,38.4,37.5,2.8,210.0,5662,Nehru Nagar
2025-04-18 08:30:00+00:00,71.0,107.0,39.0,36.0,2.55,218.0,5662,Nehru Nagar
2025-04-18 09:30:00+00:00,71.0,107.0,39.1,35.3,2.33,239.0,5662,Nehru Nagar
2025-04-18 10:30:00+00:00,68.0,103.0,38.4,36.3,2.33,238.0,5662,Nehru Nagar
2025-04-18 11:30:00+00:00,62.5,94.0,36.8,39.3,2.18,226.0,5662,Nehru Nagar
2025-04-18 12:30:00+00:00,61.0,91.5,35.2,43.3,2.23,221.0,5662,Nehru Nagar
2025-04-18 13:30:00+00:00,66.7,100.0,33.7,49.3,2.17,225.0,5662,Nehru Nagar
2025-04-18 14:30:00+00:00,69.5,105.0,33.0,51.0,2.35,229.0,5662,Nehru Nagar
2025-04-18 15:30:00+00:00,71.5,108.0,32.6,51.3,3.3,237.0,5662,Nehru Nagar
2025-04-18 16:30:00+00:00,66.5,100.0,31.9,53.0,3.38,243.0,5662,Nehru Nagar
2025-04-18 17:30:00+00:00,59.0,89.0,31.4,54.0,4.15,241.0,5662,Nehru Nagar
2025-04-18 18:30:00+00:00,61.0,92.0,30.4,56.5,3.95,218.0,5662,Nehru Nagar
2025-04-18 19:30:00+00:00,59.7,90.0,29.9,58.0,3.3,232.0,5662,Nehru Nagar
2025-04-18 20:30:00+00:00,56.5,85.0,29.3,60.5,3.2,221.0,5662,Nehru Nagar
2025-04-18 21:30:00+00:00,55.5,83.5,28.5,63.3,4.23,239.0,5662,Nehru Nagar
2025-04-18 22:30:00+00:00,56.5,85.0,27.4,65.3,5.23,231.0,5662,Nehru Nagar
2025-04-18 23:30:00+00:00,46.0,69.0,27.4,59.5,5.05,220.0,5662,Nehru Nagar
2025-04-19 00:30:00+00:00,36.0,54.0,28.0,56.0,3.43,155.0,5662,Nehru Nagar
2025-04-19 01:30:00+00:00,37.0,55.5,29.5,52.0,2.83,163.0,5662,Nehru Nagar
2025-04-19 02:30:00+00:00,41.0,61.7,31.2,50.0,3.57,186.0,5662,Nehru Nagar
2025-04-19 03:30:00+00:00,46.0,69.5,32.9,41.0,4.93,226.0,5662,Nehru Nagar
2025-04-19 04:30:00+00:00,40.5,61.0,34.1,39.3,4.63,228.0,5662,Nehru Nagar
2025-04-19 05:30:00+00:00,35.3,53.0,35.3,36.3,4.6,222.0,5662,Nehru Nagar
2025-04-19 06:30:00+00:00,29.0,43.5,36.9,32.3,3.83,218.0,5662,Nehru Nagar
2025-04-19 07:30:00+00:00,25.0,37.5,37.5,33.0,3.35,232.0,5662,Nehru Nagar
2025-04-19 08:30:00+00:00,32.5,49.0,38.1,32.8,2.75,219.0,5662,Nehru Nagar
2025-04-19 09:30:00+00:00,36.3,55.0,37.8,33.0,3.4,235.0,5662,Nehru Nagar
2025-04-19 10:30:00+00:00,34.0,51.0,37.2,33.5,2.6,227.0,5662,Nehru Nagar
2025-04-19 11:30:00+00:00,36.5,55.0,36.2,34.8,2.25,228.0,5662,Nehru Nagar
2025-04-19 12:30:00+00:00,39.0,59.0,34.6,37.8,1.88,230.0,5662,Nehru Nagar
2025-04-19 13:30:00+00:00,41.5,62.5,32.9,44.3,2.55,215.0,5662,Nehru Nagar
2025-04-19 14:30:00+00:00,45.5,68.5,31.8,50.0,2.33,231.0,5662,Nehru Nagar
2025-04-19 15:30:00+00:00,44.5,67.0,31.0,53.0,3.05,229.0,5662,Nehru Nagar
2025-04-19 16:30:00+00:00,40.5,61.0,30.7,50.5,3.33,237.0,5662,Nehru Nagar
2025-04-19 17:30:00+00:00,39.0,59.0,30.4,52.0,3.35,233.0,5662,Nehru Nagar
2025-04-19 18:30:00+00:00,37.0,56.0,30.1,52.0,3.2,213.0,5662,Nehru Nagar
2025-04-19 19:30:00+00:00,45.0,68.0,29.7,54.0,3.2,212.0,5662,Nehru Nagar
2025-04-19 20:30:00+00:00,46.5,70.0,29.3,55.0,3.18,221.0,5662,Nehru Nagar
2025-04-19 21:30:00+00:00,40.0,60.0,29.1,56.3,2.4,170.0,5662,Nehru Nagar
2025-04-19 22:30:00+00:00,45.0,67.5,28.8,57.8,2.13,160.0,5662,Nehru Nagar
2025-04-19 23:30:00+00:00,52.5,79.0,28.6,59.0,2.5,192.0,5662,Nehru Nagar
2025-04-20 00:30:00+00:00,58.0,87.5,28.8,59.5,2.2,170.0,5662,Nehru Nagar
2025-04-20 01:30:00+00:00,64.5,97.0,30.0,57.5,2.93,134.0,5662,Nehru Nagar
2025-04-20 02:30:00+00:00,69.0,104.0,31.5,55.3,2.57,120.0,5662,Nehru Nagar
2025-04-20 03:30:00+00:00,73.0,110.0,34.0,48.5,2.68,163.0,5662,Nehru Nagar
2025-04-20 04:30:00+00:00,68.5,103.0,36.2,42.3,2.68,167.0,5662,Nehru Nagar
2025-04-20 05:30:00+00:00,61.0,91.5,37.9,38.0,2.48,162.0,5662,Nehru Nagar
2025-04-20 06:30:00+00:00,63.5,95.5,39.0,35.0,2.55,172.0,5662,Nehru Nagar
2025-04-20 07:30:00+00:00,64.5,97.0,40.2,33.5,2.45,172.0,5662,Nehru Nagar
2025-04-20 08:30:00+00:00,67.0,101.0,40.3,33.0,2.78,189.0,5662,Nehru Nagar
2025-04-20 09:30:00+00:00,71.0,107.0,41.0,27.8,2.25,105.0,5662,Nehru Nagar
2025-04-20 10:30:00+00:00,59.7,89.7,41.9,17.7,1.73,109.0,5662,Nehru Nagar
2025-04-20 11:30:00+00:00,38.0,57.5,40.2,18.8,1.2,184.0,5662,Nehru Nagar
2025-04-20 12:30:00+00:00,47.0,71.0,36.8,26.5,0.65,55.3,5662,Nehru Nagar
2025-04-20 13:30:00+00:00,71.5,108.0,34.5,43.5,1.9,225.0,5662,Nehru Nagar
2025-04-20 14:30:00+00:00,82.5,124.0,33.5,49.8,1.98,238.0,5662,Nehru Nagar
2025-04-20 15:30:00+00:00,73.5,111.0,32.9,50.3,1.38,234.0,5662,Nehru Nagar
2025-04-20 16:30:00+00:00,71.0,107.0,32.5,47.8,1.43,230.0,5662,Nehru Nagar
2025-04-20 17:30:00+00:00,74.0,111.0,31.9,51.0,1.25,231.0,5662,Nehru Nagar
2025-04-20 18:30:00+00:00,72.0,108.0,31.2,53.0,1.35,236.0,5662,Nehru Nagar
2025-04-20 19:30:00+00:00,72.7,109.0,31.8,50.0,2.15,209.0,5662,Nehru Nagar
2025-04-20 20:30:00+00:00,75.3,113.0,30.5,55.3,1.8,243.0,5662,Nehru Nagar
2025-04-20 21:30:00+00:00,80.3,121.0,29.4,60.3,1.03,248.0,5662,Nehru Nagar
2025-04-20 22:30:00+00:00,81.3,122.0,30.0,57.5,1.9,252.0,5662,Nehru Nagar
2025-04-20 23:30:00+00:00,73.3,110.0,30.3,56.0,2.35,218.0,5662,Nehru Nagar
2025-04-21 00:30:00+00:00,72.7,109.0,30.7,55.3,2.08,227.0,5662,Nehru Nagar
2025-04-21 01:30:00+00:00,78.7,118.0,32.5,51.5,1.78,166.0,5662,Nehru Nagar
2025-04-21 02:30:00+00:00,92.7,139.0,34.8,46.0,1.9,133.0,5662,Nehru Nagar
2025-04-21 03:30:00+00:00,99.3,149.0,37.1,41.0,1.93,106.0,5662,Nehru Nagar
2025-04-21 04:30:00+00:00,96.3,145.0,39.7,33.0,2.0,105.0,5662,Nehru Nagar
2025-04-21 05:30:00+00:00,101.0,152.0,41.5,25.0,1.75,107.0,5662,Nehru Nagar
2025-04-21 06:30:00+00:00,51.0,76.5,42.5,17.8,2.53,222.0,5662,Nehru Nagar
2025-04-21 07:30:00+00:00,38.5,58.0,43.1,17.3,2.23,243.0,5662,Nehru Nagar
2025-04-21 08:30:00+00:00,43.0,65.0,43.1,18.3,2.03,263.0,5662,Nehru Nagar
2025-04-21 09:30:00+00:00,46.5,70.0,43.3,18.5,1.55,235.0,5662,Nehru Nagar
2025-04-21 10:30:00+00:00,48.5,73.0,42.1,21.0,1.53,279.0,5662,Nehru Nagar
2025-04-21 11:30:00+00:00,50.5,76.0,40.0,24.3,1.28,286.0,5662,Nehru Nagar
2025-04-21 12:30:00+00:00,60.5,91.0,38.1,25.8,1.0,339.0,5662,Nehru Nagar
2025-04-21 13:30:00+00:00,70.0,106.0,36.5,30.8,0.4,348.0,5662,Nehru Nagar
2025-04-21 14:30:00+00:00,88.5,133.0,35.1,34.5,0.4,335.0,5662,Nehru Nagar
2025-04-21 15:30:00+00:00,108.0,162.0,34.5,36.5,0.325,348.0,5662,Nehru Nagar
2025-04-21 16:30:00+00:00,106.0,160.0,33.9,38.3,0.325,348.0,5662,Nehru Nagar
2025-04-21 17:30:00+00:00,103.0,155.0,33.9,38.5,0.45,348.0,5662,Nehru Nagar
2025-04-21 18:30:00+00:00,114.0,171.0,33.6,38.5,1.3,209.0,5662,Nehru Nagar
2025-04-21 19:30:00+00:00,89.0,134.0,33.3,30.8,1.35,294.0,5662,Nehru Nagar
2025-04-21 20:30:00+00:00,52.0,78.0,32.7,21.8,2.28,323.0,5662,Nehru Nagar
2025-04-21 21:30:00+00:00,43.0,64.5,31.6,18.3,2.83,302.0,5662,Nehru Nagar
2025-04-21 22:30:00+00:00,41.0,61.5,30.7,18.5,2.98,300.0,5662,Nehru Nagar
2025-04-21 23:30:00+00:00,38.0,57.0,29.9,20.0,3.05,305.0,5662,Nehru Nagar
2025-04-22 00:30:00+00:00,42.0,63.0,29.9,26.3,2.68,297.0,5662,Nehru Nagar
2025-04-22 01:30:00+00:00,50.5,76.0,31.6,29.3,2.53,315.0,5662,Nehru Nagar
2025-04-22 02:30:00+00:00,59.0,89.0,33.5,28.0,3.15,333.0,5662,Nehru Nagar
2025-04-22 03:30:00+00:00,59.5,89.5,36.1,24.5,3.43,322.0,5662,Nehru Nagar
2025-04-22 04:30:00+00:00,57.5,86.5,38.2,18.0,3.88,317.0,5662,Nehru Nagar
2025-04-22 05:30:00+00:00,52.5,79.0,39.7,12.3,4.5,316.0,5662,Nehru Nagar
2025-04-22 06:30:00+00:00,49.0,73.5,40.8,8.75,4.48,306.0,5662,Nehru Nagar
2025-04-22 07:30:00+00:00,47.0,70.7,41.4,7.75,4.25,304.0,5662,Nehru Nagar
2025-04-22 08:30:00+00:00,33.0,50.0,41.4,8.5,4.1,316.0,5662,Nehru Nagar
2025-04-22 09:30:00+00:00,25.7,38.7,41.1,8.67,3.73,316.0,5662,Nehru Nagar
2025-04-22 10:30:00+00:00,24.5,37.0,40.4,10.5,3.23,328.0,5662,Nehru Nagar
2025-04-22 11:30:00+00:00,27.5,41.5,38.8,12.3,1.88,329.0,5662,Nehru Nagar
2025-04-22 12:30:00+00:00,32.0,48.0,36.4,15.3,1.4,340.0,5662,Nehru Nagar
2025-04-22 13:30:00+00:00,35.5,53.5,35.0,18.3,1.15,348.0,5662,Nehru Nagar
2025-04-22 14:30:00+00:00,45.0,68.0,34.1,20.3,0.9,348.0,5662,Nehru Nagar
2025-04-22 15:30:00+00:00,56.5,85.0,32.6,22.3,0.325,348.0,5662,Nehru Nagar
2025-04-22 16:30:00+00:00,64.0,96.0,32.0,22.3,0.325,291.0,5662,Nehru Nagar
2025-04-22 17:30:00+00:00,66.0,99.0,32.2,20.5,0.6,299.0,5662,Nehru Nagar
2025-04-22 18:30:00+00:00,57.0,86.0,31.0,21.5,0.75,203.0,5662,Nehru Nagar
2025-04-22 19:30:00+00:00,79.0,119.0,30.5,22.0,0.85,163.0,5662,Nehru Nagar
2025-04-22 20:30:00+00:00,93.7,141.0,29.7,21.3,1.1,170.0,5662,Nehru Nagar
2025-04-22 21:30:00+00:00,82.0,123.0,29.2,22.8,0.95,161.0,5662,Nehru Nagar
2025-04-22 22:30:00+00:00,98.0,147.0,28.2,25.5,1.0,152.0,5662,Nehru Nagar
2025-04-22 23:30:00+00:00,112.0,168.0,28.0,25.3,1.0,145.0,5662,Nehru Nagar
2025-04-23 00:30:00+00:00,115.0,172.0,29.6,23.3,1.4,251.0,5662,Nehru Nagar
2025-04-23 01:30:00+00:00,98.0,147.0,31.6,20.0,2.4,290.0,5662,Nehru Nagar
2025-04-23 02:30:00+00:00,92.5,139.0,33.6,20.8,2.68,303.0,5662,Nehru Nagar
2025-04-23 03:30:00+00:00,89.5,135.0,36.1,19.0,2.93,328.0,5662,Nehru Nagar
2025-04-23 04:30:00+00:00,70.0,105.0,38.4,14.3,3.45,317.0,5662,Nehru Nagar
2025-04-23 05:30:00+00:00,43.5,65.5,40.0,9.25,4.55,316.0,5662,Nehru Nagar
2025-04-23 06:30:00+00:00,30.0,45.5,40.7,8.5,4.93,310.0,5662,Nehru Nagar
2025-04-23 07:30:00+00:00,28.5,43.0,41.0,8.0,4.73,307.0,5662,Nehru Nagar
2025-04-23 08:30:00+00:00,28.5,43.0,41.3,7.25,4.9,289.0,5662,Nehru Nagar
2025-04-23 09:30:00+00:00,25.5,38.5,41.1,7.75,4.5,295.0,5662,Nehru Nagar
2025-04-23 10:30:00+00:00,24.5,37.0,40.6,8.0,3.73,298.0,5662,Nehru Nagar
2025-04-23 11:30:00+00:00,20.3,30.7,39.0,10.0,2.43,329.0,5662,Nehru Nagar
2025-04-23 12:30:00+00:00,28.0,42.0,36.2,14.8,1.2,314.0,5662,Nehru Nagar
2025-04-23 13:30:00+00:00,43.5,65.5,34.2,18.0,0.6,348.0,5662,Nehru Nagar
2025-04-23 14:30:00+00:00,65.0,98.0,33.2,19.0,0.667,348.0,5662,Nehru Nagar
2025-04-23 15:30:00+00:00,65.0,98.0,32.7,16.8,0.75,348.0,5662,Nehru Nagar
2025-04-23 16:30:00+00:00,56.5,85.0,32.2,17.0,0.875,348.0,5662,Nehru Nagar
2025-04-23 17:30:00+00:00,53.3,80.0,31.5,16.7,1.33,347.0,5662,Nehru Nagar
2025-04-23 18:30:00+00:00,45.0,68.0,30.1,19.5,0.65,349.0,5662,Nehru Nagar
2025-04-23 19:30:00+00:00,51.5,77.5,29.7,20.5,0.775,324.0,5662,Nehru Nagar
2025-04-23 20:30:00+00:00,52.5,79.0,29.3,22.8,0.7,269.0,5662,Nehru Nagar
2025-04-23 21:30:00+00:00,48.5,73.0,28.7,22.0,0.95,185.0,5662,Nehru Nagar
2025-04-23 22:30:00+00:00,53.3,80.0,28.2,22.0,1.07,176.0,5662,Nehru Nagar
2025-04-23 23:30:00+00:00,80.7,121.0,27.8,23.3,0.967,180.0,5662,Nehru Nagar
2025-04-24 00:30:00+00:00,145.0,218.0,28.6,24.0,1.58,214.0,5662,Nehru Nagar
2025-04-24 01:30:00+00:00,141.0,211.0,31.4,21.3,1.65,264.0,5662,Nehru Nagar
2025-04-24 02:30:00+00:00,98.5,148.0,34.1,18.5,2.35,268.0,5662,Nehru Nagar
2025-04-24 03:30:00+00:00,76.7,115.0,37.0,15.3,2.73,292.0,5662,Nehru Nagar
2025-04-24 04:30:00+00:00,60.0,90.5,39.3,11.3,2.4,239.0,5662,Nehru Nagar
2025-04-24 05:30:00+00:00,48.5,73.0,40.9,11.0,2.7,225.0,5662,Nehru Nagar
2025-04-24 06:30:00+00:00,38.5,58.0,41.7,9.0,3.28,268.0,5662,Nehru Nagar
2025-04-24 07:30:00+00:00,21.5,32.5,42.0,6.5,3.85,296.0,5662,Nehru Nagar
2025-04-24 08:30:00+00:00,15.5,23.5,42.1,5.25,4.33,315.0,5662,Nehru Nagar
2025-04-24 09:30:00+00:00,14.0,21.5,42.2,5.75,3.55,288.0,5662,Nehru Nagar
2025-04-24 10:30:00+00:00,10.0,15.0,41.4,6.0,3.3,320.0,5662,Nehru Nagar
2025-04-24 11:30:00+00:00,16.0,24.0,39.9,8.25,1.75,341.0,5662,Nehru Nagar
2025-04-24 12:30:00+00:00,25.0,37.5,36.7,16.0,0.425,338.0,5662,Nehru Nagar
2025-04-24 13:30:00+00:00,54.0,81.0,33.9,23.3,0.3,348.0,5662,Nehru Nagar
2025-04-24 14:30:00+00:00,91.0,137.0,32.9,27.0,0.3,348.0,5662,Nehru Nagar
2025-04-24 15:30:00+00:00,105.0,157.0,32.2,27.3,0.3,348.0,5662,Nehru Nagar
2025-04-24 16:30:00+00:00,99.0,149.0,31.5,29.8,0.3,348.0,5662,Nehru Nagar
2025-04-24 17:30:00+00:00,111.0,166.0,31.5,30.7,0.333,251.0,5662,Nehru Nagar
2025-04-24 18:30:00+00:00,174.0,261.0,31.0,32.0,0.4,140.0,5662,Nehru Nagar
2025-04-24 19:30:00+00:00,152.0,228.0,30.8,30.0,0.55,146.0,5662,Nehru Nagar
2025-04-24 20:30:00+00:00,109.0,163.0,30.4,26.3,0.525,45.8,5662,Nehru Nagar
2025-04-24 21:30:00+00:00,73.0,110.0,29.9,26.5,0.8,60.0,5662,Nehru Nagar
2025-04-24 22:30:00+00:00,60.0,90.0,29.6,23.0,0.975,88.0,5662,Nehru Nagar
2025-04-24 23:30:00+00:00,72.0,108.0,28.9,23.5,0.775,187.0,5662,Nehru Nagar
2025-04-25 00:30:00+00:00,104.0,156.0,29.3,30.3,0.825,277.0,5662,Nehru Nagar
2025-04-25 01:30:00+00:00,127.0,190.0,31.7,30.5,1.1,222.0,5662,Nehru Nagar
2025-04-25 02:30:00+00:00,122.0,183.0,35.3,25.3,1.23,190.0,5662,Nehru Nagar
2025-04-25 03:30:00+00:00,101.0,151.0,38.7,15.8,1.5,112.0,5662,Nehru Nagar
2025-04-25 04:30:00+00:00,69.5,105.0,41.4,12.0,1.5,138.0,5662,Nehru Nagar
2025-04-25 05:30:00+00:00,43.0,65.0,42.7,9.25,1.75,137.0,5662,Nehru Nagar
2025-04-25 06:30:00+00:00,29.0,44.0,43.1,6.5,2.55,266.0,5662,Nehru Nagar
2025-04-25 07:30:00+00:00,25.5,38.5,43.4,7.0,2.98,258.0,5662,Nehru Nagar
2025-04-25 08:30:00+00:00,28.3,42.7,43.5,7.0,2.77,297.0,5662,Nehru Nagar
2025-04-26 05:30:00+00:00,36.3,54.7,42.3,7.33,1.53,157.0,5662,Nehru Nagar
2025-04-26 06:30:00+00:00,24.7,37.0,43.0,6.67,1.8,293.0,5662,Nehru Nagar
2025-04-26 07:30:00+00:00,23.0,34.5,43.3,6.5,2.0,254.0,5662,Nehru Nagar
2025-04-26 08:30:00+00:00,29.0,43.5,43.5,6.5,1.75,254.0,5662,Nehru Nagar
2025-04-26 09:30:00+00:00,31.0,46.5,43.1,7.75,1.93,290.0,5662,Nehru Nagar
2025-04-26 10:30:00+00:00,33.0,49.5,42.3,7.25,1.85,217.0,5662,Nehru Nagar
2025-04-26 11:30:00+00:00,41.5,62.5,40.2,11.3,1.35,249.0,5662,Nehru Nagar
2025-04-26 12:30:00+00:00,38.0,57.5,37.5,14.5,1.28,204.0,5662,Nehru Nagar
2025-04-26 13:30:00+00:00,44.0,66.5,35.6,17.8,0.8,225.0,5662,Nehru Nagar
2025-04-26 14:30:00+00:00,59.0,89.0,35.4,17.5,1.25,173.0,5662,Nehru Nagar
2025-04-26 15:30:00+00:00,58.5,88.0,35.9,16.5,2.1,199.0,5662,Nehru Nagar
2025-04-26 16:30:00+00:00,49.5,74.5,35.4,19.3,1.98,146.0,5662,Nehru Nagar
2025-04-26 17:30:00+00:00,43.0,65.0,34.8,20.0,2.0,292.0,5662,Nehru Nagar
2025-04-26 18:30:00+00:00,42.0,63.0,34.0,19.5,2.15,292.0,5662,Nehru Nagar
2025-04-26 19:30:00+00:00,39.5,59.5,36.0,13.5,2.88,232.0,5662,Nehru Nagar
2025-04-26 20:30:00+00:00,32.0,48.5,35.0,16.5,1.18,208.0,5662,Nehru Nagar
2025-04-26 21:30:00+00:00,27.0,41.0,33.5,20.0,1.43,309.0,5662,Nehru Nagar
2025-04-26 22:30:00+00:00,26.0,39.5,32.5,20.5,1.1,228.0,5662,Nehru Nagar
2025-04-26 23:30:00+00:00,31.0,47.0,32.7,21.3,2.8,272.0,5662,Nehru Nagar
2025-04-27 00:30:00+00:00,35.0,53.0,34.4,18.8,1.65,298.0,5662,Nehru Nagar
2025-04-27 01:30:00+00:00,35.5,53.5,33.3,23.0,1.85,220.0,5662,Nehru Nagar
2025-04-27 02:30:00+00:00,38.0,57.0,34.7,21.3,3.08,231.0,5662,Nehru Nagar
2025-04-27 03:30:00+00:00,34.3,51.7,36.2,21.0,2.6,226.0,5662,Nehru Nagar
2025-04-27 04:30:00+00:00,28.0,42.5,37.8,17.3,1.63,201.0,5662,Nehru Nagar
2025-04-27 05:30:00+00:00,31.5,47.5,38.4,16.8,0.875,111.0,5662,Nehru Nagar
2025-04-27 06:30:00+00:00,40.5,61.0,38.5,18.0,1.0,149.0,5662,Nehru Nagar
2025-04-27 07:30:00+00:00,42.5,64.0,39.1,17.0,2.48,298.0,5662,Nehru Nagar
2025-04-27 08:30:00+00:00,33.5,50.5,39.9,14.8,1.95,265.0,5662,Nehru Nagar
2025-04-27 09:30:00+00:00,28.0,42.5,40.1,14.3,2.05,253.0,5662,Nehru Nagar
2025-04-27 10:30:00+00:00,23.5,35.5,38.1,16.8,1.53,342.0,5662,Nehru Nagar
2025-04-27 11:30:00+00:00,29.3,44.0,36.8,20.7,0.5,348.0,5662,Nehru Nagar
2025-04-27 12:30:00+00:00,43.5,65.5,34.8,25.0,0.475,315.0,5662,Nehru Nagar
2025-04-27 13:30:00+00:00,73.0,110.0,33.0,29.8,0.3,330.0,5662,Nehru Nagar
2025-04-27 14:30:00+00:00,101.0,151.0,32.9,27.3,0.325,262.0,5662,Nehru Nagar
2025-04-27 15:30:00+00:00,113.0,169.0,32.1,28.5,0.55,153.0,5662,Nehru Nagar
2025-04-27 16:30:00+00:00,107.0,160.0,32.2,26.0,0.95,81.8,5662,Nehru Nagar
2025-04-27 17:30:00+00:00,96.0,144.0,32.3,24.0,1.15,138.0,5662,Nehru Nagar
2025-04-27 18:30:00+00:00,36.0,54.0,30.9,28.0,0.5,87.0,5662,Nehru Nagar
2025-04-27 19:30:00+00:00,36.0,54.0,30.3,29.3,0.625,173.0,5662,Nehru Nagar
2025-04-27 20:30:00+00:00,34.0,51.0,29.3,33.0,0.525,194.0,5662,Nehru Nagar
2025-04-27 21:30:00+00:00,44.5,67.0,27.9,38.3,0.725,203.0,5662,Nehru Nagar
2025-04-27 22:30:00+00:00,78.5,118.0,27.4,42.3,0.7,225.0,5662,Nehru Nagar
2025-04-27 23:30:00+00:00,109.0,163.0,26.9,44.8,0.425,259.0,5662,Nehru Nagar
2025-04-28 00:30:00+00:00,118.0,177.0,27.8,41.7,0.9,108.0,5662,Nehru Nagar
2025-04-28 01:30:00+00:00,104.0,156.0,29.6,37.5,1.2,112.0,5662,Nehru Nagar
2025-04-28 02:30:00+00:00,73.5,111.0,31.1,34.5,1.85,127.0,5662,Nehru Nagar
2025-04-28 03:30:00+00:00,50.0,75.3,32.6,31.3,1.67,134.0,5662,Nehru Nagar
2025-04-28 04:30:00+00:00,34.5,52.0,34.8,29.3,1.45,144.0,5662,Nehru Nagar
2025-04-28 05:30:00+00:00,37.0,56.0,35.6,27.5,1.78,210.0,5662,Nehru Nagar
2025-04-28 06:30:00+00:00,35.0,53.0,37.0,25.3,1.65,182.0,5662,Nehru Nagar
2025-04-28 07:30:00+00:00,35.0,53.0,37.5,22.3,2.13,213.0,5662,Nehru Nagar
2025-04-28 08:30:00+00:00,51.5,77.5,38.5,18.5,1.55,180.0,5662,Nehru Nagar
2025-04-28 09:30:00+00:00,56.0,84.0,38.6,19.8,1.75,191.0,5662,Nehru Nagar
2025-04-28 10:30:00+00:00,34.5,52.0,37.8,22.5,1.88,210.0,5662,Nehru Nagar
2025-04-28 11:30:00+00:00,32.0,48.5,36.3,26.0,1.85,228.0,5662,Nehru Nagar
2025-04-28 12:30:00+00:00,43.5,65.5,34.9,28.0,2.5,246.0,5662,Nehru Nagar
2025-04-28 13:30:00+00:00,52.0,78.0,33.7,31.3,3.05,238.0,5662,Nehru Nagar
2025-04-28 14:30:00+00:00,60.5,91.0,32.6,33.8,3.98,235.0,5662,Nehru Nagar
2025-04-28 15:30:00+00:00,65.5,98.5,31.4,39.5,4.18,235.0,5662,Nehru Nagar
2025-04-28 16:30:00+00:00,65.0,97.5,30.4,44.5,4.3,225.0,5662,Nehru Nagar
2025-04-28 17:30:00+00:00,62.0,93.0,29.8,46.0,3.25,224.0,5662,Nehru Nagar
2025-04-28 18:30:00+00:00,45.0,68.0,29.0,44.5,3.2,240.0,5662,Nehru Nagar
2025-04-28 19:30:00+00:00,42.5,64.0,28.6,43.5,3.58,253.0,5662,Nehru Nagar
2025-04-28 20:30:00+00:00,42.0,63.0,27.7,46.0,3.63,240.0,5662,Nehru Nagar
2025-04-28 21:30:00+00:00,42.5,64.0,26.3,53.5,2.48,229.0,5662,Nehru Nagar
2025-04-28 22:30:00+00:00,43.5,65.5,26.2,53.3,3.98,242.0,5662,Nehru Nagar
2025-04-28 23:30:00+00:00,49.5,74.5,25.7,54.5,3.8,238.0,5662,Nehru Nagar
2025-04-29 00:30:00+00:00,52.5,79.0,25.7,57.8,4.43,234.0,5662,Nehru Nagar
2025-04-29 01:30:00+00:00,55.5,83.5,26.5,60.3,4.53,240.0,5662,Nehru Nagar
2025-04-29 02:30:00+00:00,60.0,90.5,28.0,57.5,4.83,227.0,5662,Nehru Nagar
2025-04-29 03:30:00+00:00,60.0,90.5,30.0,52.0,5.08,211.0,5662,Nehru Nagar
2025-04-29 04:30:00+00:00,59.5,89.5,32.0,44.3,4.3,229.0,5662,Nehru Nagar
2025-04-29 05:30:00+00:00,60.0,90.0,33.5,41.8,4.03,215.0,5662,Nehru Nagar
2025-04-29 06:30:00+00:00,61.5,92.5,34.9,37.5,4.4,213.0,5662,Nehru Nagar
2025-04-29 07:30:00+00:00,61.0,92.0,36.3,34.8,3.53,186.0,5662,Nehru Nagar
2025-04-29 08:30:00+00:00,59.0,89.0,36.8,33.5,3.68,235.0,5662,Nehru Nagar
2025-04-29 09:30:00+00:00,56.5,85.0,36.7,33.0,3.48,226.0,5662,Nehru Nagar
2025-04-29 10:30:00+00:00,54.5,82.0,36.4,33.0,2.95,229.0,5662,Nehru Nagar
2025-04-29 11:30:00+00:00,56.5,85.0,35.2,34.8,2.55,221.0,5662,Nehru Nagar
2025-04-29 12:30:00+00:00,58.0,87.0,33.7,38.3,2.25,235.0,5662,Nehru Nagar
2025-04-29 13:30:00+00:00,60.7,91.0,32.4,41.7,1.87,231.0,5662,Nehru Nagar
2025-04-29 16:30:00+00:00,64.0,96.0,30.6,47.5,2.5,226.0,5662,Nehru Nagar
2025-04-29 17:30:00+00:00,64.0,96.0,30.5,48.0,2.5,211.0,5662,Nehru Nagar
2025-04-29 18:30:00+00:00,69.0,104.0,29.9,49.0,2.75,241.0,5662,Nehru Nagar
2025-04-29 19:30:00+00:00,64.0,96.5,29.2,51.0,2.4,241.0,5662,Nehru Nagar
2025-04-29 20:30:00+00:00,61.0,92.0,28.2,55.0,2.95,228.0,5662,Nehru Nagar
2025-04-29 21:30:00+00:00,62.3,94.0,27.1,59.0,2.37,243.0,5662,Nehru Nagar
2025-04-29 22:30:00+00:00,58.0,87.5,26.5,63.0,2.88,237.0,5662,Nehru Nagar
2025-04-29 23:30:00+00:00,54.0,81.5,26.3,65.0,3.28,226.0,5662,Nehru Nagar
2025-04-30 00:30:00+00:00,52.5,79.0,26.7,65.3,3.9,244.0,5662,Nehru Nagar
2025-04-30 01:30:00+00:00,55.0,82.5,27.7,62.5,4.1,228.0,5662,Nehru Nagar
2025-04-30 02:30:00+00:00,56.7,85.0,28.9,58.7,3.63,228.0,5662,Nehru Nagar
2025-04-30 03:30:00+00:00,54.0,81.0,30.7,53.3,3.5,200.0,5662,Nehru Nagar
2025-04-30 04:30:00+00:00,52.0,78.0,32.6,47.0,3.08,200.0,5662,Nehru Nagar
2025-04-30 05:30:00+00:00,49.0,73.5,33.9,42.3,3.48,208.0,5662,Nehru Nagar
2025-04-30 06:30:00+00:00,51.0,76.5,35.0,39.5,3.43,220.0,5662,Nehru Nagar
2025-04-30 07:30:00+00:00,50.0,75.0,36.0,36.5,3.15,219.0,5662,Nehru Nagar
2025-04-30 08:30:00+00:00,52.0,78.0,36.5,35.3,3.03,209.0,5662,Nehru Nagar
2025-04-30 09:30:00+00:00,57.0,85.5,36.8,35.5,2.63,211.0,5662,Nehru Nagar
2025-04-30 10:30:00+00:00,56.7,85.0,36.5,36.3,2.5,218.0,5662,Nehru Nagar
2025-04-30 11:30:00+00:00,64.7,97.0,35.3,39.0,2.03,241.0,5662,Nehru Nagar
2025-04-30 12:30:00+00:00,68.5,103.0,34.1,42.0,1.65,232.0,5662,Nehru Nagar
2025-04-30 13:30:00+00:00,70.5,106.0,33.1,44.3,1.85,237.0,5662,Nehru Nagar
2025-04-30 14:30:00+00:00,73.5,111.0,32.5,45.8,2.08,232.0,5662,Nehru Nagar
2025-04-30 15:30:00+00:00,76.0,115.0,32.2,46.0,2.0,235.0,5662,Nehru Nagar
2025-04-30 16:30:00+00:00,75.5,114.0,31.4,48.0,1.88,245.0,5662,Nehru Nagar
2025-04-30 17:30:00+00:00,74.0,111.0,31.3,48.0,2.65,226.0,5662,Nehru Nagar
2025-04-30 18:30:00+00:00,72.0,108.0,30.4,50.0,3.1,223.0,5662,Nehru Nagar
2025-04-30 19:30:00+00:00,70.0,105.0,29.9,51.3,2.8,228.0,5662,Nehru Nagar
2025-04-30 20:30:00+00:00,66.0,99.0,29.1,54.5,2.83,224.0,5662,Nehru Nagar
2025-04-30 21:30:00+00:00,64.5,97.0,28.3,56.8,3.0,238.0,5662,Nehru Nagar
2025-04-30 22:30:00+00:00,65.0,98.0,28.2,57.5,2.68,239.0,5662,Nehru Nagar
2025-04-30 23:30:00+00:00,64.7,97.3,28.0,58.0,3.27,255.0,5662,Nehru Nagar
2025-05-01 00:30:00+00:00,65.7,98.7,28.3,57.7,2.87,237.0,5662,Nehru Nagar
2025-05-01 01:30:00+00:00,62.5,94.0,29.5,55.0,3.88,228.0,5662,Nehru Nagar
2025-05-01 02:30:00+00:00,57.0,85.5,31.1,51.5,3.38,198.0,5662,Nehru Nagar
2025-05-01 03:30:00+00:00,57.0,85.5,32.9,47.8,2.9,201.0,5662,Nehru Nagar
2025-05-01 04:30:00+00:00,57.0,85.5,34.2,45.0,3.75,219.0,5662,Nehru Nagar
2025-05-01 05:30:00+00:00,61.0,91.5,35.4,42.3,3.8,230.0,5662,Nehru Nagar
2025-05-01 06:30:00+00:00,65.5,98.5,36.5,39.8,3.73,203.0,5662,Nehru Nagar
2025-05-01 07:30:00+00:00,62.3,93.7,37.5,36.7,3.53,213.0,5662,Nehru Nagar
2025-05-01 08:30:00+00:00,61.5,92.5,37.3,36.3,3.85,230.0,5662,Nehru Nagar
2025-05-01 09:30:00+00:00,58.0,87.5,37.1,37.5,3.33,216.0,5662,Nehru Nagar
2025-05-01 10:30:00+00:00,62.5,94.0,36.9,37.0,2.95,240.0,5662,Nehru Nagar
2025-05-01 11:30:00+00:00,75.5,114.0,35.8,40.3,2.6,221.0,5662,Nehru Nagar
2025-05-01 12:30:00+00:00,69.3,104.0,33.8,45.0,3.3,228.0,5662,Nehru Nagar
2025-05-01 13:30:00+00:00,56.0,84.0,31.9,48.5,3.5,247.0,5662,Nehru Nagar
2025-05-01 14:30:00+00:00,60.0,90.0,31.3,47.5,3.9,231.0,5662,Nehru Nagar
2025-05-01 15:30:00+00:00,56.0,84.0,30.8,49.5,3.0,239.0,5662,Nehru Nagar
2025-05-01 16:30:00+00:00,57.0,85.5,30.5,52.0,3.03,234.0,5662,Nehru Nagar
2025-05-01 17:30:00+00:00,65.0,97.7,29.9,54.0,3.0,225.0,5662,Nehru Nagar
2025-05-01 18:30:00+00:00,80.0,120.0,29.2,57.0,3.05,235.0,5662,Nehru Nagar
2025-05-01 19:30:00+00:00,78.0,117.0,29.0,56.0,2.9,234.0,5662,Nehru Nagar
2025-05-01 20:30:00+00:00,70.0,105.0,28.5,55.3,2.53,240.0,5662,Nehru Nagar
2025-05-01 21:30:00+00:00,67.0,101.0,28.3,54.0,2.7,249.0,5662,Nehru Nagar
2025-05-01 22:30:00+00:00,63.5,95.5,27.8,53.8,2.5,233.0,5662,Nehru Nagar
2025-05-01 23:30:00+00:00,58.7,88.0,27.6,51.0,3.53,221.0,5662,Nehru Nagar
2025-05-02 00:30:00+00:00,55.5,83.5,28.0,49.3,3.95,224.0,5662,Nehru Nagar
2025-05-02 01:30:00+00:00,53.0,80.0,29.1,46.8,3.48,217.0,5662,Nehru Nagar
2025-05-02 02:30:00+00:00,50.5,76.0,30.3,42.8,4.33,217.0,5662,Nehru Nagar
2025-05-02 03:30:00+00:00,48.0,72.0,31.6,40.0,3.6,211.0,5662,Nehru Nagar
2025-05-02 04:30:00+00:00,39.5,59.5,31.9,41.0,4.5,305.0,5662,Nehru Nagar
2025-05-02 05:30:00+00:00,51.0,77.0,31.5,43.3,4.0,300.0,5662,Nehru Nagar
2025-05-02 06:30:00+00:00,49.5,74.5,33.2,38.8,3.85,252.0,5662,Nehru Nagar
2025-05-02 07:30:00+00:00,51.0,76.5,33.5,38.5,5.95,243.0,5662,Nehru Nagar
2025-05-02 08:30:00+00:00,59.0,88.5,34.6,37.5,4.58,230.0,5662,Nehru Nagar
2025-05-02 09:30:00+00:00,56.0,84.0,34.9,37.8,3.18,236.0,5662,Nehru Nagar
2025-05-02 10:30:00+00:00,58.0,87.0,34.6,37.8,2.6,215.0,5662,Nehru Nagar
2025-05-02 11:30:00+00:00,63.0,94.5,33.9,37.8,2.0,228.0,5662,Nehru Nagar
2025-05-02 12:30:00+00:00,62.0,93.3,32.7,40.3,1.2,225.0,5662,Nehru Nagar
2025-05-02 13:30:00+00:00,68.5,103.0,31.9,42.8,0.775,213.0,5662,Nehru Nagar
2025-05-02 14:30:00+00:00,90.0,135.0,31.3,46.0,0.8,186.0,5662,Nehru Nagar
2025-05-02 15:30:00+00:00,100.0,150.0,30.4,49.5,1.38,271.0,5662,Nehru Nagar
2025-05-02 16:30:00+00:00,88.7,133.0,29.5,52.7,1.73,270.0,5662,Nehru Nagar
2025-05-02 17:30:00+00:00,81.3,122.0,29.0,52.7,1.53,276.0,5662,Nehru Nagar
2025-05-02 18:30:00+00:00,63.0,95.0,28.4,54.0,0.95,257.0,5662,Nehru Nagar
2025-05-02 19:30:00+00:00,60.0,90.5,28.3,54.3,1.13,246.0,5662,Nehru Nagar
2025-05-02 20:30:00+00:00,52.0,78.5,28.0,54.5,1.08,230.0,5662,Nehru Nagar
2025-05-02 21:30:00+00:00,51.5,77.5,27.5,56.5,1.83,238.0,5662,Nehru Nagar
2025-05-02 22:30:00+00:00,57.0,85.5,27.0,59.5,1.43,232.0,5662,Nehru Nagar
2025-05-02 23:30:00+00:00,70.0,105.0,26.7,61.0,1.2,223.0,5662,Nehru Nagar
2025-05-03 00:30:00+00:00,104.0,156.0,27.9,58.7,1.5,223.0,5662,Nehru Nagar
2025-05-03 01:30:00+00:00,100.0,151.0,29.9,51.8,1.73,227.0,5662,Nehru Nagar
2025-05-03 02:30:00+00:00,88.0,133.0,32.3,43.3,2.13,165.0,5662,Nehru Nagar
2025-05-03 03:30:00+00:00,82.5,124.0,34.8,37.8,2.03,146.0,5662,Nehru Nagar
2025-05-03 04:30:00+00:00,65.5,98.5,36.8,33.0,1.68,162.0,5662,Nehru Nagar
2025-05-03 05:30:00+00:00,49.0,74.0,37.8,28.3,2.13,262.0,5662,Nehru Nagar
2025-05-03 06:30:00+00:00,41.0,62.0,37.6,27.8,2.93,284.0,5662,Nehru Nagar
2025-05-03 07:30:00+00:00,47.0,71.0,38.2,26.3,2.23,238.0,5662,Nehru Nagar
2025-05-03 08:30:00+00:00,54.0,81.5,38.5,26.0,2.0,171.0,5662,Nehru Nagar
2025-05-03 09:30:00+00:00,57.5,86.5,38.7,25.5,2.0,300.0,5662,Nehru Nagar
2025-05-03 10:30:00+00:00,55.5,83.5,38.1,26.0,1.55,271.0,5662,Nehru Nagar
2025-05-03 11:30:00+00:00,52.5,79.0,36.9,28.3,1.15,321.0,5662,Nehru Nagar
2025-05-03 12:30:00+00:00,45.0,68.0,35.2,32.0,0.85,331.0,5662,Nehru Nagar
2025-05-03 13:30:00+00:00,62.0,94.0,34.1,33.3,1.2,347.0,5662,Nehru Nagar
2025-05-03 14:30:00+00:00,106.0,159.0,33.2,32.8,1.15,340.0,5662,Nehru Nagar
2025-05-03 15:30:00+00:00,99.5,149.0,32.6,35.8,0.525,209.0,5662,Nehru Nagar
2025-05-03 16:30:00+00:00,88.0,132.0,32.0,38.5,0.8,193.0,5662,Nehru Nagar
2025-05-03 17:30:00+00:00,88.0,132.0,31.4,40.5,1.25,255.0,5662,Nehru Nagar
2025-05-03 18:30:00+00:00,62.0,94.0,30.5,37.5,0.75,346.0,5662,Nehru Nagar
2025-05-03 19:30:00+00:00,56.5,85.5,30.0,40.8,0.475,186.0,5662,Nehru Nagar
2025-05-03 20:30:00+00:00,51.5,77.5,29.5,43.0,0.4,167.0,5662,Nehru Nagar
2025-05-03 21:30:00+00:00,52.5,78.5,29.8,41.3,0.5,200.0,5662,Nehru Nagar
2025-05-03 22:30:00+00:00,47.0,70.0,29.0,40.8,1.0,143.0,5662,Nehru Nagar
2025-05-03 23:30:00+00:00,41.5,61.5,28.4,41.8,0.75,216.0,5662,Nehru Nagar
2025-05-04 00:30:00+00:00,43.5,64.5,29.3,42.3,0.7,217.0,5662,Nehru Nagar
2025-05-04 01:30:00+00:00,50.0,75.0,30.8,40.8,2.05,318.0,5662,Nehru Nagar
2025-05-04 02:30:00+00:00,52.5,79.5,32.8,36.0,1.63,298.0,5662,Nehru Nagar
2025-05-04 03:30:00+00:00,46.5,70.5,34.8,31.3,1.35,235.0,5662,Nehru Nagar
2025-05-04 04:30:00+00:00,45.5,68.5,35.8,30.3,1.55,280.0,5662,Nehru Nagar
2025-05-04 05:30:00+00:00,43.0,64.0,37.9,26.0,1.43,176.0,5662,Nehru Nagar
2025-05-04 06:30:00+00:00,33.5,49.5,38.8,23.8,1.75,137.0,5662,Nehru Nagar
2025-05-04 07:30:00+00:00,29.7,44.3,39.2,23.0,1.93,164.0,5662,Nehru Nagar
2025-05-04 08:30:00+00:00,28.0,42.0,40.2,20.8,1.7,136.0,5662,Nehru Nagar
2025-05-04 09:30:00+00:00,21.5,32.5,40.4,20.0,1.53,204.0,5662,Nehru Nagar
2025-05-04 10:30:00+00:00,18.0,28.0,39.9,21.5,1.13,241.0,5662,Nehru Nagar
2025-05-04 11:30:00+00:00,21.0,32.0,38.3,23.3,1.23,218.0,5662,Nehru Nagar
2025-05-04 12:30:00+00:00,35.0,53.0,35.0,34.5,3.13,232.0,5662,Nehru Nagar
2025-05-04 13:30:00+00:00,52.0,79.0,33.0,41.3,2.25,229.0,5662,Nehru Nagar
2025-05-04 14:30:00+00:00,62.5,94.5,31.9,40.8,2.18,232.0,5662,Nehru Nagar
2025-05-04 15:30:00+00:00,65.0,98.0,31.4,43.5,2.85,248.0,5662,Nehru Nagar
2025-05-04 16:30:00+00:00,59.0,89.0,31.1,46.8,3.23,219.0,5662,Nehru Nagar
2025-05-04 17:30:00+00:00,53.7,81.0,30.4,51.0,2.8,235.0,5662,Nehru Nagar
2025-05-04 18:30:00+00:00,40.0,60.0,29.1,50.0,3.0,233.0,5662,Nehru Nagar
2025-05-04 19:30:00+00:00,31.5,47.5,28.9,50.3,2.43,271.0,5662,Nehru Nagar
2025-05-04 20:30:00+00:00,24.5,36.5,28.0,51.3,3.28,219.0,5662,Nehru Nagar
2025-05-04 21:30:00+00:00,26.0,39.0,28.0,50.0,2.75,242.0,5662,Nehru Nagar
2025-05-04 22:30:00+00:00,22.0,34.0,27.8,51.5,3.25,245.0,5662,Nehru Nagar
2025-05-04 23:30:00+00:00,19.3,29.3,27.6,52.3,3.1,242.0,5662,Nehru Nagar
2025-05-05 00:30:00+00:00,32.0,48.0,28.0,52.0,3.2,237.0,5662,Nehru Nagar
2025-05-05 01:30:00+00:00,31.0,47.0,28.3,51.5,2.73,247.0,5662,Nehru Nagar
2025-05-05 02:30:00+00:00,35.0,53.0,28.6,51.8,2.33,229.0,5662,Nehru Nagar
2025-05-05 03:30:00+00:00,43.0,64.0,29.3,50.5,2.23,243.0,5662,Nehru Nagar
2025-05-05 04:30:00+00:00,51.3,77.3,30.5,46.7,2.93,237.0,5662,Nehru Nagar
2025-05-05 05:30:00+00:00,54.7,82.7,33.1,41.8,2.63,230.0,5662,Nehru Nagar
2025-05-05 06:30:00+00:00,49.0,74.0,34.7,39.5,2.1,215.0,5662,Nehru Nagar
2025-05-05 07:30:00+00:00,46.0,70.0,34.8,39.0,2.48,223.0,5662,Nehru Nagar
2025-05-05 08:30:00+00:00,50.0,75.0,33.7,45.0,3.13,229.0,5662,Nehru Nagar
2025-05-05 09:30:00+00:00,44.7,67.3,33.4,45.7,2.8,244.0,5662,Nehru Nagar
2025-05-05 11:30:00+00:00,50.7,76.7,30.4,50.0,3.43,188.0,5662,Nehru Nagar
2025-05-05 12:30:00+00:00,40.5,61.5,26.6,61.0,5.13,257.0,5662,Nehru Nagar
2025-05-05 13:30:00+00:00,24.0,36.0,26.5,60.3,4.7,288.0,5662,Nehru Nagar
2025-05-05 14:30:00+00:00,24.0,36.0,27.0,56.3,2.2,289.0,5662,Nehru Nagar
2025-05-05 15:30:00+00:00,24.5,37.5,26.9,57.0,1.93,246.0,5662,Nehru Nagar
2025-05-05 16:30:00+00:00,24.5,37.5,26.4,61.5,1.58,215.0,5662,Nehru Nagar
2025-05-05 17:30:00+00:00,22.0,34.0,26.9,60.0,0.9,231.0,5662,Nehru Nagar
2025-05-05 18:30:00+00:00,39.0,59.0,26.0,60.5,1.6,198.0,5662,Nehru Nagar
2025-05-05 19:30:00+00:00,33.5,50.5,25.7,62.0,2.1,227.0,5662,Nehru Nagar
2025-05-05 20:30:00+00:00,28.0,42.0,25.5,63.5,1.98,172.0,5662,Nehru Nagar
2025-05-05 21:30:00+00:00,27.0,40.0,25.4,61.5,1.45,195.0,5662,Nehru Nagar
2025-05-05 22:30:00+00:00,29.0,43.0,25.4,61.8,1.5,160.0,5662,Nehru Nagar
2025-05-05 23:30:00+00:00,27.0,41.0,25.2,62.3,1.48,140.0,5662,Nehru Nagar
2025-05-06 00:30:00+00:00,24.5,37.5,26.0,59.3,1.1,91.3,5662,Nehru Nagar
2025-05-06 01:30:00+00:00,28.5,42.5,27.5,53.8,0.975,196.0,5662,Nehru Nagar
2025-05-06 02:30:00+00:00,29.0,43.0,30.0,48.3,1.5,253.0,5662,Nehru Nagar
2025-05-06 03:30:00+00:00,26.5,39.5,31.8,43.0,1.95,285.0,5662,Nehru Nagar
2025-05-06 04:30:00+00:00,24.7,36.7,33.5,36.7,1.8,230.0,5662,Nehru Nagar
2025-05-06 05:30:00+00:00,23.0,35.0,34.8,35.5,1.9,253.0,5662,Nehru Nagar
2025-05-06 06:30:00+00:00,18.0,28.0,35.5,32.8,2.08,206.0,5662,Nehru Nagar
2025-05-06 07:30:00+00:00,17.0,26.0,36.0,31.8,1.93,215.0,5662,Nehru Nagar
2025-05-06 08:30:00+00:00,28.0,42.0,37.1,29.0,1.6,190.0,5662,Nehru Nagar
2025-05-06 09:30:00+00:00,33.0,49.0,36.9,28.5,1.73,203.0,5662,Nehru Nagar
2025-05-06 10:30:00+00:00,30.0,44.0,36.3,30.0,1.9,188.0,5662,Nehru Nagar
2025-05-06 11:30:00+00:00,31.5,46.5,34.7,35.0,2.98,227.0,5662,Nehru Nagar
2025-05-06 12:30:00+00:00,35.0,52.0,33.5,39.0,2.03,241.0,5662,Nehru Nagar
2025-05-06 13:30:00+00:00,41.5,61.5,32.7,41.5,1.38,236.0,5662,Nehru Nagar
2025-05-06 14:30:00+00:00,50.0,74.0,31.8,45.8,1.48,231.0,5662,Nehru Nagar
2025-05-06 15:30:00+00:00,57.0,85.0,30.9,49.8,1.83,234.0,5662,Nehru Nagar
2025-05-06 16:30:00+00:00,59.0,89.0,30.1,55.0,2.03,221.0,5662,Nehru Nagar
2025-05-06 17:30:00+00:00,55.3,84.0,29.5,56.3,1.87,237.0,5662,Nehru Nagar
2025-05-06 18:30:00+00:00,53.0,79.0,28.7,59.5,2.15,254.0,5662,Nehru Nagar
2025-05-06 19:30:00+00:00,53.5,79.5,28.3,60.8,2.85,240.0,5662,Nehru Nagar
2025-05-06 20:30:00+00:00,50.5,75.5,28.1,61.0,2.98,238.0,5662,Nehru Nagar
2025-05-06 21:30:00+00:00,45.0,68.0,28.1,61.5,2.5,224.0,5662,Nehru Nagar
2025-05-06 22:30:00+00:00,44.5,67.5,27.7,63.0,3.25,214.0,5662,Nehru Nagar
2025-05-06 23:30:00+00:00,48.0,72.0,27.4,65.0,2.55,201.0,5662,Nehru Nagar
2025-05-07 00:30:00+00:00,49.5,73.5,27.6,64.0,2.58,213.0,5662,Nehru Nagar
2025-05-07 01:30:00+00:00,41.5,61.5,29.3,57.3,2.5,188.0,5662,Nehru Nagar
2025-05-07 02:30:00+00:00,34.0,51.0,31.8,47.5,1.98,143.0,5662,Nehru Nagar
2025-05-07 03:30:00+00:00,28.0,43.0,33.7,41.0,2.5,119.0,5662,Nehru Nagar
2025-05-07 04:30:00+00:00,25.5,38.5,34.6,40.5,2.6,107.0,5662,Nehru Nagar
2025-05-07 05:30:00+00:00,31.0,46.0,35.8,38.5,2.5,103.0,5662,Nehru Nagar
2025-05-07 06:30:00+00:00,36.0,54.0,36.8,36.3,2.6,124.0,5662,Nehru Nagar
2025-05-07 07:30:00+00:00,41.0,62.0,37.4,35.0,2.65,131.0,5662,Nehru Nagar
2025-05-07 08:30:00+00:00,48.0,72.0,38.5,32.3,2.3,143.0,5662,Nehru Nagar
2025-05-07 09:30:00+00:00,46.5,69.5,38.2,32.3,2.45,135.0,5662,Nehru Nagar
2025-05-07 10:30:00+00:00,37.7,56.3,37.9,31.3,2.0,107.0,5662,Nehru Nagar
2025-05-07 11:30:00+00:00,31.7,47.7,36.8,32.7,1.5,126.0,5662,Nehru Nagar
2025-05-07 12:30:00+00:00,36.5,55.5,35.5,35.0,0.6,185.0,5662,Nehru Nagar
2025-05-07 13:30:00+00:00,63.0,95.0,33.9,39.0,1.8,334.0,5662,Nehru Nagar
2025-05-07 14:30:00+00:00,51.0,76.3,33.1,39.0,0.6,291.0,5662,Nehru Nagar
2025-05-07 15:30:00+00:00,45.5,68.5,32.4,41.8,0.575,335.0,5662,Nehru Nagar
2025-05-07 16:30:00+00:00,47.5,71.5,31.8,43.5,0.65,274.0,5662,Nehru Nagar
2025-05-07 17:30:00+00:00,49.0,73.0,31.6,45.5,0.8,233.0,5662,Nehru Nagar
2025-05-07 18:30:00+00:00,77.0,115.0,31.7,49.0,0.95,252.0,5662,Nehru Nagar
2025-05-07 19:30:00+00:00,71.5,108.0,31.4,50.0,1.93,146.0,5662,Nehru Nagar
2025-05-07 20:30:00+00:00,68.0,102.0,26.6,72.0,2.47,231.0,5662,Nehru Nagar
2025-05-07 21:30:00+00:00,47.5,71.5,26.0,70.5,2.3,231.0,5662,Nehru Nagar
2025-05-07 22:30:00+00:00,21.3,32.7,26.0,68.7,2.3,232.0,5662,Nehru Nagar
2025-05-07 23:30:00+00:00,11.0,16.0,26.2,62.0,1.6,245.0,5662,Nehru Nagar
2025-05-08 00:30:00+00:00,6.0,10.0,27.3,60.0,3.0,211.0,5662,Nehru Nagar
2025-05-08 01:30:00+00:00,7.0,11.0,27.7,59.0,2.4,120.0,5662,Nehru Nagar
2025-05-08 02:30:00+00:00,11.0,17.0,30.5,51.8,2.08,107.0,5662,Nehru Nagar
2025-05-08 03:30:00+00:00,17.0,26.0,33.4,42.8,2.23,91.0,5662,Nehru Nagar
2025-05-08 04:30:00+00:00,25.0,38.0,35.1,39.0,2.3,98.5,5662,Nehru Nagar
2025-05-08 05:30:00+00:00,32.0,48.0,37.1,34.5,2.05,112.0,5662,Nehru Nagar
2025-05-08 06:30:00+00:00,34.0,50.0,37.6,31.8,2.35,114.0,5662,Nehru Nagar
2025-05-08 07:30:00+00:00,34.0,50.0,37.8,28.8,2.28,126.0,5662,Nehru Nagar
2025-05-08 08:30:00+00:00,32.0,47.0,37.2,29.8,1.83,116.0,5662,Nehru Nagar
2025-05-08 09:30:00+00:00,32.0,48.0,36.2,32.8,1.95,116.0,5662,Nehru Nagar
2025-05-08 10:30:00+00:00,32.0,49.0,36.0,32.0,1.98,135.0,5662,Nehru Nagar
2025-05-08 11:30:00+00:00,27.0,41.0,36.1,32.3,1.8,173.0,5662,Nehru Nagar
2025-05-08 12:30:00+00:00,24.5,36.5,34.6,35.0,1.33,219.0,5662,Nehru Nagar
2025-05-08 13:30:00+00:00,30.7,45.3,33.9,32.7,1.6,200.0,5662,Nehru Nagar
2025-05-08 14:30:00+00:00,51.0,77.0,32.8,41.0,1.0,125.0,5662,Nehru Nagar
2025-05-08 15:30:00+00:00,49.5,74.5,32.4,41.5,0.9,143.0,5662,Nehru Nagar
2025-05-08 16:30:00+00:00,50.0,75.0,31.4,45.3,0.45,244.0,5662,Nehru Nagar
2025-05-08 17:30:00+00:00,52.0,78.0,31.7,44.0,0.9,54.5,5662,Nehru Nagar
2025-05-08 18:30:00+00:00,46.0,70.0,31.1,43.0,0.95,126.0,5662,Nehru Nagar
2025-05-08 19:30:00+00:00,54.0,81.0,30.4,46.5,0.35,16.0,5662,Nehru Nagar
2025-05-08 20:30:00+00:00,62.5,93.5,29.8,50.3,0.3,15.3,5662,Nehru Nagar
2025-05-08 21:30:00+00:00,63.0,95.0,29.6,51.8,0.525,39.5,5662,Nehru Nagar
2025-05-08 22:30:00+00:00,63.0,95.0,29.2,49.7,0.733,120.0,5662,Nehru Nagar
2025-05-08 23:30:00+00:00,63.0,95.0,29.1,50.8,0.6,55.5,5662,Nehru Nagar
2025-05-09 00:30:00+00:00,63.0,95.0,30.6,48.0,1.05,104.0,5662,Nehru Nagar
2025-05-09 01:30:00+00:00,63.0,95.0,29.7,52.0,1.28,109.0,5662,Nehru Nagar
2025-05-09 02:30:00+00:00,63.0,95.0,28.5,59.5,1.5,122.0,5662,Nehru Nagar
2025-05-09 03:30:00+00:00,63.0,95.0,31.0,51.8,1.55,59.3,5662,Nehru Nagar
2025-05-09 04:30:00+00:00,63.0,95.0,33.5,45.0,1.3,142.0,5662,Nehru Nagar
2025-05-09 05:30:00+00:00,28.0,42.0,36.3,37.0,1.85,131.0,5662,Nehru Nagar
2025-05-09 06:30:00+00:00,30.5,45.5,37.8,34.3,2.08,142.0,5662,Nehru Nagar
2025-05-09 07:30:00+00:00,37.0,55.0,38.8,30.3,2.23,117.0,5662,Nehru Nagar
2025-05-09 08:30:00+00:00,41.0,61.0,39.0,30.0,2.15,97.0,5662,Nehru Nagar
2025-05-09 11:30:00+00:00,21.0,31.0,37.7,29.3,1.95,110.0,5662,Nehru Nagar
2025-05-09 12:30:00+00:00,24.0,36.0,33.3,40.3,1.98,105.0,5662,Nehru Nagar
2025-05-09 13:30:00+00:00,26.5,40.5,32.9,42.3,1.4,194.0,5662,Nehru Nagar
2025-05-09 14:30:00+00:00,38.0,58.0,32.2,45.0,0.95,103.0,5662,Nehru Nagar
2025-05-09 15:30:00+00:00,55.0,83.0,31.9,46.0,0.375,267.0,5662,Nehru Nagar
2025-05-09 16:30:00+00:00,70.0,105.0,32.1,47.0,0.5,119.0,5662,Nehru Nagar
2025-05-09 17:30:00+00:00,80.0,120.0,32.3,46.0,0.6,60.0,5662,Nehru Nagar
2025-05-09 18:30:00+00:00,57.0,85.0,31.8,47.0,0.5,167.0,5662,Nehru Nagar
2025-05-09 19:30:00+00:00,57.5,86.5,31.5,47.5,0.625,56.8,5662,Nehru Nagar
2025-05-09 20:30:00+00:00,56.0,85.0,31.1,48.0,0.45,123.0,5662,Nehru Nagar
2025-05-09 21:30:00+00:00,52.3,79.0,30.9,49.3,0.5,84.7,5662,Nehru Nagar
2025-05-09 22:30:00+00:00,53.5,79.5,30.7,49.0,0.675,128.0,5662,Nehru Nagar
2025-05-09 23:30:00+00:00,62.5,93.5,30.4,49.0,0.725,140.0,5662,Nehru Nagar
2025-05-10 00:30:00+00:00,77.5,117.0,31.9,47.3,0.925,50.8,5662,Nehru Nagar
2025-05-10 01:30:00+00:00,73.0,109.0,33.8,43.5,1.35,72.3,5662,Nehru Nagar
2025-05-10 02:30:00+00:00,53.3,80.0,35.9,38.5,1.2,194.0,5662,Nehru Nagar
2025-05-10 03:30:00+00:00,44.5,67.5,37.4,35.8,1.73,153.0,5662,Nehru Nagar
2025-05-10 04:30:00+00:00,31.5,47.5,38.5,33.0,2.3,145.0,5662,Nehru Nagar
2025-05-10 05:30:00+00:00,24.0,36.0,39.5,28.5,2.7,166.0,5662,Nehru Nagar
2025-05-10 06:30:00+00:00,24.0,36.0,40.3,27.5,2.9,149.0,5662,Nehru Nagar
2025-05-10 07:30:00+00:00,27.5,41.5,40.5,26.3,2.65,174.0,5662,Nehru Nagar
2025-05-10 08:30:00+00:00,29.0,44.0,40.4,27.3,2.8,243.0,5662,Nehru Nagar
2025-05-10 09:30:00+00:00,21.0,32.0,38.9,32.3,3.73,273.0,5662,Nehru Nagar
2025-05-10 10:30:00+00:00,18.5,28.5,37.2,34.8,2.95,121.0,5662,Nehru Nagar
2025-05-10 11:30:00+00:00,22.5,34.5,37.1,34.5,1.7,111.0,5662,Nehru Nagar
2025-05-10 12:30:00+00:00,30.0,45.0,35.2,38.0,1.13,79.8,5662,Nehru Nagar
2025-05-10 13:30:00+00:00,42.0,62.0,34.6,38.5,0.925,65.3,5662,Nehru Nagar
2025-05-10 14:30:00+00:00,48.0,72.0,34.4,39.3,0.825,77.8,5662,Nehru Nagar
2025-05-10 15:30:00+00:00,48.0,73.0,34.1,40.5,0.85,164.0,5662,Nehru Nagar
2025-05-10 16:30:00+00:00,64.7,96.7,33.3,46.0,0.6,263.0,5662,Nehru Nagar
2025-05-10 17:30:00+00:00,75.0,112.0,33.0,47.3,0.533,342.0,5662,Nehru Nagar
2025-05-10 18:30:00+00:00,94.0,140.0,32.6,50.0,1.65,74.0,5662,Nehru Nagar
2025-05-10 19:30:00+00:00,83.7,125.0,32.1,51.3,1.37,57.0,5662,Nehru Nagar
2025-05-10 20:30:00+00:00,43.0,65.0,31.7,49.0,1.05,137.0,5662,Nehru Nagar
2025-05-10 21:30:00+00:00,47.0,71.0,31.7,48.3,0.95,97.0,5662,Nehru Nagar
2025-05-10 22:30:00+00:00,55.0,83.0,31.7,48.3,0.75,67.0,5662,Nehru Nagar
2025-05-10 23:30:00+00:00,58.3,87.7,31.1,50.7,0.433,66.7,5662,Nehru Nagar
2025-05-11 00:30:00+00:00,59.5,88.5,32.5,48.8,1.05,65.5,5662,Nehru Nagar
2025-05-11 01:30:00+00:00,58.5,87.5,34.8,43.3,1.03,90.0,5662,Nehru Nagar
2025-05-11 02:30:00+00:00,59.0,89.0,36.2,40.5,1.58,253.0,5662,Nehru Nagar
2025-05-11 03:30:00+00:00,54.5,81.5,37.9,36.8,1.85,273.0,5662,Nehru Nagar
2025-05-11 04:30:00+00:00,47.5,70.5,39.1,34.3,2.3,253.0,5662,Nehru Nagar
2025-05-11 05:30:00+00:00,45.3,67.3,40.1,32.7,2.3,211.0,5662,Nehru Nagar
2025-05-11 11:30:00+00:00,34.0,51.0,36.7,37.3,2.33,175.0,5662,Nehru Nagar
2025-05-11 12:30:00+00:00,37.5,56.5,34.6,43.3,2.08,121.0,5662,Nehru Nagar
2025-05-11 13:30:00+00:00,37.0,56.0,32.3,48.5,2.2,137.0,5662,Nehru Nagar
2025-05-11 14:30:00+00:00,38.5,58.5,32.2,50.0,1.55,75.3,5662,Nehru Nagar
2025-05-11 15:30:00+00:00,39.0,59.0,32.4,49.5,1.63,73.3,5662,Nehru Nagar
2025-05-11 16:30:00+00:00,32.0,48.0,32.0,50.0,2.08,88.5,5662,Nehru Nagar
2025-05-11 17:30:00+00:00,28.0,42.0,31.6,51.5,2.15,76.5,5662,Nehru Nagar
2025-05-11 18:30:00+00:00,36.0,54.0,31.2,52.5,1.55,152.0,5662,Nehru Nagar
2025-05-11 19:30:00+00:00,54.5,81.5,30.9,55.0,1.58,156.0,5662,Nehru Nagar
2025-05-11 20:30:00+00:00,63.5,95.5,30.8,54.8,3.03,261.0,5662,Nehru Nagar
2025-05-11 21:30:00+00:00,52.0,78.0,31.0,51.5,2.75,311.0,5662,Nehru Nagar
2025-05-11 22:30:00+00:00,46.5,69.5,30.7,51.0,3.05,323.0,5662,Nehru Nagar
2025-05-11 23:30:00+00:00,43.0,65.0,30.4,47.5,3.4,331.0,5662,Nehru Nagar
2025-05-12 00:30:00+00:00,44.5,66.5,30.4,42.3,3.4,334.0,5662,Nehru Nagar
2025-05-12 01:30:00+00:00,45.5,67.5,31.4,42.0,2.93,315.0,5662,Nehru Nagar
2025-05-12 02:30:00+00:00,49.5,73.5,32.7,42.3,1.78,318.0,5662,Nehru Nagar
2025-05-12 03:30:00+00:00,54.0,80.0,35.2,40.0,2.68,279.0,5662,Nehru Nagar
2025-05-12 04:30:00+00:00,56.0,83.0,34.9,40.5,3.15,336.0,5662,Nehru Nagar
2025-05-12 05:30:00+00:00,57.5,85.5,36.8,35.0,2.63,313.0,5662,Nehru Nagar
2025-05-12 06:30:00+00:00,49.5,74.5,38.1,31.5,3.18,314.0,5662,Nehru Nagar
2025-05-12 07:30:00+00:00,41.7,63.0,39.2,29.0,2.7,278.0,5662,Nehru Nagar
2025-05-12 08:30:00+00:00,38.0,57.0,39.5,27.0,3.58,303.0,5662,Nehru Nagar
2025-05-12 09:30:00+00:00,37.5,56.5,39.9,26.0,2.73,313.0,5662,Nehru Nagar
2025-05-12 10:30:00+00:00,36.0,54.0,39.6,26.3,2.4,311.0,5662,Nehru Nagar
2025-05-12 11:30:00+00:00,32.3,48.3,38.8,29.0,1.87,302.0,5662,Nehru Nagar
2025-05-12 12:30:00+00:00,38.0,57.0,36.4,32.0,1.58,344.0,5662,Nehru Nagar
2025-05-12 13:30:00+00:00,50.3,76.3,35.4,34.0,1.0,348.0,5662,Nehru Nagar
2025-05-12 14:30:00+00:00,52.0,79.0,34.8,35.5,0.9,348.0,5662,Nehru Nagar
2025-05-12 15:30:00+00:00,60.0,91.0,33.8,39.8,0.375,275.0,5662,Nehru Nagar
2025-05-12 16:30:00+00:00,72.5,110.0,33.7,39.5,0.6,81.8,5662,Nehru Nagar
2025-05-12 17:30:00+00:00,75.0,113.0,33.3,39.0,0.6,189.0,5662,Nehru Nagar
2025-05-12 18:30:00+00:00,88.0,132.0,32.6,39.0,0.9,50.0,5662,Nehru Nagar
2025-05-12 19:30:00+00:00,82.3,124.0,32.2,39.3,0.467,159.0,5662,Nehru Nagar
2025-05-12 20:30:00+00:00,66.5,99.5,31.7,41.3,0.325,63.5,5662,Nehru Nagar
2025-05-12 21:30:00+00:00,72.7,108.0,31.1,42.0,0.867,270.0,5662,Nehru Nagar
2025-05-12 22:30:00+00:00,78.0,117.0,30.8,42.3,0.433,105.0,5662,Nehru Nagar
2025-05-12 23:30:00+00:00,80.5,122.0,31.0,41.8,0.55,189.0,5662,Nehru Nagar
2025-05-13 00:30:00+00:00,83.5,126.0,32.2,40.8,0.85,257.0,5662,Nehru Nagar
2025-05-13 01:30:00+00:00,77.0,115.0,34.1,37.3,1.73,328.0,5662,Nehru Nagar
2025-05-13 02:30:00+00:00,66.5,99.5,35.0,35.0,3.45,311.0,5662,Nehru Nagar
2025-05-13 03:30:00+00:00,63.0,95.0,36.4,31.0,3.45,319.0,5662,Nehru Nagar
2025-05-13 08:30:00+00:00,11.0,16.0,41.1,22.8,3.48,284.0,5662,Nehru Nagar
2025-05-13 09:30:00+00:00,21.5,31.5,41.4,20.8,3.55,312.0,5662,Nehru Nagar
2025-05-13 10:30:00+00:00,25.5,38.5,40.7,21.5,3.13,306.0,5662,Nehru Nagar
2025-05-13 11:30:00+00:00,22.5,34.5,39.2,24.5,2.55,334.0,5662,Nehru Nagar
2025-05-13 12:30:00+00:00,22.0,33.0,37.4,26.5,1.73,337.0,5662,Nehru Nagar
2025-05-13 13:30:00+00:00,30.5,45.5,36.3,29.0,1.25,344.0,5662,Nehru Nagar
2025-05-13 14:30:00+00:00,39.0,59.0,35.5,31.8,1.1,342.0,5662,Nehru Nagar
2025-05-13 15:30:00+00:00,50.0,75.0,34.8,33.3,0.85,348.0,5662,Nehru Nagar
2025-05-13 16:30:00+00:00,56.0,84.0,34.0,35.8,1.78,341.0,5662,Nehru Nagar
2025-05-13 17:30:00+00:00,54.0,82.0,33.4,35.5,2.55,341.0,5662,Nehru Nagar
2025-05-13 18:30:00+00:00,39.0,59.0,32.0,36.0,2.35,312.0,5662,Nehru Nagar
2025-05-13 19:30:00+00:00,29.0,44.0,31.4,35.8,1.93,331.0,5662,Nehru Nagar
2025-05-13 20:30:00+00:00,24.5,36.5,31.1,37.0,1.98,341.0,5662,Nehru Nagar
2025-05-13 21:30:00+00:00,29.7,43.7,30.4,38.3,1.4,335.0,5662,Nehru Nagar
2025-05-13 22:30:00+00:00,26.0,40.0,30.1,37.0,0.9,196.0,5662,Nehru Nagar
2025-05-13 23:30:00+00:00,34.0,51.0,30.1,39.5,1.03,97.3,5662,Nehru Nagar
2025-05-14 00:30:00+00:00,44.7,66.0,30.8,40.0,1.6,137.0,5662,Nehru Nagar
2025-05-14 01:30:00+00:00,52.5,78.5,32.2,37.8,2.68,297.0,5662,Nehru Nagar
2025-05-14 02:30:00+00:00,46.5,70.5,34.4,33.5,2.45,246.0,5662,Nehru Nagar
2025-05-14 03:30:00+00:00,32.5,49.5,36.0,29.8,2.65,259.0,5662,Nehru Nagar
2025-05-14 04:30:00+00:00,26.5,39.5,38.0,28.0,2.8,281.0,5662,Nehru Nagar
2025-05-14 05:30:00+00:00,23.5,34.5,39.4,25.5,3.05,293.0,5662,Nehru Nagar
2025-05-14 06:30:00+00:00,22.0,33.0,40.2,23.3,3.05,295.0,5662,Nehru Nagar
2025-05-14 07:30:00+00:00,31.0,47.0,41.1,24.0,2.98,297.0,5662,Nehru Nagar
2025-05-14 08:30:00+00:00,37.0,55.7,41.5,20.0,3.1,296.0,5662,Nehru Nagar
2025-05-14 09:30:00+00:00,34.7,51.3,41.7,21.0,2.77,308.0,5662,Nehru Nagar
2025-05-14 10:30:00+00:00,36.0,54.0,40.9,22.3,2.95,315.0,5662,Nehru Nagar
2025-05-14 11:30:00+00:00,50.5,76.5,39.6,24.5,1.9,327.0,5662,Nehru Nagar
2025-05-14 12:30:00+00:00,55.0,83.0,37.5,28.8,1.53,330.0,5662,Nehru Nagar
2025-05-14 13:30:00+00:00,52.5,78.5,36.3,33.5,1.48,348.0,5662,Nehru Nagar
2025-05-14 14:30:00+00:00,59.0,88.0,35.5,35.5,0.95,348.0,5662,Nehru Nagar
2025-05-14 15:30:00+00:00,64.5,96.5,34.4,39.8,0.325,319.0,5662,Nehru Nagar
2025-05-14 16:30:00+00:00,90.0,135.0,34.3,40.5,0.375,131.0,5662,Nehru Nagar
2025-05-14 17:30:00+00:00,111.0,167.0,33.6,42.0,0.3,341.0,5662,Nehru Nagar
2025-05-14 18:30:00+00:00,115.0,173.0,33.1,44.0,0.3,10.5,5662,Nehru Nagar
2025-05-14 19:30:00+00:00,109.0,164.0,32.6,43.8,0.3,35.5,5662,Nehru Nagar
2025-05-15 03:30:00+00:00,51.0,77.0,39.2,29.5,1.7,250.0,5662,Nehru Nagar
2025-05-15 04:30:00+00:00,52.0,78.0,40.6,25.5,1.9,216.0,5662,Nehru Nagar
2025-05-15 05:30:00+00:00,50.0,75.0,41.4,24.0,2.4,309.0,5662,Nehru Nagar
2025-05-15 06:30:00+00:00,48.0,72.0,42.4,23.3,2.75,283.0,5662,Nehru Nagar
2025-05-15 07:30:00+00:00,47.0,70.0,42.9,22.3,2.7,250.0,5662,Nehru Nagar
2025-05-15 08:30:00+00:00,48.0,72.0,43.5,21.3,2.78,253.0,5662,Nehru Nagar
2025-05-15 09:30:00+00:00,52.5,78.5,42.7,21.5,3.15,329.0,5662,Nehru Nagar
2025-05-15 10:30:00+00:00,53.5,79.5,41.8,24.8,2.48,295.0,5662,Nehru Nagar
2025-05-15 11:30:00+00:00,55.5,83.5,40.1,26.0,2.05,308.0,5662,Nehru Nagar
2025-05-15 12:30:00+00:00,62.0,94.0,38.6,26.3,1.85,342.0,5662,Nehru Nagar
2025-05-15 13:30:00+00:00,67.5,102.0,37.6,29.8,1.63,346.0,5662,Nehru Nagar
2025-05-15 14:30:00+00:00,68.5,103.0,37.2,30.3,1.4,181.0,5662,Nehru Nagar
2025-05-15 15:30:00+00:00,68.5,103.0,36.7,29.8,1.38,185.0,5662,Nehru Nagar
2025-05-15 16:30:00+00:00,62.0,93.0,35.9,31.5,1.33,179.0,5662,Nehru Nagar
2025-05-15 17:30:00+00:00,55.0,83.0,35.3,32.5,1.25,218.0,5662,Nehru Nagar
2025-05-15 18:30:00+00:00,49.0,73.0,34.2,35.5,0.5,99.5,5662,Nehru Nagar
2025-05-15 19:30:00+00:00,61.5,92.5,33.7,36.5,1.03,214.0,5662,Nehru Nagar
2025-05-15 20:30:00+00:00,70.0,106.0,33.5,36.5,1.18,145.0,5662,Nehru Nagar
2025-05-15 21:30:00+00:00,88.0,133.0,32.9,36.3,1.0,120.0,5662,Nehru Nagar
2025-05-15 22:30:00+00:00,89.5,135.0,32.4,38.0,1.33,121.0,5662,Nehru Nagar
2025-05-15 23:30:00+00:00,79.5,120.0,32.2,40.0,1.18,173.0,5662,Nehru Nagar
2025-05-16 00:30:00+00:00,82.5,124.0,33.2,39.8,0.9,227.0,5662,Nehru Nagar
2025-05-16 01:30:00+00:00,74.5,112.0,35.6,36.5,0.95,188.0,5662,Nehru Nagar
2025-05-16 02:30:00+00:00,71.0,107.0,37.8,33.3,1.23,94.8,5662,Nehru Nagar
2025-05-16 03:30:00+00:00,74.7,112.0,39.6,31.0,1.7,96.0,5662,Nehru Nagar
2025-05-16 04:30:00+00:00,66.0,99.0,42.8,22.8,1.9,124.0,5662,Nehru Nagar
2025-05-16 05:30:00+00:00,59.0,89.0,44.2,18.5,2.33,159.0,5662,Nehru Nagar
2025-05-16 06:30:00+00:00,48.0,72.0,43.7,21.0,3.23,269.0,5662,Nehru Nagar
2025-05-16 07:30:00+00:00,50.5,75.5,42.5,27.5,3.65,271.0,5662,Nehru Nagar
2025-05-16 08:30:00+00:00,56.5,84.5,42.6,26.0,3.38,269.0,5662,Nehru Nagar
2025-05-16 09:30:00+00:00,50.0,75.0,42.5,27.0,3.08,256.0,5662,Nehru Nagar
2025-05-16 10:30:00+00:00,47.0,70.0,41.3,31.0,2.73,225.0,5662,Nehru Nagar
2025-05-16 11:30:00+00:00,50.0,74.7,40.2,31.7,2.4,206.0,5662,Nehru Nagar
2025-05-16 12:30:00+00:00,55.0,83.0,38.3,33.8,1.53,239.0,5662,Nehru Nagar
2025-05-16 13:30:00+00:00,61.5,92.5,36.9,39.0,1.4,211.0,5662,Nehru Nagar
2025-05-16 14:30:00+00:00,69.5,105.0,36.0,45.8,1.65,220.0,5662,Nehru Nagar
2025-05-16 15:30:00+00:00,76.5,115.0,35.5,49.3,1.48,223.0,5662,Nehru Nagar
2025-05-16 16:30:00+00:00,76.0,114.0,35.3,49.0,1.6,220.0,5662,Nehru Nagar
2025-05-16 17:30:00+00:00,75.0,113.0,34.7,51.5,1.45,223.0,5662,Nehru Nagar
2025-05-16 18:30:00+00:00,78.0,116.0,34.1,53.5,1.3,110.0,5662,Nehru Nagar
2025-05-16 19:30:00+00:00,80.0,120.0,33.5,54.0,1.6,115.0,5662,Nehru Nagar
2025-05-16 20:30:00+00:00,80.0,121.0,33.3,53.5,1.65,106.0,5662,Nehru Nagar
2025-05-16 21:30:00+00:00,74.0,111.0,32.9,54.0,1.97,109.0,5662,Nehru Nagar
2025-05-16 22:30:00+00:00,67.5,102.0,32.4,56.8,2.13,250.0,5662,Nehru Nagar
2025-05-16 23:30:00+00:00,70.0,105.0,33.0,53.0,2.88,189.0,5662,Nehru Nagar
2025-05-17 00:30:00+00:00,64.3,97.0,33.5,47.7,3.13,296.0,5662,Nehru Nagar
2025-05-17 01:30:00+00:00,60.0,90.0,33.2,49.0,1.85,283.0,5662,Nehru Nagar
2025-05-17 02:30:00+00:00,65.5,97.5,33.9,48.8,1.05,231.0,5662,Nehru Nagar
2025-05-17 03:30:00+00:00,69.5,105.0,34.0,49.8,2.15,224.0,5662,Nehru Nagar
2025-05-17 04:30:00+00:00,72.0,109.0,33.5,50.0,3.83,232.0,5662,Nehru Nagar
2025-05-17 05:30:00+00:00,73.0,110.0,35.5,43.0,3.4,225.0,5662,Nehru Nagar
2025-05-17 06:30:00+00:00,62.0,93.0,37.8,36.5,2.3,158.0,5662,Nehru Nagar
2025-05-17 07:30:00+00:00,60.0,90.0,39.5,32.8,1.48,143.0,5662,Nehru Nagar
2025-05-17 08:30:00+00:00,62.0,92.7,38.9,33.3,2.1,96.3,5662,Nehru Nagar
2025-05-17 09:30:00+00:00,40.5,60.5,39.6,29.8,1.83,86.8,5662,Nehru Nagar
2025-05-17 10:30:00+00:00,28.5,43.5,40.4,27.0,1.3,69.8,5662,Nehru Nagar
2025-05-17 11:30:00+00:00,40.5,61.5,39.8,27.3,0.725,50.5,5662,Nehru Nagar
2025-05-17 12:30:00+00:00,52.5,78.5,38.2,30.8,1.38,228.0,5662,Nehru Nagar
2025-05-17 13:30:00+00:00,38.0,57.0,37.2,29.5,3.18,257.0,5662,Nehru Nagar
2025-05-17 14:30:00+00:00,23.0,35.0,36.6,26.8,2.93,320.0,5662,Nehru Nagar
2025-05-17 15:30:00+00:00,27.0,40.0,35.8,28.3,0.625,343.0,5662,Nehru Nagar
2025-05-17 16:30:00+00:00,39.5,58.5,34.7,32.8,0.75,198.0,5662,Nehru Nagar
2025-05-17 17:30:00+00:00,45.0,67.0,34.2,33.5,1.1,239.0,5662,Nehru Nagar
2025-05-17 18:30:00+00:00,39.0,59.0,33.3,36.5,0.8,231.0,5662,Nehru Nagar
2025-05-17 19:30:00+00:00,35.0,53.0,33.5,37.3,1.08,128.0,5662,Nehru Nagar
2025-05-17 20:30:00+00:00,37.0,56.0,33.0,38.8,0.775,172.0,5662,Nehru Nagar
2025-05-17 21:30:00+00:00,46.0,69.0,32.7,40.3,0.6,183.0,5662,Nehru Nagar
2025-05-17 22:30:00+00:00,47.0,70.0,31.1,48.0,1.25,250.0,5662,Nehru Nagar
2025-05-17 23:30:00+00:00,51.5,76.5,30.3,52.8,1.48,244.0,5662,Nehru Nagar
2025-05-18 00:30:00+00:00,57.5,85.5,31.4,53.0,2.15,227.0,5662,Nehru Nagar
2025-05-18 01:30:00+00:00,56.0,84.0,32.7,48.5,2.43,238.0,5662,Nehru Nagar
2025-05-18 02:30:00+00:00,58.0,87.0,34.2,47.5,2.75,223.0,5662,Nehru Nagar
2025-05-18 03:30:00+00:00,58.0,87.0,36.0,44.5,2.63,213.0,5662,Nehru Nagar
2025-05-18 04:30:00+00:00,56.0,84.0,38.1,39.3,1.98,189.0,5662,Nehru Nagar
2025-05-18 05:30:00+00:00,53.0,79.0,40.3,31.0,1.88,137.0,5662,Nehru Nagar
2025-05-18 06:30:00+00:00,48.5,72.5,41.2,28.8,2.53,217.0,5662,Nehru Nagar
2025-05-18 07:30:00+00:00,43.0,65.0,42.3,27.0,2.3,234.0,5662,Nehru Nagar
2025-05-18 08:30:00+00:00,38.5,58.5,42.9,27.0,2.08,284.0,5662,Nehru Nagar
2025-05-18 09:30:00+00:00,43.0,65.0,42.8,27.0,2.35,300.0,5662,Nehru Nagar
2025-05-18 10:30:00+00:00,40.5,61.5,42.1,29.5,2.58,279.0,5662,Nehru Nagar
2025-05-18 11:30:00+00:00,37.0,56.0,39.6,36.8,3.45,239.0,5662,Nehru Nagar
2025-05-18 12:30:00+00:00,43.0,65.0,37.5,41.0,2.38,219.0,5662,Nehru Nagar
2025-05-18 13:30:00+00:00,49.5,74.5,36.4,45.5,2.38,240.0,5662,Nehru Nagar
2025-05-18 14:30:00+00:00,53.0,79.0,35.6,46.0,2.8,235.0,5662,Nehru Nagar
2025-05-18 15:30:00+00:00,56.0,84.0,34.9,47.3,3.23,239.0,5662,Nehru Nagar
2025-05-18 16:30:00+00:00,56.0,84.0,34.0,50.0,3.33,247.0,5662,Nehru Nagar
2025-05-18 17:30:00+00:00,53.0,79.0,33.5,52.5,2.85,215.0,5662,Nehru Nagar
2025-05-18 18:30:00+00:00,53.0,79.0,32.9,54.0,3.65,246.0,5662,Nehru Nagar
2025-05-18 19:30:00+00:00,53.0,79.0,32.5,54.5,3.55,232.0,5662,Nehru Nagar
2025-05-18 20:30:00+00:00,53.5,79.5,31.8,56.0,3.1,222.0,5662,Nehru Nagar
2025-05-18 21:30:00+00:00,49.0,73.0,30.8,59.5,2.7,242.0,5662,Nehru Nagar
2025-05-18 22:30:00+00:00,44.7,67.3,30.3,62.3,3.07,243.0,5662,Nehru Nagar
2025-05-18 23:30:00+00:00,48.0,72.0,29.8,62.8,3.28,232.0,5662,Nehru Nagar
2025-05-19 00:30:00+00:00,54.0,81.0,29.9,61.8,3.93,226.0,5662,Nehru Nagar
2025-05-19 01:30:00+00:00,51.0,77.0,30.6,60.8,4.13,232.0,5662,Nehru Nagar
2025-05-19 02:30:00+00:00,46.0,69.0,32.4,56.0,3.8,219.0,5662,Nehru Nagar
2025-05-19 03:30:00+00:00,47.0,71.0,34.3,50.0,3.38,208.0,5662,Nehru Nagar
2025-05-19 04:30:00+00:00,46.0,70.0,36.4,46.0,2.83,199.0,5662,Nehru Nagar
2025-05-19 05:30:00+00:00,45.7,69.0,37.5,42.7,2.87,203.0,5662,Nehru Nagar
2025-05-19 06:30:00+00:00,44.0,66.0,39.4,37.0,2.5,208.0,5662,Nehru Nagar
2025-05-19 07:30:00+00:00,46.5,69.5,39.6,37.5,3.15,216.0,5662,Nehru Nagar
2025-05-19 08:30:00+00:00,47.5,71.5,40.2,36.3,2.75,247.0,5662,Nehru Nagar
2025-05-19 09:30:00+00:00,46.0,69.3,40.0,35.3,2.6,248.0,5662,Nehru Nagar
2025-05-19 10:30:00+00:00,40.0,60.0,39.5,35.0,2.8,257.0,5662,Nehru Nagar
2025-05-19 11:30:00+00:00,40.0,60.0,38.3,39.5,2.6,231.0,5662,Nehru Nagar
2025-05-19 12:30:00+00:00,50.5,75.5,36.8,42.8,2.48,223.0,5662,Nehru Nagar
2025-05-19 13:30:00+00:00,72.0,108.0,36.3,43.5,2.9,227.0,5662,Nehru Nagar
2025-05-19 14:30:00+00:00,71.5,108.0,35.4,45.8,3.13,233.0,5662,Nehru Nagar
2025-05-19 15:30:00+00:00,59.0,88.0,34.5,49.5,3.7,230.0,5662,Nehru Nagar
2025-05-19 16:30:00+00:00,56.0,83.3,33.8,51.7,3.3,233.0,5662,Nehru Nagar
2025-05-19 17:30:00+00:00,52.0,78.0,33.2,52.5,3.7,233.0,5662,Nehru Nagar
2025-05-19 18:30:00+00:00,49.0,73.0,31.8,56.0,3.55,234.0,5662,Nehru Nagar
2025-05-19 19:30:00+00:00,45.5,67.5,30.9,59.3,3.55,231.0,5662,Nehru Nagar
2025-05-19 20:30:00+00:00,38.5,57.5,30.1,62.5,3.58,248.0,5662,Nehru Nagar
2025-05-19 21:30:00+00:00,34.5,51.5,29.4,64.5,3.43,222.0,5662,Nehru Nagar
2025-05-19 22:30:00+00:00,34.0,50.0,29.0,65.7,2.6,227.0,5662,Nehru Nagar
2025-05-19 23:30:00+00:00,37.3,56.0,28.6,67.7,3.2,238.0,5662,Nehru Nagar
2025-05-20 00:30:00+00:00,37.0,56.0,28.8,67.3,3.6,219.0,5662,Nehru Nagar
2025-05-20 01:30:00+00:00,37.0,56.0,29.8,65.3,3.4,213.0,5662,Nehru Nagar
2025-05-20 02:30:00+00:00,38.5,58.5,31.1,60.0,3.53,224.0,5662,Nehru Nagar
2025-05-20 03:30:00+00:00,42.0,63.0,33.3,51.0,2.9,187.0,5662,Nehru Nagar
2025-05-20 04:30:00+00:00,49.5,73.5,35.3,51.0,2.6,173.0,5662,Nehru Nagar
2025-05-20 05:30:00+00:00,57.5,85.5,37.0,45.8,2.35,188.0,5662,Nehru Nagar
2025-05-20 06:30:00+00:00,68.0,102.0,38.8,40.5,1.9,213.0,5662,Nehru Nagar
2025-05-20 07:30:00+00:00,81.5,123.0,40.1,38.3,1.8,202.0,5662,Nehru Nagar
2025-05-20 08:30:00+00:00,73.0,109.0,40.7,37.0,2.0,232.0,5662,Nehru Nagar
2025-05-20 09:30:00+00:00,75.0,112.0,40.8,36.3,2.2,250.0,5662,Nehru Nagar
2025-05-20 10:30:00+00:00,63.0,95.0,40.5,36.0,2.0,207.0,5662,Nehru Nagar
2025-05-20 11:30:00+00:00,60.5,90.5,39.7,37.0,1.88,207.0,5662,Nehru Nagar
2025-05-20 12:30:00+00:00,96.0,144.0,38.4,39.5,1.15,237.0,5662,Nehru Nagar
2025-05-20 13:30:00+00:00,100.0,150.0,37.5,43.0,1.45,219.0,5662,Nehru Nagar
2025-05-20 15:30:00+00:00,46.0,70.0,34.4,49.5,2.95,247.0,5662,Nehru Nagar
2025-05-20 16:30:00+00:00,41.5,62.5,33.8,51.8,3.68,240.0,5662,Nehru Nagar
2025-05-20 17:30:00+00:00,37.0,55.0,33.3,53.5,3.8,236.0,5662,Nehru Nagar
2025-05-20 18:30:00+00:00,32.0,48.0,32.8,54.0,2.8,210.0,5662,Nehru Nagar
2025-05-20 19:30:00+00:00,31.0,46.0,32.6,53.8,2.85,186.0,5662,Nehru Nagar
2025-05-20 20:30:00+00:00,31.0,46.0,32.1,54.3,2.75,216.0,5662,Nehru Nagar
2025-05-20 21:30:00+00:00,29.0,44.0,31.4,56.3,2.68,222.0,5662,Nehru Nagar
2025-05-20 22:30:00+00:00,37.5,56.5,30.8,60.8,3.03,222.0,5662,Nehru Nagar
2025-05-20 23:30:00+00:00,47.5,70.5,30.3,66.8,2.65,225.0,5662,Nehru Nagar
2025-05-21 00:30:00+00:00,50.5,75.5,30.7,68.8,3.78,241.0,5662,Nehru Nagar
2025-05-21 01:30:00+00:00,48.5,73.5,31.7,66.3,3.35,226.0,5662,Nehru Nagar
2025-05-21 02:30:00+00:00,42.5,64.5,33.4,60.3,3.6,214.0,5662,Nehru Nagar
2025-05-21 03:30:00+00:00,44.0,66.0,33.6,58.8,5.25,233.0,5662,Nehru Nagar
2025-05-21 05:30:00+00:00,59.0,89.0,35.7,51.0,4.55,240.0,5662,Nehru Nagar
2025-05-21 06:30:00+00:00,78.0,117.0,36.8,48.0,3.83,214.0,5662,Nehru Nagar
2025-05-21 07:30:00+00:00,84.5,127.0,37.8,44.3,4.0,221.0,5662,Nehru Nagar
2025-05-21 08:30:00+00:00,74.5,112.0,38.1,43.8,3.95,235.0,5662,Nehru Nagar
2025-05-21 09:30:00+00:00,84.5,127.0,37.7,45.0,3.95,233.0,5662,Nehru Nagar
2025-05-21 10:30:00+00:00,67.0,101.0,37.7,43.5,3.3,219.0,5662,Nehru Nagar
2025-05-21 11:30:00+00:00,54.0,81.0,37.0,44.3,2.88,237.0,5662,Nehru Nagar
2025-05-21 12:30:00+00:00,40.5,60.5,36.1,45.0,2.28,232.0,5662,Nehru Nagar
2025-05-21 13:30:00+00:00,41.7,62.3,35.5,44.0,2.4,229.0,5662,Nehru Nagar
2025-05-21 15:30:00+00:00,22.0,32.0,32.9,43.0,3.6,217.0,5662,Nehru Nagar
2025-05-21 16:30:00+00:00,24.5,36.5,32.4,45.3,3.38,230.0,5662,Nehru Nagar
2025-05-21 17:30:00+00:00,27.0,41.0,32.0,48.5,3.35,245.0,5662,Nehru Nagar
2025-05-21 18:30:00+00:00,62.0,92.0,24.1,77.5,8.5,329.0,5662,Nehru Nagar
2025-05-21 19:30:00+00:00,53.5,79.5,24.1,79.0,4.88,291.0,5662,Nehru Nagar
2025-05-21 20:30:00+00:00,26.5,39.5,26.0,66.3,4.68,244.0,5662,Nehru Nagar
2025-05-21 21:30:00+00:00,8.0,12.0,25.9,66.0,4.4,213.0,5662,Nehru Nagar
2025-05-21 22:30:00+00:00,12.0,18.0,25.9,69.3,2.9,189.0,5662,Nehru Nagar
2025-05-21 23:30:00+00:00,9.5,14.5,25.5,70.5,3.45,227.0,5662,Nehru Nagar
2025-05-22 00:30:00+00:00,10.5,16.5,25.8,72.0,2.05,164.0,5662,Nehru Nagar
2025-05-22 01:30:00+00:00,15.0,23.0,27.0,70.3,1.88,90.3,5662,Nehru Nagar
2025-05-22 02:30:00+00:00,22.0,33.0,29.4,63.0,2.25,82.8,5662,Nehru Nagar
2025-05-22 03:30:00+00:00,21.0,31.0,31.3,55.5,1.83,94.3,5662,Nehru Nagar
2025-05-22 04:30:00+00:00,14.5,21.5,32.8,51.5,2.08,236.0,5662,Nehru Nagar
2025-05-22 05:30:00+00:00,20.0,30.0,33.4,50.0,2.33,216.0,5662,Nehru Nagar
2025-05-22 06:30:00+00:00,26.5,39.5,33.9,50.5,2.53,218.0,5662,Nehru Nagar
2025-05-22 07:30:00+00:00,21.0,32.0,34.2,50.3,2.75,234.0,5662,Nehru Nagar
2025-05-22 08:30:00+00:00,19.5,29.5,34.8,48.8,2.4,231.0,5662,Nehru Nagar
2025-05-22 09:30:00+00:00,28.3,42.3,34.8,48.3,2.5,226.0,5662,Nehru Nagar
2025-05-22 10:30:00+00:00,22.0,34.0,33.2,53.0,2.3,231.0,5662,Nehru Nagar
2025-05-22 11:30:00+00:00,32.0,48.0,32.5,55.5,3.25,208.0,5662,Nehru Nagar
2025-05-22 12:30:00+00:00,38.5,57.5,32.0,55.8,2.48,214.0,5662,Nehru Nagar
2025-05-22 13:30:00+00:00,31.0,47.0,31.3,59.0,2.53,184.0,5662,Nehru Nagar
2025-05-22 14:30:00+00:00,22.0,34.0,30.5,65.5,2.95,223.0,5662,Nehru Nagar
2025-05-22 15:30:00+00:00,31.0,47.0,30.1,67.0,2.88,209.0,5662,Nehru Nagar
2025-05-22 16:30:00+00:00,39.0,58.0,29.7,67.5,3.08,216.0,5662,Nehru Nagar
2025-05-22 17:30:00+00:00,38.0,56.0,29.5,67.5,2.75,219.0,5662,Nehru Nagar
2025-05-22 18:30:00+00:00,35.0,53.0,28.9,72.0,2.95,232.0,5662,Nehru Nagar
2025-05-22 19:30:00+00:00,36.0,54.0,28.4,71.8,2.5,230.0,5662,Nehru Nagar
2025-05-22 20:30:00+00:00,40.0,60.0,27.8,75.8,2.3,220.0,5662,Nehru Nagar
2025-05-22 21:30:00+00:00,44.5,66.5,27.6,76.0,2.4,241.0,5662,Nehru Nagar
2025-05-22 22:30:00+00:00,47.0,70.0,27.3,76.5,2.7,226.0,5662,Nehru Nagar
2025-05-22 23:30:00+00:00,49.5,74.5,27.1,78.8,2.95,234.0,5662,Nehru Nagar
2025-05-23 00:30:00+00:00,50.0,75.0,27.7,78.5,2.93,230.0,5662,Nehru Nagar
2025-05-23 01:30:00+00:00,45.5,68.5,29.1,74.8,3.33,239.0,5662,Nehru Nagar
2025-05-23 02:30:00+00:00,45.5,68.5,31.1,67.8,2.88,219.0,5662,Nehru Nagar
2025-05-23 03:30:00+00:00,53.5,79.5,33.0,60.0,3.0,197.0,5662,Nehru Nagar
2025-05-23 04:30:00+00:00,50.0,74.0,34.4,53.5,3.78,194.0,5662,Nehru Nagar
2025-05-23 05:30:00+00:00,46.7,69.3,35.7,49.0,3.27,203.0,5662,Nehru Nagar
2025-05-23 06:30:00+00:00,43.0,65.0,37.0,45.0,2.8,192.0,5662,Nehru Nagar
2025-05-23 07:30:00+00:00,40.0,60.0,37.3,43.8,3.0,169.0,5662,Nehru Nagar
2025-05-23 08:30:00+00:00,34.0,51.0,37.6,42.5,2.6,200.0,5662,Nehru Nagar
2025-05-23 09:30:00+00:00,31.7,47.7,37.9,40.3,2.23,205.0,5662,Nehru Nagar
2025-05-23 10:30:00+00:00,34.0,50.0,37.5,41.0,2.15,202.0,5662,Nehru Nagar
2025-05-23 11:30:00+00:00,32.0,47.0,36.8,42.8,2.28,219.0,5662,Nehru Nagar
2025-05-23 12:30:00+00:00,30.0,44.0,35.4,47.5,2.45,216.0,5662,Nehru Nagar
2025-05-23 13:30:00+00:00,33.7,49.7,34.6,51.0,2.83,227.0,5662,Nehru Nagar
2025-05-23 14:30:00+00:00,43.0,65.0,33.8,54.0,2.3,209.0,5662,Nehru Nagar
2025-05-23 15:30:00+00:00,43.5,65.5,33.2,54.5,3.15,228.0,5662,Nehru Nagar
2025-05-23 16:30:00+00:00,45.0,68.0,32.5,58.8,3.35,213.0,5662,Nehru Nagar
2025-05-23 17:30:00+00:00,46.0,70.0,32.0,60.0,3.25,240.0,5662,Nehru Nagar
2025-05-23 18:30:00+00:00,50.0,76.0,31.3,62.0,3.0,203.0,5662,Nehru Nagar
2025-05-23 19:30:00+00:00,46.0,70.0,31.0,63.0,2.93,218.0,5662,Nehru Nagar
2025-05-23 20:30:00+00:00,45.5,68.5,30.4,62.8,3.48,234.0,5662,Nehru Nagar
2025-05-23 21:30:00+00:00,46.5,69.5,30.1,65.3,3.55,226.0,5662,Nehru Nagar
2025-05-23 22:30:00+00:00,43.0,64.0,29.6,66.5,2.8,228.0,5662,Nehru Nagar
2025-05-23 23:30:00+00:00,39.5,58.5,29.1,69.3,2.85,235.0,5662,Nehru Nagar
2025-05-24 00:30:00+00:00,39.5,58.5,29.4,70.0,3.25,249.0,5662,Nehru Nagar
2025-05-24 01:30:00+00:00,43.0,64.0,30.4,67.0,5.13,241.0,5662,Nehru Nagar
2025-05-24 02:30:00+00:00,44.0,66.0,31.8,62.8,4.55,228.0,5662,Nehru Nagar
2025-05-24 03:30:00+00:00,54.0,81.0,33.4,58.5,4.68,221.0,5662,Nehru Nagar
2025-05-24 04:30:00+00:00,53.5,80.5,34.6,54.0,4.33,204.0,5662,Nehru Nagar
2025-05-24 05:30:00+00:00,44.5,67.5,35.8,50.3,4.4,175.0,5662,Nehru Nagar
2025-05-24 06:30:00+00:00,44.7,67.3,36.4,47.0,4.2,204.0,5662,Nehru Nagar
2025-05-24 07:30:00+00:00,45.0,68.0,37.1,45.8,3.8,197.0,5662,Nehru Nagar
2025-05-24 08:30:00+00:00,44.0,66.0,37.2,45.5,3.68,179.0,5662,Nehru Nagar
2025-05-24 09:30:00+00:00,42.5,63.5,37.4,45.0,3.6,206.0,5662,Nehru Nagar
2025-05-24 10:30:00+00:00,41.5,62.5,36.8,46.0,3.75,210.0,5662,Nehru Nagar
2025-05-24 11:30:00+00:00,37.0,55.0,36.1,46.8,3.45,199.0,5662,Nehru Nagar
2025-05-24 12:30:00+00:00,38.5,57.5,35.1,49.5,3.33,216.0,5662,Nehru Nagar
2025-05-24 13:30:00+00:00,45.5,68.5,34.4,53.0,3.48,238.0,5662,Nehru Nagar
2025-05-24 14:30:00+00:00,49.0,74.0,33.8,54.8,3.03,241.0,5662,Nehru Nagar
2025-05-24 15:30:00+00:00,49.0,74.0,33.4,56.8,2.98,226.0,5662,Nehru Nagar
2025-05-24 16:30:00+00:00,50.0,75.0,32.7,60.0,3.35,219.0,5662,Nehru Nagar
2025-05-24 17:30:00+00:00,53.3,80.0,32.2,63.0,3.5,210.0,5662,Nehru Nagar
2025-05-24 18:30:00+00:00,64.0,96.0,31.3,65.5,3.6,200.0,5662,Nehru Nagar
2025-05-24 19:30:00+00:00,58.0,87.0,31.1,62.0,3.4,200.0,5662,Nehru Nagar
2025-05-24 20:30:00+00:00,48.5,72.5,30.6,62.5,2.85,208.0,5662,Nehru Nagar
2025-05-24 21:30:00+00:00,42.5,63.5,30.1,66.8,2.05,234.0,5662,Nehru Nagar
2025-05-24 22:30:00+00:00,39.5,59.5,29.9,66.8,2.25,223.0,5662,Nehru Nagar
2025-05-24 23:30:00+00:00,38.5,57.5,29.7,66.0,2.33,217.0,5662,Nehru Nagar
2025-05-25 00:30:00+00:00,34.5,51.5,30.2,65.5,2.98,224.0,5662,Nehru Nagar
2025-05-25 01:30:00+00:00,34.5,51.5,31.5,62.5,2.9,233.0,5662,Nehru Nagar
2025-05-25 02:30:00+00:00,38.0,56.7,32.8,58.7,3.13,217.0,5662,Nehru Nagar
2025-05-25 03:30:00+00:00,38.5,58.5,34.0,55.3,2.2,196.0,5662,Nehru Nagar
2025-05-25 04:30:00+00:00,34.5,51.5,31.4,57.3,3.45,290.0,5662,Nehru Nagar
2025-05-25 05:30:00+00:00,26.0,39.0,34.0,52.8,2.9,271.0,5662,Nehru Nagar
2025-05-25 06:30:00+00:00,34.0,52.0,36.1,48.8,2.85,220.0,5662,Nehru Nagar
2025-05-25 07:30:00+00:00,50.7,76.0,37.7,42.8,3.15,188.0,5662,Nehru Nagar
2025-05-25 08:30:00+00:00,39.5,58.5,38.1,40.3,2.88,177.0,5662,Nehru Nagar
2025-05-25 09:30:00+00:00,27.5,40.5,37.9,38.5,2.8,211.0,5662,Nehru Nagar
2025-05-25 10:30:00+00:00,31.5,46.5,37.8,39.3,2.48,182.0,5662,Nehru Nagar
2025-05-25 11:30:00+00:00,36.0,53.0,36.9,41.0,2.0,188.0,5662,Nehru Nagar
2025-05-26 12:30:00+00:00,28.0,42.0,36.2,45.0,1.9,225.0,5662,Nehru Nagar
2025-05-26 13:30:00+00:00,33.0,49.0,35.8,46.5,1.85,217.0,5662,Nehru Nagar
2025-05-26 14:30:00+00:00,38.7,57.3,34.9,49.0,1.5,241.0,5662,Nehru Nagar
2025-05-26 15:30:00+00:00,43.0,65.0,34.2,52.3,1.7,217.0,5662,Nehru Nagar
2025-05-26 16:30:00+00:00,42.7,64.0,33.3,55.7,1.77,233.0,5662,Nehru Nagar
2025-05-26 17:30:00+00:00,40.3,60.3,32.7,58.0,1.9,215.0,5662,Nehru Nagar
2025-05-26 18:30:00+00:00,39.0,59.0,32.3,59.0,1.7,222.0,5662,Nehru Nagar
2025-05-26 19:30:00+00:00,35.0,53.0,32.2,60.3,3.1,242.0,5662,Nehru Nagar
2025-05-26 20:30:00+00:00,29.5,44.5,31.8,63.3,3.1,250.0,5662,Nehru Nagar
2025-05-26 21:30:00+00:00,27.5,41.5,31.2,65.8,3.58,237.0,5662,Nehru Nagar
2025-05-26 22:30:00+00:00,26.5,40.5,30.7,66.0,3.53,226.0,5662,Nehru Nagar
2025-05-26 23:30:00+00:00,22.0,34.0,30.4,67.3,3.27,243.0,5662,Nehru Nagar
2025-05-27 00:30:00+00:00,17.5,26.5,31.0,67.3,3.15,230.0,5662,Nehru Nagar
2025-05-27 01:30:00+00:00,21.0,31.0,31.7,65.0,3.93,231.0,5662,Nehru Nagar
2025-05-27 02:30:00+00:00,21.7,32.3,32.6,63.0,3.43,226.0,5662,Nehru Nagar
2025-05-27 03:30:00+00:00,26.5,40.5,33.9,59.3,3.23,201.0,5662,Nehru Nagar
2025-05-27 04:30:00+00:00,37.5,56.5,35.0,55.0,3.48,213.0,5662,Nehru Nagar
2025-05-27 05:30:00+00:00,40.3,60.3,36.1,51.7,3.17,208.0,5662,Nehru Nagar
2025-05-27 08:30:00+00:00,18.0,27.0,38.5,41.0,2.45,215.0,5662,Nehru Nagar
2025-05-27 09:30:00+00:00,14.7,21.3,38.5,40.7,2.93,232.0,5662,Nehru Nagar
2025-05-27 10:30:00+00:00,17.0,25.0,38.2,40.3,3.23,223.0,5662,Nehru Nagar
2025-05-27 11:30:00+00:00,20.5,30.5,37.4,42.5,3.03,233.0,5662,Nehru Nagar
2025-05-27 12:30:00+00:00,19.0,29.0,36.3,45.3,2.23,238.0,5662,Nehru Nagar
2025-05-27 13:30:00+00:00,23.5,35.5,35.7,47.8,2.23,212.0,5662,Nehru Nagar
2025-05-27 14:30:00+00:00,27.0,40.0,35.1,48.5,2.3,232.0,5662,Nehru Nagar
2025-05-27 15:30:00+00:00,31.5,46.5,34.6,51.0,1.93,214.0,5662,Nehru Nagar
2025-05-27 16:30:00+00:00,38.5,57.5,33.9,52.8,1.38,233.0,5662,Nehru Nagar
2025-05-27 17:30:00+00:00,39.0,59.0,33.6,55.0,2.1,244.0,5662,Nehru Nagar
2025-05-27 18:30:00+00:00,34.0,50.0,32.8,58.5,1.7,243.0,5662,Nehru Nagar
2025-05-27 19:30:00+00:00,34.7,51.3,32.7,58.7,2.27,246.0,5662,Nehru Nagar
2025-05-27 20:30:00+00:00,35.0,53.0,32.2,60.5,2.3,239.0,5662,Nehru Nagar
2025-05-27 21:30:00+00:00,33.7,51.0,31.8,62.0,1.53,231.0,5662,Nehru Nagar
2025-05-27 22:30:00+00:00,34.5,52.5,31.4,63.5,2.23,226.0,5662,Nehru Nagar
2025-05-27 23:30:00+00:00,35.3,53.3,31.5,63.7,2.37,232.0,5662,Nehru Nagar
2025-05-28 09:30:00+00:00,25.0,37.0,35.8,42.0,2.0,330.0,5662,Nehru Nagar
2025-05-28 10:30:00+00:00,17.0,26.0,33.8,60.0,1.75,289.0,5662,Nehru Nagar
2025-05-28 11:30:00+00:00,18.5,27.5,36.7,47.0,1.13,282.0,5662,Nehru Nagar
2025-05-28 12:30:00+00:00,22.5,33.5,35.3,52.0,1.08,207.0,5662,Nehru Nagar
2025-05-28 13:30:00+00:00,30.0,45.0,34.4,56.3,1.23,211.0,5662,Nehru Nagar
2025-05-28 14:30:00+00:00,31.5,46.5,34.0,54.8,1.1,228.0,5662,Nehru Nagar
2025-05-28 15:30:00+00:00,28.5,42.5,33.6,55.5,1.03,239.0,5662,Nehru Nagar
2025-05-28 16:30:00+00:00,30.5,45.5,33.1,57.0,1.15,232.0,5662,Nehru Nagar
2025-05-28 17:30:00+00:00,30.0,44.0,32.7,59.0,1.45,236.0,5662,Nehru Nagar
2025-05-28 18:30:00+00:00,22.0,34.0,31.8,44.5,1.25,245.0,5662,Nehru Nagar
2025-05-28 19:30:00+00:00,20.7,32.0,31.7,54.7,1.2,206.0,5662,Nehru Nagar
2025-05-28 20:30:00+00:00,17.5,26.5,31.4,57.0,0.975,209.0,5662,Nehru Nagar
2025-05-28 21:30:00+00:00,14.0,21.0,31.0,60.8,0.75,215.0,5662,Nehru Nagar
2025-05-28 22:30:00+00:00,13.7,21.0,30.8,58.3,0.867,203.0,5662,Nehru Nagar
2025-05-28 23:30:00+00:00,23.0,35.0,30.8,59.8,1.05,213.0,5662,Nehru Nagar
2025-05-29 00:30:00+00:00,28.5,42.5,32.0,58.3,1.78,223.0,5662,Nehru Nagar
2025-05-29 01:30:00+00:00,32.5,48.5,33.4,58.0,2.05,235.0,5662,Nehru Nagar
2025-05-29 02:30:00+00:00,30.5,46.5,33.6,56.0,2.75,235.0,5662,Nehru Nagar
2025-05-29 03:30:00+00:00,19.5,29.5,34.5,52.5,2.63,211.0,5662,Nehru Nagar
2025-05-29 04:30:00+00:00,16.5,24.5,35.6,49.5,2.88,214.0,5662,Nehru Nagar
2025-05-29 05:30:00+00:00,23.0,34.0,37.4,46.3,2.55,234.0,5662,Nehru Nagar
2025-05-29 06:30:00+00:00,22.5,33.5,38.7,44.3,2.5,229.0,5662,Nehru Nagar
2025-05-29 07:30:00+00:00,20.5,30.5,39.8,39.3,1.98,218.0,5662,Nehru Nagar
2025-05-29 08:30:00+00:00,18.0,27.0,40.2,37.0,1.93,228.0,5662,Nehru Nagar
2025-05-29 09:30:00+00:00,16.0,24.0,40.8,36.5,1.65,275.0,5662,Nehru Nagar
2025-05-29 10:30:00+00:00,16.0,24.0,40.3,35.8,1.78,285.0,5662,Nehru Nagar
2025-05-29 11:30:00+00:00,16.0,24.0,39.4,37.0,1.35,314.0,5662,Nehru Nagar
2025-05-29 12:30:00+00:00,18.0,27.0,37.9,40.8,1.28,306.0,5662,Nehru Nagar
2025-05-29 13:30:00+00:00,25.5,38.5,36.9,44.5,1.1,158.0,5662,Nehru Nagar
2025-05-29 14:30:00+00:00,30.0,45.0,36.4,45.0,0.65,139.0,5662,Nehru Nagar
2025-05-29 15:30:00+00:00,30.3,45.7,35.9,46.3,1.03,128.0,5662,Nehru Nagar
2025-05-29 16:30:00+00:00,33.0,50.0,35.5,48.5,1.35,116.0,5662,Nehru Nagar
2025-05-29 17:30:00+00:00,34.0,52.0,35.0,48.5,1.6,128.0,5662,Nehru Nagar
2025-05-29 18:30:00+00:00,30.0,46.0,34.0,53.0,2.4,113.0,5662,Nehru Nagar
2025-05-29 19:30:00+00:00,26.0,39.0,33.9,54.8,1.23,94.3,5662,Nehru Nagar
2025-05-29 20:30:00+00:00,28.5,42.5,33.6,56.8,0.7,90.8,5662,Nehru Nagar
2025-05-29 21:30:00+00:00,36.5,54.5,33.5,58.5,0.45,113.0,5662,Nehru Nagar
2025-05-29 22:30:00+00:00,35.0,52.0,33.2,58.8,0.45,173.0,5662,Nehru Nagar
2025-05-29 23:30:00+00:00,41.3,61.3,33.2,59.7,0.767,110.0,5662,Nehru Nagar
2025-05-30 00:30:00+00:00,42.0,62.7,33.8,60.0,1.1,128.0,5662,Nehru Nagar
2025-05-30 01:30:00+00:00,42.0,63.0,34.5,57.8,2.2,201.0,5662,Nehru Nagar
2025-05-30 02:30:00+00:00,38.0,57.0,34.9,56.5,2.25,161.0,5662,Nehru Nagar
2025-05-30 03:30:00+00:00,31.0,47.0,37.1,50.0,1.4,145.0,5662,Nehru Nagar
2025-05-30 04:30:00+00:00,34.5,52.5,38.6,41.8,1.58,213.0,5662,Nehru Nagar
2025-05-30 05:30:00+00:00,41.5,62.5,39.8,41.0,1.75,242.0,5662,Nehru Nagar
2025-05-30 06:30:00+00:00,48.0,72.0,39.5,43.0,1.88,263.0,5662,Nehru Nagar
2025-05-30 07:30:00+00:00,44.0,66.0,40.2,39.5,1.95,260.0,5662,Nehru Nagar
2025-05-30 08:30:00+00:00,35.0,52.0,40.4,36.5,2.05,266.0,5662,Nehru Nagar
2025-05-30 09:30:00+00:00,33.5,49.5,39.8,36.5,1.75,288.0,5662,Nehru Nagar
2025-05-30 10:30:00+00:00,37.0,55.0,33.1,51.5,5.38,298.0,5662,Nehru Nagar
2025-05-30 11:30:00+00:00,39.0,58.0,31.1,62.5,1.25,186.0,5662,Nehru Nagar
2025-05-30 12:30:00+00:00,37.0,55.0,32.6,56.0,1.25,108.0,5662,Nehru Nagar
2025-05-30 13:30:00+00:00,37.0,55.0,32.3,59.0,0.9,204.0,5662,Nehru Nagar
2025-05-30 14:30:00+00:00,42.0,62.0,32.2,62.0,0.975,190.0,5662,Nehru Nagar
2025-05-30 15:30:00+00:00,42.5,63.5,32.1,64.0,0.725,117.0,5662,Nehru Nagar
2025-05-30 16:30:00+00:00,40.0,60.0,32.7,57.0,1.0,117.0,5662,Nehru Nagar
2025-05-30 17:30:00+00:00,37.0,55.0,32.9,53.0,0.95,49.0,5662,Nehru Nagar
2025-05-30 18:30:00+00:00,43.0,65.0,32.6,52.5,1.5,171.0,5662,Nehru Nagar
2025-05-30 19:30:00+00:00,40.5,60.5,32.2,54.5,1.5,215.0,5662,Nehru Nagar
2025-05-30 20:30:00+00:00,38.5,57.5,31.8,57.5,1.88,259.0,5662,Nehru Nagar
2025-05-30 21:30:00+00:00,39.0,59.0,31.5,59.5,1.65,310.0,5662,Nehru Nagar
2025-05-30 22:30:00+00:00,35.0,53.0,30.2,67.3,1.48,311.0,5662,Nehru Nagar
2025-05-30 23:30:00+00:00,34.0,51.0,30.4,66.0,1.4,341.0,5662,Nehru Nagar
2025-05-31 00:30:00+00:00,34.5,51.5,31.0,64.0,1.18,345.0,5662,Nehru Nagar
2025-05-31 01:30:00+00:00,39.0,58.0,33.7,52.0,1.3,343.0,5662,Nehru Nagar
2025-05-31 02:30:00+00:00,43.5,65.5,34.9,47.5,2.4,301.0,5662,Nehru Nagar
2025-05-31 03:30:00+00:00,43.0,65.0,35.9,44.5,2.48,322.0,5662,Nehru Nagar
2025-05-31 04:30:00+00:00,38.5,57.5,37.0,41.5,2.58,292.0,5662,Nehru Nagar
2025-05-31 05:30:00+00:00,37.0,55.0,38.5,37.8,2.2,267.0,5662,Nehru Nagar
2025-05-31 06:30:00+00:00,38.3,57.7,39.8,33.3,2.2,282.0,5662,Nehru Nagar
2025-05-31 07:30:00+00:00,39.0,59.0,40.2,36.8,2.63,284.0,5662,Nehru Nagar
2025-05-31 08:30:00+00:00,40.5,61.5,39.8,36.3,2.73,304.0,5662,Nehru Nagar
2025-05-31 09:30:00+00:00,36.0,55.0,39.2,33.0,2.68,326.0,5662,Nehru Nagar
2025-05-31 10:30:00+00:00,44.0,66.7,38.4,35.7,1.77,346.0,5662,Nehru Nagar
2025-05-31 11:30:00+00:00,47.0,71.0,37.9,37.5,2.13,208.0,5662,Nehru Nagar
2025-05-31 12:30:00+00:00,41.5,62.5,36.3,40.3,1.75,169.0,5662,Nehru Nagar
2025-05-31 13:30:00+00:00,42.0,63.0,35.6,37.3,1.73,185.0,5662,Nehru Nagar
2025-05-31 14:30:00+00:00,54.5,81.5,35.3,36.3,1.58,214.0,5662,Nehru Nagar
2025-05-31 15:30:00+00:00,51.5,76.5,34.9,39.0,1.08,205.0,5662,Nehru Nagar
2025-05-31 16:30:00+00:00,51.0,76.0,34.5,41.5,1.33,110.0,5662,Nehru Nagar
2025-05-31 17:30:00+00:00,64.0,96.0,33.6,46.0,1.75,120.0,5662,Nehru Nagar
2025-05-31 18:30:00+00:00,30.0,46.0,32.4,52.0,2.0,99.0,5662,Nehru Nagar
2025-05-31 19:30:00+00:00,28.5,43.5,32.2,51.0,2.18,114.0,5662,Nehru Nagar
2025-05-31 20:30:00+00:00,30.0,45.0,31.8,52.3,1.85,296.0,5662,Nehru Nagar
2025-05-31 21:30:00+00:00,31.5,46.5,31.9,52.3,1.08,184.0,5662,Nehru Nagar
2025-05-31 22:30:00+00:00,34.0,51.0,32.0,52.0,1.1,156.0,5662,Nehru Nagar
2025-05-31 23:30:00+00:00,38.3,58.3,31.7,49.7,0.967,284.0,5662,Nehru Nagar
2025-06-01 01:30:00+00:00,43.0,65.0,33.1,42.0,2.05,329.0,5662,Nehru Nagar
2025-06-01 02:30:00+00:00,38.0,57.3,34.3,38.7,3.03,312.0,5662,Nehru Nagar
2025-06-01 03:30:00+00:00,30.0,45.0,36.4,36.3,2.4,317.0,5662,Nehru Nagar
2025-06-01 04:30:00+00:00,31.0,46.0,36.7,36.5,3.35,290.0,5662,Nehru Nagar
2025-06-01 05:30:00+00:00,29.5,43.5,37.8,30.3,4.68,285.0,5662,Nehru Nagar
2025-06-01 06:30:00+00:00,30.0,45.0,39.0,27.8,3.5,309.0,5662,Nehru Nagar
2025-06-01 07:30:00+00:00,32.0,48.0,39.5,28.8,3.6,311.0,5662,Nehru Nagar
2025-06-01 08:30:00+00:00,31.5,47.5,39.1,33.3,3.0,308.0,5662,Nehru Nagar
2025-06-01 09:30:00+00:00,38.0,58.0,38.5,34.0,2.65,308.0,5662,Nehru Nagar
2025-06-01 10:30:00+00:00,45.5,68.5,34.9,41.8,3.4,179.0,5662,Nehru Nagar
2025-06-01 11:30:00+00:00,34.0,51.0,34.3,43.3,1.88,137.0,5662,Nehru Nagar
2025-06-01 12:30:00+00:00,29.0,44.0,34.6,41.8,1.6,125.0,5662,Nehru Nagar
2025-06-01 13:30:00+00:00,34.0,51.0,34.2,42.0,1.45,91.0,5662,Nehru Nagar
2025-06-01 14:30:00+00:00,38.0,57.0,33.6,43.3,1.6,97.3,5662,Nehru Nagar
2025-06-01 15:30:00+00:00,38.5,58.5,32.7,44.0,2.2,186.0,5662,Nehru Nagar
2025-06-01 16:30:00+00:00,40.0,61.0,32.3,46.8,1.73,110.0,5662,Nehru Nagar
2025-06-01 17:30:00+00:00,46.0,70.0,32.0,48.0,2.0,164.0,5662,Nehru Nagar
2025-06-01 18:30:00+00:00,45.0,67.0,31.6,49.0,1.95,242.0,5662,Nehru Nagar
2025-06-01 19:30:00+00:00,40.0,59.3,31.6,49.3,1.43,170.0,5662,Nehru Nagar
2025-06-01 21:30:00+00:00,28.0,42.0,31.2,50.0,1.1,101.0,5662,Nehru Nagar
2025-06-01 22:30:00+00:00,27.0,40.0,31.1,49.3,1.2,116.0,5662,Nehru Nagar
2025-06-01 23:30:00+00:00,30.5,45.5,30.3,54.3,1.65,294.0,5662,Nehru Nagar
2025-06-02 00:30:00+00:00,33.5,50.5,31.1,54.0,1.05,237.0,5662,Nehru Nagar
2025-06-02 01:30:00+00:00,35.7,53.7,33.6,46.3,0.833,294.0,5662,Nehru Nagar
2025-06-02 02:30:00+00:00,32.0,48.0,34.5,42.5,2.5,307.0,5662,Nehru Nagar
2025-06-02 03:30:00+00:00,31.3,46.7,35.7,39.0,1.77,295.0,5662,Nehru Nagar
2025-06-02 04:30:00+00:00,34.0,52.0,37.0,33.5,2.85,308.0,5662,Nehru Nagar
2025-06-02 05:30:00+00:00,43.5,65.5,37.4,32.8,2.88,307.0,5662,Nehru Nagar
2025-06-02 06:30:00+00:00,53.0,79.0,37.9,31.0,2.9,317.0,5662,Nehru Nagar
2025-06-02 10:30:00+00:00,36.0,54.0,34.1,40.5,1.78,132.0,5662,Nehru Nagar
2025-06-02 11:30:00+00:00,34.0,50.7,34.1,40.0,0.9,152.0,5662,Nehru Nagar
2025-06-02 12:30:00+00:00,39.5,58.5,34.3,39.5,0.6,225.0,5662,Nehru Nagar
2025-06-02 13:30:00+00:00,47.0,70.0,33.9,40.8,0.7,336.0,5662,Nehru Nagar
2025-06-02 14:30:00+00:00,57.5,86.5,32.9,46.0,1.75,287.0,5662,Nehru Nagar
2025-06-02 15:30:00+00:00,61.0,92.0,32.7,48.5,1.38,177.0,5662,Nehru Nagar
2025-06-02 16:30:00+00:00,56.5,85.5,32.2,48.5,1.23,156.0,5662,Nehru Nagar
2025-06-02 17:30:00+00:00,58.0,88.0,31.9,45.0,1.65,318.0,5662,Nehru Nagar
2025-06-02 18:30:00+00:00,30.0,46.0,31.2,48.0,0.55,337.0,5662,Nehru Nagar
2025-06-02 19:30:00+00:00,30.0,45.3,31.2,46.3,1.2,315.0,5662,Nehru Nagar
2025-06-02 20:30:00+00:00,22.0,34.0,30.8,52.0,0.95,236.0,5662,Nehru Nagar
2025-06-02 21:30:00+00:00,23.3,36.0,30.5,53.0,1.13,223.0,5662,Nehru Nagar
2025-06-03 07:30:00+00:00,29.0,43.0,34.6,38.0,2.7,233.0,5662,Nehru Nagar
2025-06-03 08:30:00+00:00,22.0,32.0,34.0,40.5,2.1,261.0,5662,Nehru Nagar
2025-06-03 09:30:00+00:00,23.7,35.0,34.3,40.0,1.8,264.0,5662,Nehru Nagar
2025-06-03 13:30:00+00:00,51.0,77.0,32.4,46.0,0.6,347.0,5662,Nehru Nagar
2025-06-03 14:30:00+00:00,47.0,71.0,32.0,48.5,0.9,252.0,5662,Nehru Nagar
2025-06-03 15:30:00+00:00,46.5,70.5,31.4,50.5,0.975,225.0,5662,Nehru Nagar
2025-06-03 16:30:00+00:00,44.5,67.5,30.9,51.3,1.15,150.0,5662,Nehru Nagar
2025-06-03 17:30:00+00:00,38.7,58.0,30.4,55.0,1.07,113.0,5662,Nehru Nagar
2025-06-03 18:30:00+00:00,22.0,34.0,29.9,58.0,1.4,283.0,5662,Nehru Nagar
2025-06-03 19:30:00+00:00,31.5,47.5,28.9,61.0,1.38,321.0,5662,Nehru Nagar
2025-06-03 20:30:00+00:00,40.5,60.5,28.5,61.0,1.53,348.0,5662,Nehru Nagar
2025-06-03 21:30:00+00:00,37.0,56.0,28.4,61.8,1.08,346.0,5662,Nehru Nagar
2025-06-03 22:30:00+00:00,35.0,53.0,28.5,61.3,0.675,312.0,5662,Nehru Nagar
2025-06-03 23:30:00+00:00,33.0,50.0,28.8,61.0,0.6,245.0,5662,Nehru Nagar
2025-06-04 00:30:00+00:00,32.5,49.5,30.4,58.5,1.2,66.5,5662,Nehru Nagar
2025-06-04 01:30:00+00:00,36.5,55.5,32.5,52.3,1.33,126.0,5662,Nehru Nagar
2025-06-04 02:30:00+00:00,36.0,55.0,34.0,48.5,1.6,142.0,5662,Nehru Nagar
2025-06-04 03:30:00+00:00,32.5,49.5,35.4,43.5,1.93,152.0,5662,Nehru Nagar
2025-06-04 04:30:00+00:00,28.0,42.0,36.6,39.3,2.13,121.0,5662,Nehru Nagar
2025-06-04 05:30:00+00:00,25.5,37.5,37.1,37.0,2.25,197.0,5662,Nehru Nagar
2025-06-04 06:30:00+00:00,26.0,39.0,37.7,34.5,2.58,244.0,5662,Nehru Nagar
2025-06-04 07:30:00+00:00,25.5,38.5,38.2,32.8,2.8,267.0,5662,Nehru Nagar
2025-06-04 08:30:00+00:00,21.7,32.3,38.6,30.0,3.03,292.0,5662,Nehru Nagar
2025-06-04 09:30:00+00:00,20.5,30.5,35.9,38.0,3.98,252.0,5662,Nehru Nagar
2025-06-04 10:30:00+00:00,21.5,31.5,33.5,44.5,4.18,233.0,5662,Nehru Nagar
2025-06-04 11:30:00+00:00,21.0,31.0,30.5,53.3,4.08,240.0,5662,Nehru Nagar
2025-06-04 12:30:00+00:00,16.5,24.5,30.1,54.0,2.43,217.0,5662,Nehru Nagar
2025-06-04 13:30:00+00:00,15.5,22.5,29.6,54.8,1.33,239.0,5662,Nehru Nagar
2025-06-04 14:30:00+00:00,32.0,47.0,30.0,52.8,1.25,162.0,5662,Nehru Nagar
2025-06-04 15:30:00+00:00,37.5,55.5,29.8,54.3,1.18,85.0,5662,Nehru Nagar
2025-06-04 16:30:00+00:00,32.5,48.5,30.0,53.5,0.95,81.0,5662,Nehru Nagar
2025-06-04 17:30:00+00:00,36.0,54.0,29.8,54.5,1.05,124.0,5662,Nehru Nagar
2025-06-04 18:30:00+00:00,49.0,73.0,28.2,60.5,1.4,347.0,5662,Nehru Nagar
2025-06-04 19:30:00+00:00,41.5,62.5,28.0,60.0,0.9,292.0,5662,Nehru Nagar
2025-06-04 20:30:00+00:00,34.0,51.0,28.1,59.0,1.13,189.0,5662,Nehru Nagar
2025-06-04 21:30:00+00:00,35.5,52.5,27.6,60.8,1.58,241.0,5662,Nehru Nagar
2025-06-04 22:30:00+00:00,28.5,42.5,27.4,60.3,1.55,208.0,5662,Nehru Nagar
2025-06-04 23:30:00+00:00,21.5,32.5,27.7,59.5,0.65,280.0,5662,Nehru Nagar
2025-06-05 00:30:00+00:00,28.5,43.5,29.6,54.8,0.925,304.0,5662,Nehru Nagar
2025-06-05 01:30:00+00:00,34.0,52.0,31.3,49.3,1.63,269.0,5662,Nehru Nagar
2025-06-05 02:30:00+00:00,33.5,50.5,32.7,45.5,2.2,309.0,5662,Nehru Nagar
2025-06-05 03:30:00+00:00,28.0,42.0,34.7,35.5,1.93,282.0,5662,Nehru Nagar
2025-06-05 04:30:00+00:00,22.5,34.5,36.1,34.5,1.93,252.0,5662,Nehru Nagar
2025-06-05 05:30:00+00:00,23.0,35.0,37.0,32.3,1.98,233.0,5662,Nehru Nagar
2025-06-05 06:30:00+00:00,26.5,39.5,37.5,31.5,2.25,265.0,5662,Nehru Nagar
2025-06-05 07:30:00+00:00,28.0,41.3,38.0,28.0,2.07,257.0,5662,Nehru Nagar
2025-06-05 08:30:00+00:00,27.0,40.0,37.1,31.3,2.1,302.0,5662,Nehru Nagar
2025-06-05 09:30:00+00:00,28.5,42.5,36.9,32.5,1.55,289.0,5662,Nehru Nagar
2025-06-05 10:30:00+00:00,29.3,43.3,34.1,42.3,2.13,130.0,5662,Nehru Nagar
2025-06-05 11:30:00+00:00,33.3,49.3,35.0,40.3,1.3,265.0,5662,Nehru Nagar
2025-06-05 12:30:00+00:00,34.0,50.0,33.6,40.0,1.25,347.0,5662,Nehru Nagar
2025-06-05 13:30:00+00:00,33.5,49.5,33.4,39.5,0.975,347.0,5662,Nehru Nagar
2025-06-05 14:30:00+00:00,39.0,58.0,33.2,40.0,0.725,192.0,5662,Nehru Nagar
2025-06-05 15:30:00+00:00,50.5,75.5,32.5,43.3,0.75,229.0,5662,Nehru Nagar
2025-06-05 16:30:00+00:00,59.5,89.5,31.8,48.5,0.6,221.0,5662,Nehru Nagar
2025-06-05 17:30:00+00:00,63.0,95.0,31.4,48.5,0.45,238.0,5662,Nehru Nagar
2025-06-05 18:30:00+00:00,57.0,85.0,30.7,52.0,0.4,348.0,5662,Nehru Nagar
2025-06-05 19:30:00+00:00,52.0,78.0,30.4,52.8,0.5,304.0,5662,Nehru Nagar
2025-06-05 20:30:00+00:00,50.0,75.0,30.0,52.8,0.95,348.0,5662,Nehru Nagar
2025-06-05 21:30:00+00:00,51.7,77.0,29.7,55.0,0.767,348.0,5662,Nehru Nagar
2025-06-05 22:30:00+00:00,51.5,76.5,29.2,58.8,0.425,134.0,5662,Nehru Nagar
2025-06-05 23:30:00+00:00,60.0,89.0,29.2,59.5,0.525,187.0,5662,Nehru Nagar
2025-06-06 00:30:00+00:00,66.0,99.0,31.0,54.5,0.7,225.0,5662,Nehru Nagar
2025-06-06 01:30:00+00:00,60.0,91.0,32.4,49.3,1.25,283.0,5662,Nehru Nagar
2025-06-06 02:30:00+00:00,49.0,74.0,34.6,44.8,1.28,285.0,5662,Nehru Nagar
2025-06-06 03:30:00+00:00,41.5,62.5,36.2,39.3,1.63,228.0,5662,Nehru Nagar
2025-06-06 04:30:00+00:00,38.5,58.5,37.2,35.3,2.08,279.0,5662,Nehru Nagar
2025-06-06 05:30:00+00:00,37.0,56.3,38.1,31.3,2.07,262.0,5662,Nehru Nagar
2025-06-06 06:30:00+00:00,27.0,41.0,39.1,26.3,2.05,227.0,5662,Nehru Nagar
2025-06-06 07:30:00+00:00,25.0,38.0,39.6,26.3,2.23,251.0,5662,Nehru Nagar
2025-06-06 08:30:00+00:00,22.5,33.5,39.6,25.0,2.93,297.0,5662,Nehru Nagar
2025-06-06 09:30:00+00:00,17.0,25.0,39.7,25.3,2.65,301.0,5662,Nehru Nagar
2025-06-06 10:30:00+00:00,23.5,35.5,39.3,27.3,2.38,298.0,5662,Nehru Nagar
2025-06-06 11:30:00+00:00,30.0,45.0,38.4,29.0,1.83,281.0,5662,Nehru Nagar
2025-06-06 12:30:00+00:00,33.5,50.5,37.1,30.5,1.43,234.0,5662,Nehru Nagar
2025-06-06 13:30:00+00:00,44.5,67.5,35.7,31.8,1.25,235.0,5662,Nehru Nagar
2025-06-06 14:30:00+00:00,50.5,76.5,35.0,34.3,0.975,243.0,5662,Nehru Nagar
2025-06-06 15:30:00+00:00,53.0,80.0,34.7,34.3,1.05,256.0,5662,Nehru Nagar
2025-06-06 16:30:00+00:00,55.0,82.0,34.3,35.8,0.8,250.0,5662,Nehru Nagar
2025-06-06 17:30:00+00:00,50.0,74.0,33.8,39.5,0.65,198.0,5662,Nehru Nagar
2025-06-06 18:30:00+00:00,58.0,86.0,33.2,38.0,0.7,54.0,5662,Nehru Nagar
2025-06-06 19:30:00+00:00,52.5,78.5,32.8,40.5,0.8,97.5,5662,Nehru Nagar
2025-06-06 20:30:00+00:00,47.5,71.5,32.6,43.0,1.0,114.0,5662,Nehru Nagar
2025-06-06 21:30:00+00:00,43.0,64.0,32.3,43.0,1.1,78.0,5662,Nehru Nagar
2025-06-06 22:30:00+00:00,42.0,63.0,31.7,43.5,0.85,91.5,5662,Nehru Nagar
2025-06-06 23:30:00+00:00,52.0,79.0,31.5,44.5,0.65,59.5,5662,Nehru Nagar
2025-06-07 00:30:00+00:00,63.5,95.5,33.1,41.0,0.825,55.5,5662,Nehru Nagar
2025-06-07 01:30:00+00:00,82.0,123.0,34.8,37.3,1.48,122.0,5662,Nehru Nagar
2025-06-07 02:30:00+00:00,80.5,121.0,36.1,34.8,1.98,123.0,5662,Nehru Nagar
2025-06-07 03:30:00+00:00,60.0,90.0,37.6,33.8,2.28,113.0,5662,Nehru Nagar
2025-06-07 04:30:00+00:00,54.0,81.0,39.1,30.5,1.98,176.0,5662,Nehru Nagar
2025-06-07 05:30:00+00:00,45.5,67.5,40.1,28.0,1.85,129.0,5662,Nehru Nagar
2025-06-07 06:30:00+00:00,36.0,54.0,40.3,27.3,1.85,224.0,5662,Nehru Nagar
2025-06-07 07:30:00+00:00,31.5,47.5,40.9,26.0,2.03,256.0,5662,Nehru Nagar
2025-06-07 08:30:00+00:00,28.5,42.5,41.2,24.8,2.13,254.0,5662,Nehru Nagar
2025-06-07 09:30:00+00:00,29.5,44.5,41.2,25.0,2.3,269.0,5662,Nehru Nagar
2025-06-07 10:30:00+00:00,34.5,52.5,41.0,25.0,1.88,301.0,5662,Nehru Nagar
2025-06-07 11:30:00+00:00,34.5,51.5,40.1,26.5,1.63,338.0,5662,Nehru Nagar
2025-06-07 12:30:00+00:00,37.5,55.5,38.4,28.0,1.35,325.0,5662,Nehru Nagar
2025-06-07 13:30:00+00:00,42.0,63.0,37.1,28.3,1.3,302.0,5662,Nehru Nagar
2025-06-07 14:30:00+00:00,48.5,72.5,35.9,34.3,1.08,217.0,5662,Nehru Nagar
2025-06-07 15:30:00+00:00,52.5,78.5,35.3,35.8,0.775,182.0,5662,Nehru Nagar
2025-06-07 16:30:00+00:00,51.0,77.0,34.8,38.8,0.9,186.0,5662,Nehru Nagar
2025-06-07 17:30:00+00:00,55.0,83.0,35.0,39.5,1.35,260.0,5662,Nehru Nagar
2025-06-07 18:30:00+00:00,56.0,84.0,34.4,40.5,1.55,126.0,5662,Nehru Nagar
2025-06-07 19:30:00+00:00,57.5,86.5,34.0,42.5,1.53,119.0,5662,Nehru Nagar
2025-06-07 20:30:00+00:00,52.5,79.5,33.6,42.0,1.4,107.0,5662,Nehru Nagar
2025-06-07 21:30:00+00:00,44.7,67.3,33.2,41.3,1.6,91.7,5662,Nehru Nagar
2025-06-07 22:30:00+00:00,44.0,66.0,32.9,41.8,1.23,96.8,5662,Nehru Nagar
2025-06-07 23:30:00+00:00,46.0,70.0,32.7,43.5,1.23,139.0,5662,Nehru Nagar
2025-06-08 00:30:00+00:00,49.0,74.0,33.1,46.3,1.05,222.0,5662,Nehru Nagar
2025-06-08 01:30:00+00:00,54.5,81.5,34.5,42.8,1.5,218.0,5662,Nehru Nagar
2025-06-08 02:30:00+00:00,59.5,88.5,36.2,38.3,1.95,200.0,5662,Nehru Nagar
2025-06-08 03:30:00+00:00,59.5,88.5,38.1,33.0,2.15,198.0,5662,Nehru Nagar
2025-06-08 04:30:00+00:00,51.5,77.5,39.7,31.0,1.95,199.0,5662,Nehru Nagar
2025-06-08 05:30:00+00:00,43.5,65.5,40.8,27.8,1.95,265.0,5662,Nehru Nagar
2025-06-08 06:30:00+00:00,39.0,58.0,41.3,26.5,2.18,231.0,5662,Nehru Nagar
2025-06-08 07:30:00+00:00,33.5,50.5,41.9,24.3,2.2,246.0,5662,Nehru Nagar
2025-06-08 08:30:00+00:00,35.0,53.0,42.4,22.5,1.98,264.0,5662,Nehru Nagar
2025-06-08 09:30:00+00:00,38.0,56.7,42.4,24.3,1.9,242.0,5662,Nehru Nagar
2025-06-08 10:30:00+00:00,38.0,56.0,42.0,26.5,1.6,220.0,5662,Nehru Nagar
2025-06-08 11:30:00+00:00,33.5,49.5,40.8,28.0,1.93,330.0,5662,Nehru Nagar
2025-06-08 12:30:00+00:00,34.0,51.0,39.1,30.3,1.73,345.0,5662,Nehru Nagar
2025-06-08 13:30:00+00:00,40.0,60.0,38.0,31.0,1.68,304.0,5662,Nehru Nagar
2025-06-08 14:30:00+00:00,45.5,67.5,37.1,34.5,1.23,240.0,5662,Nehru Nagar
2025-06-08 15:30:00+00:00,46.5,69.5,36.7,35.3,0.95,228.0,5662,Nehru Nagar
2025-06-08 16:30:00+00:00,52.3,78.3,36.8,35.3,1.0,217.0,5662,Nehru Nagar
2025-06-08 17:30:00+00:00,57.0,85.0,36.9,34.0,1.5,201.0,5662,Nehru Nagar
2025-06-08 18:30:00+00:00,52.0,78.0,35.5,39.5,1.3,126.0,5662,Nehru Nagar
2025-06-08 19:30:00+00:00,50.0,75.0,35.4,39.3,1.43,119.0,5662,Nehru Nagar
2025-06-08 20:30:00+00:00,47.0,70.0,35.0,37.0,1.4,137.0,5662,Nehru Nagar
2025-06-08 21:30:00+00:00,50.0,75.0,34.8,36.8,1.33,190.0,5662,Nehru Nagar
2025-06-08 22:30:00+00:00,50.0,75.0,34.3,41.0,1.48,227.0,5662,Nehru Nagar
2025-06-08 23:30:00+00:00,51.0,76.0,34.0,43.8,1.5,183.0,5662,Nehru Nagar
2025-06-09 00:30:00+00:00,55.5,83.5,34.7,43.5,1.23,110.0,5662,Nehru Nagar
2025-06-09 01:30:00+00:00,54.5,81.5,36.3,40.5,1.45,95.3,5662,Nehru Nagar
2025-06-09 02:30:00+00:00,56.0,83.3,38.4,37.3,1.1,104.0,5662,Nehru Nagar
2025-06-09 03:30:00+00:00,58.0,87.0,40.2,30.0,1.33,107.0,5662,Nehru Nagar
2025-06-09 04:30:00+00:00,51.5,77.5,41.6,29.5,1.48,147.0,5662,Nehru Nagar
2025-06-09 05:30:00+00:00,44.0,66.0,42.2,28.0,1.68,242.0,5662,Nehru Nagar
2025-06-09 06:30:00+00:00,45.5,68.5,42.7,27.8,2.08,254.0,5662,Nehru Nagar
2025-06-09 07:30:00+00:00,48.5,73.5,43.1,27.5,2.15,266.0,5662,Nehru Nagar
2025-06-09 08:30:00+00:00,50.0,75.0,43.5,25.5,1.95,254.0,5662,Nehru Nagar
2025-06-09 09:30:00+00:00,49.5,74.5,43.8,25.3,1.88,268.0,5662,Nehru Nagar
2025-06-09 10:30:00+00:00,47.5,71.5,43.2,23.3,2.48,291.0,5662,Nehru Nagar
2025-06-09 11:30:00+00:00,50.5,75.5,41.9,25.8,2.45,321.0,5662,Nehru Nagar
2025-06-09 12:30:00+00:00,49.0,74.0,40.3,30.3,1.7,259.0,5662,Nehru Nagar
2025-06-09 13:30:00+00:00,50.0,75.0,39.0,36.0,1.23,221.0,5662,Nehru Nagar
2025-06-09 14:30:00+00:00,61.5,91.5,39.0,35.5,1.45,201.0,5662,Nehru Nagar
2025-06-09 15:30:00+00:00,62.5,93.5,38.3,37.5,1.93,201.0,5662,Nehru Nagar
2025-06-09 16:30:00+00:00,57.3,85.3,37.3,40.3,1.33,134.0,5662,Nehru Nagar
2025-06-09 17:30:00+00:00,57.7,85.7,36.8,40.3,1.57,105.0,5662,Nehru Nagar
2025-06-09 18:30:00+00:00,58.0,88.0,36.4,41.5,1.25,110.0,5662,Nehru Nagar
2025-06-09 19:30:00+00:00,57.0,86.0,35.9,41.0,0.875,130.0,5662,Nehru Nagar
2025-06-09 20:30:00+00:00,59.5,89.5,35.8,41.5,1.1,169.0,5662,Nehru Nagar
2025-06-09 21:30:00+00:00,62.0,93.0,35.2,43.8,0.75,159.0,5662,Nehru Nagar
2025-06-09 22:30:00+00:00,65.0,97.0,34.5,43.0,1.4,246.0,5662,Nehru Nagar
2025-06-09 23:30:00+00:00,67.3,101.0,34.8,42.0,1.23,132.0,5662,Nehru Nagar
2025-06-10 00:30:00+00:00,74.0,112.0,35.6,43.0,2.1,201.0,5662,Nehru Nagar
2025-06-10 01:30:00+00:00,70.0,105.0,36.2,43.0,2.05,191.0,5662,Nehru Nagar
2025-06-10 02:30:00+00:00,69.0,103.0,37.7,41.3,1.75,179.0,5662,Nehru Nagar
2025-06-10 03:30:00+00:00,68.0,102.0,39.5,38.3,1.95,197.0,5662,Nehru Nagar
2025-06-10 04:30:00+00:00,63.0,95.0,41.1,35.0,1.95,182.0,5662,Nehru Nagar
2025-06-10 05:30:00+00:00,62.0,94.0,42.2,30.3,2.05,192.0,5662,Nehru Nagar
2025-06-10 06:30:00+00:00,56.0,84.0,43.3,28.0,1.65,197.0,5662,Nehru Nagar
2025-06-10 07:30:00+00:00,50.5,75.5,43.8,28.3,1.68,163.0,5662,Nehru Nagar
2025-06-10 08:30:00+00:00,55.5,83.5,43.9,29.3,2.03,220.0,5662,Nehru Nagar
2025-06-10 09:30:00+00:00,60.5,90.5,43.9,29.5,2.0,221.0,5662,Nehru Nagar
2025-06-10 10:30:00+00:00,54.0,81.0,43.1,30.3,1.58,232.0,5662,Nehru Nagar
2025-06-10 11:30:00+00:00,48.0,72.0,41.9,32.0,1.55,234.0,5662,Nehru Nagar
2025-06-10 12:30:00+00:00,49.0,73.0,40.9,34.0,1.2,219.0,5662,Nehru Nagar
2025-06-10 13:30:00+00:00,62.5,94.5,40.2,36.3,1.78,239.0,5662,Nehru Nagar
2025-06-10 14:30:00+00:00,62.0,93.0,39.6,38.0,2.2,233.0,5662,Nehru Nagar
2025-06-10 15:30:00+00:00,55.5,82.5,38.7,40.3,2.33,234.0,5662,Nehru Nagar
2025-06-10 16:30:00+00:00,55.5,82.5,38.1,42.0,2.45,224.0,5662,Nehru Nagar
2025-06-10 17:30:00+00:00,54.0,80.0,37.7,42.5,2.4,226.0,5662,Nehru Nagar
2025-06-10 18:30:00+00:00,57.0,85.0,37.0,43.5,2.6,210.0,5662,Nehru Nagar
2025-06-10 19:30:00+00:00,58.0,87.0,36.5,46.3,1.88,228.0,5662,Nehru Nagar
2025-06-10 20:30:00+00:00,58.5,87.5,35.8,48.8,2.08,245.0,5662,Nehru Nagar
2025-06-10 21:30:00+00:00,57.5,85.5,35.3,48.5,2.45,241.0,5662,Nehru Nagar
2025-06-10 22:30:00+00:00,55.0,82.0,34.8,47.3,2.9,241.0,5662,Nehru Nagar
2025-06-10 23:30:00+00:00,51.0,76.0,34.4,48.0,2.78,204.0,5662,Nehru Nagar
2025-06-11 00:30:00+00:00,51.5,76.5,34.6,46.3,2.98,215.0,5662,Nehru Nagar
2025-06-11 01:30:00+00:00,53.5,79.5,35.6,43.8,2.88,195.0,5662,Nehru Nagar
2025-06-11 02:30:00+00:00,52.5,78.5,37.1,41.0,2.83,214.0,5662,Nehru Nagar
2025-06-11 03:30:00+00:00,54.5,81.5,38.8,37.8,2.33,212.0,5662,Nehru Nagar
2025-06-11 04:30:00+00:00,93.0,140.0,40.2,34.7,2.33,201.0,5662,Nehru Nagar
2025-06-11 05:30:00+00:00,82.0,123.0,41.0,32.5,2.75,205.0,5662,Nehru Nagar
2025-06-11 06:30:00+00:00,76.0,114.0,42.0,32.5,2.48,172.0,5662,Nehru Nagar
2025-06-11 07:30:00+00:00,82.3,124.0,41.8,32.0,2.67,196.0,5662,Nehru Nagar
2025-06-11 08:30:00+00:00,47.0,71.0,42.2,32.0,2.1,186.0,5662,Nehru Nagar
2025-06-11 09:30:00+00:00,47.5,71.5,42.0,33.0,2.03,203.0,5662,Nehru Nagar
2025-06-11 10:30:00+00:00,51.0,77.0,41.4,34.3,2.58,224.0,5662,Nehru Nagar
2025-06-11 11:30:00+00:00,58.0,88.0,40.7,35.0,1.95,230.0,5662,Nehru Nagar
2025-06-11 12:30:00+00:00,54.5,82.5,39.8,36.3,1.5,223.0,5662,Nehru Nagar
2025-06-11 13:30:00+00:00,55.5,83.5,38.6,39.5,1.63,232.0,5662,Nehru Nagar
2025-06-11 14:30:00+00:00,59.5,89.5,37.7,42.5,1.38,240.0,5662,Nehru Nagar
2025-06-11 15:30:00+00:00,58.5,88.5,37.4,43.3,1.45,243.0,5662,Nehru Nagar
2025-06-11 16:30:00+00:00,66.0,100.0,37.1,43.5,1.65,250.0,5662,Nehru Nagar
2025-06-11 17:30:00+00:00,70.7,107.0,36.2,47.0,1.8,230.0,5662,Nehru Nagar
2025-06-11 18:30:00+00:00,64.0,96.0,35.7,49.5,2.0,206.0,5662,Nehru Nagar
2025-06-11 19:30:00+00:00,55.0,83.0,35.5,49.5,2.35,243.0,5662,Nehru Nagar
2025-06-11 20:30:00+00:00,51.5,77.5,35.0,47.0,1.83,219.0,5662,Nehru Nagar
2025-06-11 21:30:00+00:00,55.5,83.5,34.6,49.8,2.28,244.0,5662,Nehru Nagar
2025-06-11 22:30:00+00:00,53.3,80.7,34.2,52.0,2.37,236.0,5662,Nehru Nagar
2025-06-11 23:30:00+00:00,55.0,83.0,33.9,52.0,1.85,234.0,5662,Nehru Nagar
2025-06-12 00:30:00+00:00,57.0,86.0,34.5,50.5,1.98,232.0,5662,Nehru Nagar
2025-06-12 01:30:00+00:00,55.5,83.5,36.3,45.3,2.08,195.0,5662,Nehru Nagar
2025-06-12 02:30:00+00:00,55.0,83.0,38.4,41.0,1.77,165.0,5662,Nehru Nagar
2025-06-12 03:30:00+00:00,51.0,77.0,40.5,37.0,2.03,135.0,5662,Nehru Nagar
2025-06-12 04:30:00+00:00,43.5,65.5,41.6,34.5,2.5,139.0,5662,Nehru Nagar
2025-06-12 05:30:00+00:00,49.0,73.0,42.4,32.5,2.48,152.0,5662,Nehru Nagar
2025-06-12 06:30:00+00:00,61.0,91.0,43.0,30.8,2.38,190.0,5662,Nehru Nagar
2025-06-12 07:30:00+00:00,47.5,71.5,43.4,29.8,2.78,171.0,5662,Nehru Nagar
2025-06-12 08:30:00+00:00,44.5,66.5,43.5,28.8,2.3,161.0,5662,Nehru Nagar
2025-06-12 09:30:00+00:00,44.0,66.0,43.5,28.8,2.55,167.0,5662,Nehru Nagar
2025-06-12 10:30:00+00:00,32.5,49.5,42.9,30.0,2.78,197.0,5662,Nehru Nagar
2025-06-12 11:30:00+00:00,37.5,56.5,42.1,31.8,2.45,220.0,5662,Nehru Nagar
2025-06-12 12:30:00+00:00,48.5,72.5,40.8,34.3,2.58,239.0,5662,Nehru Nagar
2025-06-12 13:30:00+00:00,53.5,79.5,40.0,36.3,1.98,235.0,5662,Nehru Nagar
2025-06-12 14:30:00+00:00,44.5,66.5,39.2,37.0,2.55,233.0,5662,Nehru Nagar
2025-06-12 15:30:00+00:00,43.5,65.5,38.5,40.0,2.78,240.0,5662,Nehru Nagar
2025-06-12 16:30:00+00:00,43.5,65.5,37.2,46.0,3.9,249.0,5662,Nehru Nagar
2025-06-12 17:30:00+00:00,39.0,59.0,36.4,49.0,3.3,200.0,5662,Nehru Nagar
2025-06-12 18:30:00+00:00,37.0,55.0,35.4,53.5,3.5,224.0,5662,Nehru Nagar
2025-06-12 19:30:00+00:00,38.5,57.5,35.0,55.5,3.23,218.0,5662,Nehru Nagar
2025-06-12 20:30:00+00:00,41.0,61.0,34.6,56.8,3.0,230.0,5662,Nehru Nagar
2025-06-12 21:30:00+00:00,40.0,60.0,34.1,57.5,3.38,229.0,5662,Nehru Nagar
2025-06-12 23:30:00+00:00,40.7,60.7,33.4,55.0,2.73,183.0,5662,Nehru Nagar
2025-06-13 00:30:00+00:00,42.0,63.0,34.2,54.0,2.58,198.0,5662,Nehru Nagar
2025-06-13 01:30:00+00:00,46.5,69.5,36.0,48.3,2.28,160.0,5662,Nehru Nagar
2025-06-13 02:30:00+00:00,46.0,69.0,37.8,41.5,2.73,131.0,5662,Nehru Nagar
2025-06-13 03:30:00+00:00,41.5,62.5,39.6,39.3,2.28,110.0,5662,Nehru Nagar
2025-06-13 04:30:00+00:00,41.5,62.5,41.2,36.8,1.85,127.0,5662,Nehru Nagar
2025-06-13 05:30:00+00:00,43.0,65.0,41.9,35.0,2.33,163.0,5662,Nehru Nagar
2025-06-13 06:30:00+00:00,39.0,59.0,42.4,33.3,2.5,175.0,5662,Nehru Nagar
2025-06-13 08:30:00+00:00,46.0,68.0,43.1,31.3,2.63,200.0,5662,Nehru Nagar
2025-06-13 09:30:00+00:00,40.0,59.0,42.7,32.5,2.83,222.0,5662,Nehru Nagar
2025-06-13 10:30:00+00:00,35.5,52.5,42.1,33.8,3.28,226.0,5662,Nehru Nagar
2025-06-13 11:30:00+00:00,36.5,54.5,41.2,36.0,3.03,227.0,5662,Nehru Nagar
2025-06-13 12:30:00+00:00,29.0,44.0,39.2,44.8,3.23,232.0,5662,Nehru Nagar
2025-06-13 13:30:00+00:00,30.0,46.0,38.1,47.8,2.85,232.0,5662,Nehru Nagar
2025-06-13 14:30:00+00:00,32.0,48.0,37.4,49.5,2.63,240.0,5662,Nehru Nagar
2025-06-13 15:30:00+00:00,31.5,46.5,36.6,51.5,2.33,233.0,5662,Nehru Nagar
2025-06-13 16:30:00+00:00,37.0,55.0,36.1,53.0,3.05,237.0,5662,Nehru Nagar
2025-06-13 17:30:00+00:00,41.0,61.0,35.5,53.5,2.9,211.0,5662,Nehru Nagar
2025-06-13 18:30:00+00:00,40.0,60.0,34.5,56.0,2.15,231.0,5662,Nehru Nagar
2025-06-13 19:30:00+00:00,35.0,52.0,34.1,56.0,2.28,234.0,5662,Nehru Nagar
2025-06-13 20:30:00+00:00,28.0,42.0,33.6,55.5,3.33,229.0,5662,Nehru Nagar
2025-06-13 21:30:00+00:00,28.5,43.5,33.2,58.0,3.15,209.0,5662,Nehru Nagar
2025-06-13 22:30:00+00:00,30.3,45.0,32.8,61.0,2.5,237.0,5662,Nehru Nagar
2025-06-13 23:30:00+00:00,30.0,44.0,32.6,58.5,3.35,247.0,5662,Nehru Nagar
2025-06-14 00:30:00+00:00,33.0,49.0,33.0,58.0,3.35,235.0,5662,Nehru Nagar
2025-06-14 01:30:00+00:00,34.5,51.5,34.3,55.3,3.2,214.0,5662,Nehru Nagar
2025-06-14 02:30:00+00:00,34.7,52.0,35.7,51.7,2.9,193.0,5662,Nehru Nagar
2025-06-14 03:30:00+00:00,39.5,59.5,37.9,45.5,2.13,164.0,5662,Nehru Nagar
2025-06-14 04:30:00+00:00,42.0,62.7,39.5,43.0,2.0,166.0,5662,Nehru Nagar
2025-06-14 05:30:00+00:00,44.0,66.0,41.5,39.5,1.63,178.0,5662,Nehru Nagar
2025-06-14 06:30:00+00:00,45.0,68.0,42.6,33.8,1.8,128.0,5662,Nehru Nagar
2025-06-14 07:30:00+00:00,44.5,67.5,43.2,32.0,1.83,209.0,5662,Nehru Nagar
2025-06-14 08:30:00+00:00,43.0,65.0,43.4,33.0,2.2,272.0,5662,Nehru Nagar
2025-06-14 09:30:00+00:00,44.5,66.5,43.7,32.5,2.0,242.0,5662,Nehru Nagar
2025-06-14 10:30:00+00:00,52.0,78.0,42.8,34.0,1.83,249.0,5662,Nehru Nagar
2025-06-14 11:30:00+00:00,46.5,69.5,39.4,38.8,3.6,318.0,5662,Nehru Nagar
2025-06-14 12:30:00+00:00,35.5,52.5,37.1,42.0,2.25,338.0,5662,Nehru Nagar
2025-06-14 13:30:00+00:00,31.5,46.5,37.2,42.5,1.73,335.0,5662,Nehru Nagar
2025-06-14 14:30:00+00:00,31.5,46.5,36.6,44.8,1.35,348.0,5662,Nehru Nagar
2025-06-14 15:30:00+00:00,38.5,57.5,36.8,45.3,0.65,289.0,5662,Nehru Nagar
2025-06-14 16:30:00+00:00,47.5,71.5,36.8,44.8,0.85,176.0,5662,Nehru Nagar
2025-06-14 17:30:00+00:00,49.3,74.7,36.7,44.0,1.1,131.0,5662,Nehru Nagar
2025-06-14 18:30:00+00:00,57.0,85.0,35.4,48.0,1.35,285.0,5662,Nehru Nagar
2025-06-14 19:30:00+00:00,51.5,77.5,34.9,50.3,2.53,107.0,5662,Nehru Nagar
2025-06-14 20:30:00+00:00,40.5,61.5,33.0,55.3,3.65,133.0,5662,Nehru Nagar
2025-06-14 21:30:00+00:00,30.5,45.5,30.2,63.0,3.23,227.0,5662,Nehru Nagar
2025-06-14 22:30:00+00:00,24.0,35.0,29.7,66.5,4.6,322.0,5662,Nehru Nagar
2025-06-14 23:30:00+00:00,25.5,37.5,29.0,67.0,4.43,286.0,5662,Nehru Nagar
2025-06-15 00:30:00+00:00,19.5,28.5,28.9,64.3,3.35,308.0,5662,Nehru Nagar
2025-06-15 01:30:00+00:00,14.0,20.0,29.4,62.8,2.68,310.0,5662,Nehru Nagar
2025-06-15 02:30:00+00:00,16.0,24.0,30.1,63.0,2.23,244.0,5662,Nehru Nagar
2025-06-15 03:30:00+00:00,18.5,28.5,32.0,57.3,2.13,219.0,5662,Nehru Nagar
2025-06-15 04:30:00+00:00,20.5,30.5,34.7,48.8,2.75,241.0,5662,Nehru Nagar
2025-06-15 05:30:00+00:00,21.5,31.5,36.0,46.0,3.05,255.0,5662,Nehru Nagar
2025-06-15 06:30:00+00:00,31.0,46.0,36.9,47.3,3.23,243.0,5662,Nehru Nagar
2025-06-15 07:30:00+00:00,31.0,46.0,38.0,44.3,2.63,244.0,5662,Nehru Nagar
2025-06-15 08:30:00+00:00,28.0,42.0,39.3,43.5,2.05,252.0,5662,Nehru Nagar
2025-06-15 09:30:00+00:00,33.5,50.5,39.4,44.0,2.23,245.0,5662,Nehru Nagar
2025-06-15 10:30:00+00:00,40.5,60.5,38.7,46.5,2.33,228.0,5662,Nehru Nagar
2025-06-15 11:30:00+00:00,47.3,70.7,37.9,48.3,2.73,224.0,5662,Nehru Nagar
2025-06-15 12:30:00+00:00,52.5,78.5,37.1,51.3,2.08,243.0,5662,Nehru Nagar
2025-06-15 13:30:00+00:00,57.5,85.5,36.7,52.3,1.25,225.0,5662,Nehru Nagar
2025-06-15 14:30:00+00:00,58.5,87.5,36.3,53.8,1.68,243.0,5662,Nehru Nagar
2025-06-15 15:30:00+00:00,53.3,80.7,35.5,52.3,2.23,238.0,5662,Nehru Nagar
2025-06-15 16:30:00+00:00,43.3,65.3,34.9,47.7,2.43,204.0,5662,Nehru Nagar
2025-06-15 17:30:00+00:00,30.0,44.0,34.2,46.5,2.35,140.0,5662,Nehru Nagar
2025-06-15 18:30:00+00:00,31.0,47.0,33.8,47.5,1.4,175.0,5662,Nehru Nagar
2025-06-15 19:30:00+00:00,24.5,37.5,33.3,49.8,1.45,149.0,5662,Nehru Nagar
2025-06-15 20:30:00+00:00,19.5,29.5,32.8,53.5,2.2,183.0,5662,Nehru Nagar
2025-06-15 21:30:00+00:00,20.0,30.0,32.0,57.3,2.23,142.0,5662,Nehru Nagar
2025-06-15 22:30:00+00:00,20.5,31.5,31.8,58.3,2.1,151.0,5662,Nehru Nagar
2025-06-15 23:30:00+00:00,26.0,39.3,31.4,60.3,1.53,155.0,5662,Nehru Nagar
2025-06-16 00:30:00+00:00,27.5,40.5,32.1,58.0,1.15,146.0,5662,Nehru Nagar
2025-06-16 01:30:00+00:00,27.5,40.5,33.1,55.0,1.18,216.0,5662,Nehru Nagar
2025-06-16 02:30:00+00:00,31.0,46.0,33.7,53.3,1.95,280.0,5662,Nehru Nagar
2025-06-16 03:30:00+00:00,32.0,47.3,31.4,62.0,4.93,247.0,5662,Nehru Nagar
2025-06-16 04:30:00+00:00,28.5,42.5,31.0,63.8,4.68,226.0,5662,Nehru Nagar
2025-06-16 05:30:00+00:00,21.5,32.5,33.1,58.0,4.08,240.0,5662,Nehru Nagar
2025-06-16 06:30:00+00:00,27.0,41.0,35.2,53.3,3.2,222.0,5662,Nehru Nagar
2025-06-16 07:30:00+00:00,40.0,61.0,36.7,50.0,2.33,204.0,5662,Nehru Nagar
2025-06-16 08:30:00+00:00,39.0,59.0,37.8,45.3,2.15,192.0,5662,Nehru Nagar
2025-06-16 09:30:00+00:00,30.0,45.0,38.3,44.5,2.28,187.0,5662,Nehru Nagar
2025-06-16 10:30:00+00:00,31.5,47.5,38.1,44.0,2.28,191.0,5662,Nehru Nagar
2025-06-16 11:30:00+00:00,30.5,46.5,37.7,44.3,1.65,179.0,5662,Nehru Nagar
2025-06-16 12:30:00+00:00,30.5,46.5,35.4,52.3,2.75,230.0,5662,Nehru Nagar
2025-06-16 13:30:00+00:00,34.0,51.0,34.2,57.8,2.15,237.0,5662,Nehru Nagar
2025-06-16 14:30:00+00:00,27.5,40.5,33.8,58.5,2.4,231.0,5662,Nehru Nagar
2025-06-16 15:30:00+00:00,24.5,36.5,33.5,57.3,2.73,238.0,5662,Nehru Nagar
2025-06-16 16:30:00+00:00,27.0,41.0,33.0,58.5,2.38,236.0,5662,Nehru Nagar
2025-06-16 17:30:00+00:00,26.0,39.3,32.5,59.7,2.57,246.0,5662,Nehru Nagar
2025-06-16 18:30:00+00:00,30.0,44.0,31.8,62.5,2.6,231.0,5662,Nehru Nagar
2025-06-16 19:30:00+00:00,28.5,42.5,31.1,67.0,2.13,245.0,5662,Nehru Nagar
2025-06-16 20:30:00+00:00,28.0,42.0,30.6,70.0,1.95,232.0,5662,Nehru Nagar
2025-06-16 21:30:00+00:00,32.0,48.0,30.5,72.5,2.35,236.0,5662,Nehru Nagar
2025-06-16 22:30:00+00:00,32.0,48.0,30.4,74.5,2.6,229.0,5662,Nehru Nagar
2025-06-16 23:30:00+00:00,29.0,43.0,30.3,75.5,2.15,239.0,5662,Nehru Nagar
2025-06-17 00:30:00+00:00,32.0,48.0,30.7,75.3,2.8,229.0,5662,Nehru Nagar
2025-06-17 01:30:00+00:00,37.5,56.5,31.4,72.3,3.35,231.0,5662,Nehru Nagar
2025-06-17 02:30:00+00:00,39.5,59.5,32.2,67.8,3.45,212.0,5662,Nehru Nagar
2025-06-17 03:30:00+00:00,38.0,57.0,33.2,64.0,3.13,192.0,5662,Nehru Nagar
2025-06-17 04:30:00+00:00,39.5,59.5,34.7,56.8,2.6,157.0,5662,Nehru Nagar
2025-06-17 05:30:00+00:00,36.5,55.5,36.7,49.3,2.55,147.0,5662,Nehru Nagar
2025-06-17 06:30:00+00:00,32.0,48.0,38.1,43.3,2.2,157.0,5662,Nehru Nagar
2025-06-17 07:30:00+00:00,39.5,58.5,39.1,41.3,2.1,194.0,5662,Nehru Nagar
2025-06-17 08:30:00+00:00,33.0,49.0,39.2,40.0,2.58,201.0,5662,Nehru Nagar
2025-06-17 09:30:00+00:00,23.0,34.0,38.9,40.8,2.55,211.0,5662,Nehru Nagar
2025-06-17 10:30:00+00:00,29.0,43.7,38.1,43.3,2.7,225.0,5662,Nehru Nagar
2025-06-17 11:30:00+00:00,29.5,44.5,37.4,44.0,2.55,206.0,5662,Nehru Nagar
2025-06-17 12:30:00+00:00,30.5,45.5,35.3,51.0,2.8,132.0,5662,Nehru Nagar
2025-06-17 13:30:00+00:00,31.5,46.5,32.2,59.0,4.05,93.3,5662,Nehru Nagar
2025-06-17 14:30:00+00:00,25.3,38.0,31.5,62.3,2.4,143.0,5662,Nehru Nagar
2025-06-17 15:30:00+00:00,22.3,33.0,30.6,66.3,2.4,194.0,5662,Nehru Nagar
2025-06-17 16:30:00+00:00,18.0,27.0,30.3,69.0,2.58,278.0,5662,Nehru Nagar
2025-06-17 17:30:00+00:00,14.0,22.0,30.1,69.5,2.2,315.0,5662,Nehru Nagar
2025-06-17 18:30:00+00:00,26.0,40.0,29.1,75.0,1.95,317.0,5662,Nehru Nagar
2025-06-17 19:30:00+00:00,20.0,31.0,29.0,76.0,1.53,325.0,5662,Nehru Nagar
2025-06-17 20:30:00+00:00,18.0,27.0,29.0,76.0,1.5,338.0,5662,Nehru Nagar
2025-06-17 21:30:00+00:00,20.0,30.0,29.0,76.0,1.63,316.0,5662,Nehru Nagar
2025-06-17 22:30:00+00:00,19.3,30.0,28.8,76.0,1.63,306.0,5662,Nehru Nagar
2025-06-17 23:30:00+00:00,22.0,33.0,28.6,76.5,1.1,291.0,5662,Nehru Nagar
2025-06-18 00:30:00+00:00,24.0,35.0,29.1,75.5,1.6,315.0,5662,Nehru Nagar
2025-06-18 01:30:00+00:00,25.0,37.0,30.2,71.8,1.55,313.0,5662,Nehru Nagar
2025-06-18 02:30:00+00:00,20.5,30.5,31.2,68.3,1.23,234.0,5662,Nehru Nagar
2025-06-18 03:30:00+00:00,17.5,26.5,31.7,66.5,1.6,150.0,5662,Nehru Nagar
2025-06-18 04:30:00+00:00,20.0,30.0,32.6,63.8,1.58,126.0,5662,Nehru Nagar
2025-06-18 05:30:00+00:00,32.0,48.0,33.1,63.3,1.83,135.0,5662,Nehru Nagar
2025-06-18 06:30:00+00:00,36.5,55.5,33.6,60.5,2.03,87.3,5662,Nehru Nagar
2025-06-18 07:30:00+00:00,27.0,41.0,35.0,55.8,2.03,141.0,5662,Nehru Nagar
2025-06-18 08:30:00+00:00,20.0,30.0,36.2,51.8,1.63,253.0,5662,Nehru Nagar
2025-06-18 09:30:00+00:00,31.0,46.0,37.5,45.8,1.9,159.0,5662,Nehru Nagar
2025-06-18 10:30:00+00:00,32.5,48.5,37.9,39.5,1.9,162.0,5662,Nehru Nagar
2025-06-18 11:30:00+00:00,20.0,30.0,37.4,43.0,1.57,102.0,5662,Nehru Nagar
2025-06-18 13:30:00+00:00,22.0,34.0,35.2,44.0,0.9,297.0,5662,Nehru Nagar
2025-06-18 14:30:00+00:00,25.0,38.0,34.9,43.5,0.725,348.0,5662,Nehru Nagar
2025-06-18 15:30:00+00:00,32.0,48.0,33.9,54.0,1.33,264.0,5662,Nehru Nagar
2025-06-18 16:30:00+00:00,26.5,39.5,33.1,61.0,1.73,244.0,5662,Nehru Nagar
2025-06-18 17:30:00+00:00,17.0,25.0,32.7,63.0,1.55,234.0,5662,Nehru Nagar
2025-06-18 18:30:00+00:00,24.0,36.0,32.4,60.5,1.65,242.0,5662,Nehru Nagar
2025-06-18 19:30:00+00:00,22.0,33.0,32.1,60.5,1.43,246.0,5662,Nehru Nagar
2025-06-18 20:30:00+00:00,19.0,29.0,31.9,66.3,1.73,255.0,5662,Nehru Nagar
2025-06-18 21:30:00+00:00,21.0,32.0,31.8,67.5,1.78,234.0,5662,Nehru Nagar
2025-06-18 22:30:00+00:00,27.3,40.7,31.5,68.3,2.6,233.0,5662,Nehru Nagar
2025-06-18 23:30:00+00:00,34.0,51.0,31.3,69.0,2.2,239.0,5662,Nehru Nagar
2025-06-19 00:30:00+00:00,34.5,52.5,32.2,66.0,2.38,234.0,5662,Nehru Nagar
2025-06-19 01:30:00+00:00,33.3,50.7,33.8,60.0,2.07,202.0,5662,Nehru Nagar
2025-06-19 02:30:00+00:00,33.0,50.0,34.9,56.3,1.85,176.0,5662,Nehru Nagar
2025-06-19 03:30:00+00:00,35.0,52.0,36.2,52.5,2.43,199.0,5662,Nehru Nagar
2025-06-19 04:30:00+00:00,35.5,52.5,37.7,46.3,2.83,134.0,5662,Nehru Nagar
2025-06-19 05:30:00+00:00,34.5,51.5,39.3,40.5,2.53,154.0,5662,Nehru Nagar
2025-06-19 06:30:00+00:00,31.0,46.0,39.8,39.0,2.58,136.0,5662,Nehru Nagar
2025-06-19 07:30:00+00:00,31.0,46.0,39.7,39.5,2.93,112.0,5662,Nehru Nagar
2025-06-19 08:30:00+00:00,31.0,46.0,38.4,42.5,2.78,136.0,5662,Nehru Nagar
2025-06-19 09:30:00+00:00,26.5,39.5,35.7,48.3,2.9,247.0,5662,Nehru Nagar
2025-06-19 10:30:00+00:00,21.5,32.5,33.0,59.8,2.55,269.0,5662,Nehru Nagar
2025-06-19 11:30:00+00:00,30.5,45.5,31.1,66.8,2.93,196.0,5662,Nehru Nagar
2025-06-19 12:30:00+00:00,31.0,46.0,28.1,82.0,2.4,327.0,5662,Nehru Nagar
2025-06-19 13:30:00+00:00,18.7,28.0,28.2,83.0,1.5,311.0,5662,Nehru Nagar
2025-06-19 14:30:00+00:00,9.5,14.5,28.4,83.3,0.95,152.0,5662,Nehru Nagar
2025-06-19 15:30:00+00:00,9.5,14.5,28.1,83.0,1.85,122.0,5662,Nehru Nagar
2025-06-19 16:30:00+00:00,18.5,28.5,27.4,83.0,1.65,113.0,5662,Nehru Nagar
2025-06-19 17:30:00+00:00,21.3,32.0,27.6,84.0,1.27,199.0,5662,Nehru Nagar
2025-06-19 18:30:00+00:00,1.0,1.0,27.6,86.0,1.35,82.5,5662,Nehru Nagar
2025-06-19 19:30:00+00:00,1.0,1.0,27.6,86.0,1.73,98.8,5662,Nehru Nagar
2025-06-19 22:30:00+00:00,22.0,34.0,27.9,86.0,2.08,228.0,5662,Nehru Nagar
2025-06-19 23:30:00+00:00,22.0,34.0,27.7,86.0,1.53,233.0,5662,Nehru Nagar
2025-06-20 00:30:00+00:00,1.0,1.0,27.9,86.0,1.48,237.0,5662,Nehru Nagar
2025-06-20 01:30:00+00:00,1.0,1.0,28.2,85.3,2.1,230.0,5662,Nehru Nagar
2025-06-20 02:30:00+00:00,13.0,19.0,28.8,84.3,2.1,240.0,5662,Nehru Nagar
2025-06-20 03:30:00+00:00,13.5,20.5,29.7,79.5,3.3,226.0,5662,Nehru Nagar
2025-06-20 04:30:00+00:00,14.5,22.5,32.1,67.8,3.2,211.0,5662,Nehru Nagar
2025-06-20 05:30:00+00:00,15.5,23.5,33.2,65.3,2.8,167.0,5662,Nehru Nagar
2025-06-20 06:30:00+00:00,18.5,27.5,33.6,62.0,2.55,156.0,5662,Nehru Nagar
2025-06-20 07:30:00+00:00,21.0,31.0,33.4,62.3,2.28,155.0,5662,Nehru Nagar
2025-06-20 08:30:00+00:00,19.5,29.5,33.7,60.3,1.55,144.0,5662,Nehru Nagar
2025-06-20 09:30:00+00:00,18.0,27.0,31.1,72.5,1.05,135.0,5662,Nehru Nagar
2025-06-20 10:30:00+00:00,18.0,27.3,30.6,77.7,0.767,140.0,5662,Nehru Nagar
2025-06-20 11:30:00+00:00,26.0,40.0,31.3,75.3,0.5,176.0,5662,Nehru Nagar
2025-06-20 12:30:00+00:00,30.5,46.5,31.1,73.5,0.65,162.0,5662,Nehru Nagar
2025-06-20 13:30:00+00:00,29.5,44.5,30.5,76.0,0.8,82.8,5662,Nehru Nagar
2025-06-20 14:30:00+00:00,23.0,34.0,30.2,77.3,0.575,50.5,5662,Nehru Nagar
2025-06-20 15:30:00+00:00,23.0,34.0,30.1,77.8,0.55,301.0,5662,Nehru Nagar
2025-06-20 16:30:00+00:00,29.0,44.0,29.8,80.3,1.6,228.0,5662,Nehru Nagar
2025-06-20 17:30:00+00:00,30.0,46.0,28.5,81.0,1.8,222.0,5662,Nehru Nagar
2025-06-20 18:30:00+00:00,10.0,14.0,28.5,81.0,0.7,280.0,5662,Nehru Nagar
2025-06-20 19:30:00+00:00,11.5,16.5,28.9,79.5,0.675,171.0,5662,Nehru Nagar
2025-06-20 20:30:00+00:00,11.0,15.7,29.2,78.0,0.467,143.0,5662,Nehru Nagar
2025-06-20 21:30:00+00:00,12.0,18.0,29.3,78.0,0.5,138.0,5662,Nehru Nagar
2025-06-20 22:30:00+00:00,17.5,26.5,29.2,78.5,0.5,127.0,5662,Nehru Nagar
2025-06-20 23:30:00+00:00,22.5,33.5,29.0,79.5,0.9,247.0,5662,Nehru Nagar
2025-06-21 00:30:00+00:00,20.5,30.5,29.7,77.3,1.7,226.0,5662,Nehru Nagar
2025-06-21 01:30:00+00:00,15.0,22.3,31.2,69.0,2.27,235.0,5662,Nehru Nagar
2025-06-21 07:30:00+00:00,19.3,30.0,35.5,50.7,2.27,246.0,5662,Nehru Nagar
2025-06-21 08:30:00+00:00,15.5,23.5,36.1,50.8,2.43,248.0,5662,Nehru Nagar
2025-06-21 09:30:00+00:00,17.5,25.5,35.4,52.8,2.1,239.0,5662,Nehru Nagar
2025-06-21 10:30:00+00:00,15.3,22.7,35.6,52.7,2.3,244.0,5662,Nehru Nagar
2025-06-21 11:30:00+00:00,12.5,18.5,35.5,54.0,1.93,253.0,5662,Nehru Nagar
2025-06-21 12:30:00+00:00,13.5,20.5,34.7,57.3,1.3,270.0,5662,Nehru Nagar
2025-06-21 13:30:00+00:00,15.3,23.3,32.3,65.7,2.53,87.0,5662,Nehru Nagar
2025-06-21 14:30:00+00:00,14.0,20.0,29.1,82.0,1.95,106.0,5662,Nehru Nagar
2025-06-21 15:30:00+00:00,13.5,19.5,29.0,83.5,1.3,164.0,5662,Nehru Nagar
2025-06-21 16:30:00+00:00,14.0,21.0,28.9,83.0,1.33,214.0,5662,Nehru Nagar
2025-06-21 17:30:00+00:00,15.0,23.0,29.0,83.0,0.6,239.0,5662,Nehru Nagar
2025-06-21 18:30:00+00:00,15.0,23.0,29.1,83.0,0.45,284.0,5662,Nehru Nagar
2025-06-21 19:30:00+00:00,17.0,26.0,29.1,83.0,1.05,323.0,5662,Nehru Nagar
2025-06-21 20:30:00+00:00,20.5,31.5,29.1,83.8,1.1,272.0,5662,Nehru Nagar
2025-06-21 21:30:00+00:00,18.0,27.0,28.9,84.0,1.38,259.0,5662,Nehru Nagar
2025-06-21 22:30:00+00:00,17.3,26.0,28.6,84.3,1.17,213.0,5662,Nehru Nagar
2025-06-21 23:30:00+00:00,17.7,27.0,28.7,85.0,1.13,237.0,5662,Nehru Nagar
2025-06-22 01:30:00+00:00,20.0,30.0,30.3,82.0,1.85,238.0,5662,Nehru Nagar
2025-06-22 02:30:00+00:00,20.7,30.7,30.3,79.0,1.73,221.0,5662,Nehru Nagar
2025-06-22 03:30:00+00:00,22.3,33.0,29.7,80.7,1.77,211.0,5662,Nehru Nagar
2025-06-22 04:30:00+00:00,21.5,32.5,29.7,81.5,1.3,205.0,5662,Nehru Nagar
2025-06-22 05:30:00+00:00,15.0,23.0,29.8,82.3,0.725,181.0,5662,Nehru Nagar
2025-06-22 06:30:00+00:00,17.5,26.5,31.4,79.5,1.08,201.0,5662,Nehru Nagar
2025-06-22 07:30:00+00:00,20.5,30.5,33.2,69.8,1.2,180.0,5662,Nehru Nagar
2025-06-22 08:30:00+00:00,23.5,34.5,32.3,70.5,1.2,266.0,5662,Nehru Nagar
2025-06-22 09:30:00+00:00,25.0,37.0,32.1,72.5,1.95,153.0,5662,Nehru Nagar
2025-06-22 10:30:00+00:00,15.5,22.5,31.9,70.5,1.4,125.0,5662,Nehru Nagar
2025-06-22 11:30:00+00:00,13.0,19.0,31.5,71.0,0.775,117.0,5662,Nehru Nagar
2025-06-22 12:30:00+00:00,24.0,36.0,30.8,76.3,0.825,296.0,5662,Nehru Nagar
2025-06-22 13:30:00+00:00,27.0,41.0,30.5,78.3,0.75,244.0,5662,Nehru Nagar
2025-06-22 14:30:00+00:00,27.0,41.0,30.2,79.8,1.13,210.0,5662,Nehru Nagar
2025-06-22 15:30:00+00:00,29.0,43.7,30.1,79.7,0.967,220.0,5662,Nehru Nagar
2025-06-22 16:30:00+00:00,18.0,27.0,29.9,77.3,0.925,197.0,5662,Nehru Nagar
2025-06-22 17:30:00+00:00,13.0,19.0,29.8,75.0,1.1,128.0,5662,Nehru Nagar
2025-06-22 18:30:00+00:00,14.0,20.0,29.4,77.0,1.1,133.0,5662,Nehru Nagar
2025-06-22 19:30:00+00:00,14.3,21.0,29.2,79.0,1.23,159.0,5662,Nehru Nagar
2025-06-22 20:30:00+00:00,14.0,22.0,29.1,81.0,0.85,142.0,5662,Nehru Nagar
2025-06-22 21:30:00+00:00,13.0,20.0,29.0,81.5,0.8,116.0,5662,Nehru Nagar
2025-06-22 22:30:00+00:00,12.5,18.5,28.7,82.0,1.18,125.0,5662,Nehru Nagar
2025-06-22 23:30:00+00:00,15.0,22.0,28.5,81.3,0.625,182.0,5662,Nehru Nagar
2025-06-23 00:30:00+00:00,15.0,22.0,28.9,79.8,0.85,170.0,5662,Nehru Nagar
2025-06-23 01:30:00+00:00,13.5,19.5,29.3,78.3,1.35,147.0,5662,Nehru Nagar
2025-06-23 02:30:00+00:00,13.5,19.5,30.2,75.8,1.73,195.0,5662,Nehru Nagar
2025-06-23 03:30:00+00:00,10.0,15.0,30.6,75.3,1.9,167.0,5662,Nehru Nagar
2025-06-23 04:30:00+00:00,8.0,12.0,31.9,71.8,1.85,172.0,5662,Nehru Nagar
2025-06-23 05:30:00+00:00,14.5,21.5,32.7,68.8,1.98,199.0,5662,Nehru Nagar
2025-06-23 06:30:00+00:00,25.3,38.0,32.3,68.3,1.93,156.0,5662,Nehru Nagar
2025-06-23 07:30:00+00:00,36.0,54.0,32.1,71.0,1.3,148.0,5662,Nehru Nagar
2025-06-23 11:30:00+00:00,40.0,40.0,31.6,70.8,1.68,135.0,5662,Nehru Nagar
2025-06-23 12:30:00+00:00,21.5,32.5,31.4,72.0,1.48,164.0,5662,Nehru Nagar
2025-06-23 13:30:00+00:00,13.0,20.0,31.2,72.3,1.0,178.0,5662,Nehru Nagar
2025-06-23 14:30:00+00:00,16.5,25.5,30.9,73.3,0.975,240.0,5662,Nehru Nagar
2025-06-23 15:30:00+00:00,19.5,29.5,30.5,74.0,1.3,222.0,5662,Nehru Nagar
2025-06-23 16:30:00+00:00,29.0,43.0,30.4,76.0,1.25,179.0,5662,Nehru Nagar
2025-06-23 17:30:00+00:00,37.0,55.0,30.1,77.0,0.95,266.0,5662,Nehru Nagar
2025-06-23 18:30:00+00:00,19.0,29.0,29.6,80.0,1.0,233.0,5662,Nehru Nagar
2025-06-23 19:30:00+00:00,15.0,23.0,29.5,80.8,0.775,204.0,5662,Nehru Nagar
2025-06-23 20:30:00+00:00,10.5,16.5,29.3,81.0,0.475,236.0,5662,Nehru Nagar
2025-06-23 21:30:00+00:00,12.5,19.5,29.3,81.0,0.775,164.0,5662,Nehru Nagar
2025-06-23 22:30:00+00:00,24.0,36.0,29.0,81.5,0.975,252.0,5662,Nehru Nagar
2025-06-23 23:30:00+00:00,31.0,46.0,28.9,82.8,0.875,256.0,5662,Nehru Nagar
2025-06-24 00:30:00+00:00,26.5,39.5,29.5,82.8,1.6,258.0,5662,Nehru Nagar
2025-06-24 01:30:00+00:00,25.5,38.5,30.8,80.0,2.05,257.0,5662,Nehru Nagar
2025-06-24 02:30:00+00:00,25.0,38.0,32.1,73.5,2.33,252.0,5662,Nehru Nagar
2025-06-24 03:30:00+00:00,29.5,44.5,33.4,68.8,2.18,243.0,5662,Nehru Nagar
2025-06-24 04:30:00+00:00,26.0,39.0,34.2,63.3,2.73,244.0,5662,Nehru Nagar
2025-06-24 05:30:00+00:00,28.0,42.0,35.1,58.5,2.75,231.0,5662,Nehru Nagar
2025-06-24 06:30:00+00:00,29.0,43.0,35.8,57.3,2.6,234.0,5662,Nehru Nagar
2025-06-24 07:30:00+00:00,20.0,30.0,36.6,52.5,2.38,202.0,5662,Nehru Nagar
2025-06-24 08:30:00+00:00,22.0,34.0,36.2,54.0,1.9,147.0,5662,Nehru Nagar
2025-06-24 09:30:00+00:00,22.0,34.0,35.6,57.0,2.35,304.0,5662,Nehru Nagar
2025-06-24 11:30:00+00:00,13.0,19.0,34.0,60.5,2.75,228.0,5662,Nehru Nagar
2025-06-24 12:30:00+00:00,17.0,25.0,33.5,64.3,2.5,222.0,5662,Nehru Nagar
2025-06-24 13:30:00+00:00,21.7,32.3,32.9,66.3,2.47,213.0,5662,Nehru Nagar
2025-06-24 14:30:00+00:00,17.0,25.0,32.7,60.5,2.0,220.0,5662,Nehru Nagar
2025-06-24 15:30:00+00:00,20.0,30.0,32.4,61.8,1.7,185.0,5662,Nehru Nagar
2025-06-24 16:30:00+00:00,25.0,38.0,32.1,63.5,2.0,217.0,5662,Nehru Nagar
2025-06-24 17:30:00+00:00,27.0,41.0,31.8,67.5,2.0,232.0,5662,Nehru Nagar
2025-06-25 04:30:00+00:00,52.0,78.0,33.3,66.0,3.9,241.0,5662,Nehru Nagar
2025-06-25 05:30:00+00:00,55.0,82.0,34.5,61.0,4.3,253.0,5662,Nehru Nagar
2025-06-25 14:30:00+00:00,30.0,46.0,32.4,65.0,2.8,272.0,5662,Nehru Nagar
2025-06-25 15:30:00+00:00,22.7,34.7,32.4,63.3,3.37,254.0,5662,Nehru Nagar
2025-06-25 16:30:00+00:00,7.5,11.5,32.1,66.0,2.68,236.0,5662,Nehru Nagar
2025-06-25 17:30:00+00:00,7.0,11.0,31.9,67.5,2.15,252.0,5662,Nehru Nagar
2025-06-25 18:30:00+00:00,10.0,14.0,31.6,69.0,2.25,252.0,5662,Nehru Nagar
2025-06-25 19:30:00+00:00,15.0,22.0,31.1,70.8,2.05,262.0,5662,Nehru Nagar
2025-06-25 20:30:00+00:00,18.7,28.7,30.7,73.0,2.9,249.0,5662,Nehru Nagar
2025-06-25 21:30:00+00:00,12.5,19.5,30.6,71.0,2.73,233.0,5662,Nehru Nagar
2025-06-25 22:30:00+00:00,7.0,11.0,30.3,72.0,2.05,241.0,5662,Nehru Nagar
2025-06-25 23:30:00+00:00,7.0,11.0,29.9,73.5,2.78,236.0,5662,Nehru Nagar
2025-06-26 00:30:00+00:00,13.0,20.0,30.5,73.5,2.83,234.0,5662,Nehru Nagar
2025-06-26 01:30:00+00:00,14.5,22.5,31.5,71.0,3.75,228.0,5662,Nehru Nagar
2025-06-26 02:30:00+00:00,11.5,17.5,32.1,68.3,4.08,233.0,5662,Nehru Nagar
2025-06-26 03:30:00+00:00,15.0,22.0,32.9,65.0,3.9,228.0,5662,Nehru Nagar
2025-06-26 04:30:00+00:00,19.0,28.0,34.2,61.8,3.63,229.0,5662,Nehru Nagar
2025-06-26 05:30:00+00:00,18.7,27.3,34.3,61.0,4.03,244.0,5662,Nehru Nagar
2025-06-26 06:30:00+00:00,14.0,20.0,35.3,56.3,4.28,232.0,5662,Nehru Nagar
2025-06-26 07:30:00+00:00,18.0,27.0,35.7,54.5,3.9,227.0,5662,Nehru Nagar
2025-06-26 08:30:00+00:00,18.0,27.0,36.6,51.5,3.45,243.0,5662,Nehru Nagar
2025-06-26 09:30:00+00:00,14.0,20.0,36.1,52.8,3.43,226.0,5662,Nehru Nagar
2025-06-26 10:30:00+00:00,15.5,22.5,35.9,53.5,3.15,241.0,5662,Nehru Nagar
2025-06-26 11:30:00+00:00,16.0,24.0,35.6,54.0,2.98,227.0,5662,Nehru Nagar
2025-06-26 12:30:00+00:00,15.0,23.0,35.1,55.5,2.48,249.0,5662,Nehru Nagar
2025-06-26 13:30:00+00:00,17.0,26.0,34.4,58.0,2.18,245.0,5662,Nehru Nagar
2025-06-26 14:30:00+00:00,20.5,30.5,33.7,61.3,3.33,246.0,5662,Nehru Nagar
2025-06-26 15:30:00+00:00,16.0,24.0,33.0,62.0,3.28,232.0,5662,Nehru Nagar
2025-06-26 16:30:00+00:00,9.67,15.0,32.6,63.7,2.83,202.0,5662,Nehru Nagar
2025-06-26 17:30:00+00:00,9.0,13.0,32.1,65.5,1.95,229.0,5662,Nehru Nagar
2025-06-26 18:30:00+00:00,13.0,19.0,31.1,70.0,1.5,251.0,5662,Nehru Nagar
2025-06-26 19:30:00+00:00,11.5,17.5,30.9,71.3,1.75,232.0,5662,Nehru Nagar
2025-06-26 20:30:00+00:00,12.5,19.5,30.8,71.5,2.45,235.0,5662,Nehru Nagar
2025-06-26 21:30:00+00:00,16.5,25.5,30.5,73.3,1.8,240.0,5662,Nehru Nagar
2025-06-26 22:30:00+00:00,13.0,20.0,30.4,73.3,1.8,250.0,5662,Nehru Nagar
2025-06-26 23:30:00+00:00,11.0,17.0,30.3,73.0,2.08,225.0,5662,Nehru Nagar
2025-06-27 00:30:00+00:00,16.0,25.0,30.5,71.5,2.65,237.0,5662,Nehru Nagar
2025-06-27 01:30:00+00:00,17.0,26.0,31.4,69.5,3.05,244.0,5662,Nehru Nagar
2025-06-27 02:30:00+00:00,18.5,27.5,33.2,63.5,3.18,213.0,5662,Nehru Nagar
2025-06-27 03:30:00+00:00,19.0,28.0,34.5,58.3,3.35,223.0,5662,Nehru Nagar
2025-06-27 04:30:00+00:00,14.5,21.5,35.5,56.0,3.35,209.0,5662,Nehru Nagar
2025-06-27 05:30:00+00:00,22.5,33.5,36.5,51.8,4.08,225.0,5662,Nehru Nagar
2025-06-27 06:30:00+00:00,17.5,25.5,36.9,50.0,3.9,243.0,5662,Nehru Nagar
2025-06-27 07:30:00+00:00,1.5,1.5,37.0,49.5,3.95,231.0,5662,Nehru Nagar
2025-06-27 08:30:00+00:00,3.5,4.5,37.2,48.5,3.63,226.0,5662,Nehru Nagar
2025-06-27 09:30:00+00:00,14.0,20.7,38.2,45.3,3.3,220.0,5662,Nehru Nagar
2025-06-27 10:30:00+00:00,13.0,19.0,37.9,46.0,3.05,238.0,5662,Nehru Nagar
2025-06-27 11:30:00+00:00,11.5,17.5,37.4,48.3,3.03,223.0,5662,Nehru Nagar
2025-06-27 12:30:00+00:00,12.0,19.0,35.8,53.0,2.18,240.0,5662,Nehru Nagar
2025-06-27 13:30:00+00:00,20.0,31.0,35.3,54.5,2.0,219.0,5662,Nehru Nagar
2025-06-27 14:30:00+00:00,25.0,38.3,35.0,56.3,2.2,202.0,5662,Nehru Nagar
2025-06-27 23:30:00+00:00,18.0,26.0,30.4,76.0,1.2,231.0,5662,Nehru Nagar
2025-06-28 00:30:00+00:00,19.5,28.5,30.5,76.3,1.45,256.0,5662,Nehru Nagar
2025-06-28 01:30:00+00:00,17.0,25.0,31.6,72.5,1.63,224.0,5662,Nehru Nagar
2025-06-28 02:30:00+00:00,13.0,19.0,32.9,64.7,1.3,233.0,5662,Nehru Nagar
2025-06-28 03:30:00+00:00,15.0,22.0,34.2,61.0,1.9,237.0,5662,Nehru Nagar
2025-06-28 04:30:00+00:00,13.5,20.5,35.2,58.3,2.15,224.0,5662,Nehru Nagar
2025-06-28 05:30:00+00:00,14.0,21.0,36.9,54.0,2.25,191.0,5662,Nehru Nagar
2025-06-28 06:30:00+00:00,24.0,35.0,36.1,57.0,2.43,145.0,5662,Nehru Nagar
2025-06-28 07:30:00+00:00,18.0,26.0,34.5,63.5,3.68,109.0,5662,Nehru Nagar
2025-06-28 08:30:00+00:00,5.5,7.5,34.3,62.3,2.73,107.0,5662,Nehru Nagar
2025-06-28 09:30:00+00:00,9.0,13.0,33.3,64.3,2.6,104.0,5662,Nehru Nagar
2025-06-28 10:30:00+00:00,13.0,19.0,32.2,65.3,2.43,139.0,5662,Nehru Nagar
2025-06-28 12:30:00+00:00,2.0,4.0,31.3,70.0,2.45,147.0,5662,Nehru Nagar
2025-06-28 13:30:00+00:00,7.5,11.5,31.0,71.3,1.88,125.0,5662,Nehru Nagar
2025-06-28 14:30:00+00:00,14.5,21.5,30.8,72.5,1.8,174.0,5662,Nehru Nagar
2025-06-28 15:30:00+00:00,20.5,30.5,30.7,73.5,1.38,191.0,5662,Nehru Nagar
2025-06-28 16:30:00+00:00,29.0,43.0,30.6,73.5,1.38,163.0,5662,Nehru Nagar
2025-06-28 17:30:00+00:00,30.0,44.7,30.3,73.7,1.4,136.0,5662,Nehru Nagar
2025-06-28 18:30:00+00:00,21.0,31.0,29.9,71.0,1.5,239.0,5662,Nehru Nagar
2025-06-28 19:30:00+00:00,22.7,34.0,29.8,72.0,1.93,248.0,5662,Nehru Nagar
2025-06-28 20:30:00+00:00,21.7,33.0,29.7,71.8,1.55,157.0,5662,Nehru Nagar
2025-06-28 21:30:00+00:00,16.3,24.3,29.5,72.5,1.23,201.0,5662,Nehru Nagar
2025-06-28 22:30:00+00:00,22.3,33.7,29.4,74.3,1.45,168.0,5662,Nehru Nagar
2025-06-28 23:30:00+00:00,22.7,34.0,29.1,74.5,1.65,268.0,5662,Nehru Nagar
2025-06-29 00:30:00+00:00,19.7,30.3,29.7,70.0,1.55,321.0,5662,Nehru Nagar
2025-06-29 01:30:00+00:00,6.67,10.7,29.9,70.0,1.65,291.0,5662,Nehru Nagar
2025-06-29 02:30:00+00:00,6.67,10.7,30.1,71.8,2.13,270.0,5662,Nehru Nagar
2025-06-29 03:30:00+00:00,9.67,14.3,32.2,62.8,1.95,273.0,5662,Nehru Nagar
2025-06-29 04:30:00+00:00,13.3,20.0,33.2,57.8,2.43,266.0,5662,Nehru Nagar
2025-06-29 05:30:00+00:00,14.0,21.3,34.2,54.3,1.68,260.0,5662,Nehru Nagar
2025-06-29 06:30:00+00:00,16.7,24.0,34.1,54.5,1.25,209.0,5662,Nehru Nagar
2025-06-29 07:30:00+00:00,22.0,32.7,30.3,68.3,2.03,270.0,5662,Nehru Nagar
2025-06-29 08:30:00+00:00,19.0,29.0,29.0,77.3,1.38,245.0,5662,Nehru Nagar
2025-06-29 09:30:00+00:00,16.0,23.3,30.6,76.8,1.03,167.0,5662,Nehru Nagar
2025-06-29 10:30:00+00:00,20.7,30.7,28.6,76.8,3.7,331.0,5662,Nehru Nagar
2025-06-29 11:30:00+00:00,27.3,41.3,27.1,80.8,1.35,145.0,5662,Nehru Nagar
2025-06-29 12:30:00+00:00,35.3,52.7,27.7,82.3,1.5,209.0,5662,Nehru Nagar
2025-06-29 13:30:00+00:00,14.0,21.3,27.5,80.5,1.48,236.0,5662,Nehru Nagar
2025-06-29 14:30:00+00:00,15.3,22.7,27.5,81.0,1.23,325.0,5662,Nehru Nagar
2025-06-29 15:30:00+00:00,13.3,20.7,27.3,83.0,0.733,264.0,5662,Nehru Nagar
2025-06-30 04:30:00+00:00,31.5,47.5,32.7,65.0,1.88,284.0,5662,Nehru Nagar
2025-06-30 05:30:00+00:00,24.5,37.5,33.9,64.3,2.1,305.0,5662,Nehru Nagar
2025-06-30 06:30:00+00:00,19.5,29.5,34.1,64.3,2.35,292.0,5662,Nehru Nagar
2025-06-30 07:30:00+00:00,17.5,26.5,31.9,68.8,3.2,231.0,5662,Nehru Nagar
2025-06-30 08:30:00+00:00,16.0,25.0,28.2,74.3,1.58,137.0,5662,Nehru Nagar
2025-06-30 09:30:00+00:00,15.0,23.0,27.6,78.5,0.9,172.0,5662,Nehru Nagar
2025-06-30 10:30:00+00:00,14.5,21.5,27.3,81.8,1.08,182.0,5662,Nehru Nagar
2025-06-30 11:30:00+00:00,12.7,18.7,27.4,83.0,0.6,106.0,5662,Nehru Nagar
2025-06-30 12:30:00+00:00,8.0,12.0,27.4,84.0,0.5,264.0,5662,Nehru Nagar
2025-06-30 13:30:00+00:00,11.0,16.0,27.6,84.8,0.85,122.0,5662,Nehru Nagar
2025-06-30 14:30:00+00:00,16.0,23.0,27.4,85.0,1.33,264.0,5662,Nehru Nagar
2025-06-30 15:30:00+00:00,22.0,32.0,27.4,85.0,1.08,208.0,5662,Nehru Nagar
2025-06-30 16:30:00+00:00,25.5,37.5,27.4,84.5,1.6,190.0,5662,Nehru Nagar
2025-06-30 17:30:00+00:00,21.0,31.0,27.3,84.0,1.55,174.0,5662,Nehru Nagar
2025-06-30 18:30:00+00:00,14.0,22.0,27.2,84.0,0.9,111.0,5662,Nehru Nagar
2025-06-30 19:30:00+00:00,12.5,19.5,27.1,84.0,0.75,187.0,5662,Nehru Nagar
2025-06-30 20:30:00+00:00,13.0,20.0,27.0,84.0,0.6,140.0,5662,Nehru Nagar
2025-06-30 21:30:00+00:00,12.0,18.0,27.1,83.8,0.775,97.8,5662,Nehru Nagar
2025-06-30 22:30:00+00:00,9.0,13.0,27.1,83.5,0.625,152.0,5662,Nehru Nagar
2025-06-30 23:30:00+00:00,10.0,14.7,27.2,84.0,0.867,176.0,5662,Nehru Nagar
2025-07-01 00:30:00+00:00,13.5,20.5,27.5,84.0,1.4,237.0,5662,Nehru Nagar
2025-07-01 01:30:00+00:00,18.5,27.5,28.7,81.8,1.03,232.0,5662,Nehru Nagar
2025-07-01 02:30:00+00:00,20.0,29.0,29.3,79.0,1.25,256.0,5662,Nehru Nagar
2025-07-01 03:30:00+00:00,19.5,28.5,30.2,75.0,1.43,246.0,5662,Nehru Nagar
2025-07-01 04:30:00+00:00,21.5,32.5,31.5,70.8,2.08,238.0,5662,Nehru Nagar
2025-07-01 05:30:00+00:00,22.0,34.0,32.9,63.8,2.2,216.0,5662,Nehru Nagar
2025-07-01 06:30:00+00:00,22.5,34.5,33.8,64.3,2.23,241.0,5662,Nehru Nagar
2025-07-01 07:30:00+00:00,21.5,32.5,34.4,60.0,2.83,229.0,5662,Nehru Nagar
2025-07-01 08:30:00+00:00,16.7,25.3,34.3,61.7,2.63,216.0,5662,Nehru Nagar
2025-07-01 09:30:00+00:00,17.5,26.5,32.6,67.8,3.3,219.0,5662,Nehru Nagar
2025-07-01 10:30:00+00:00,22.0,33.0,29.8,76.5,2.48,212.0,5662,Nehru Nagar
2025-07-01 11:30:00+00:00,20.5,30.5,29.8,78.0,1.9,191.0,5662,Nehru Nagar
2025-07-01 12:30:00+00:00,12.5,18.5,29.8,76.5,1.75,201.0,5662,Nehru Nagar
2025-07-01 13:30:00+00:00,7.5,11.5,29.5,77.0,1.95,200.0,5662,Nehru Nagar
2025-07-01 14:30:00+00:00,13.0,20.0,29.4,77.3,2.3,211.0,5662,Nehru Nagar
2025-07-01 15:30:00+00:00,19.3,29.3,29.3,78.3,1.77,200.0,5662,Nehru Nagar
2025-07-01 16:30:00+00:00,17.5,26.5,29.1,79.8,1.5,200.0,5662,Nehru Nagar
2025-07-01 17:30:00+00:00,15.0,23.0,28.9,79.0,1.7,212.0,5662,Nehru Nagar
2025-07-01 18:30:00+00:00,16.0,24.0,28.9,80.0,1.5,195.0,5662,Nehru Nagar
2025-07-01 19:30:00+00:00,13.0,19.0,28.7,80.8,1.4,193.0,5662,Nehru Nagar
2025-07-01 20:30:00+00:00,12.0,17.0,28.4,79.5,1.73,180.0,5662,Nehru Nagar
2025-07-01 21:30:00+00:00,16.7,24.0,28.2,80.0,1.83,191.0,5662,Nehru Nagar
2025-07-01 22:30:00+00:00,22.0,33.0,28.1,81.3,1.83,197.0,5662,Nehru Nagar
2025-07-01 23:30:00+00:00,21.5,32.5,28.0,82.0,1.75,191.0,5662,Nehru Nagar
2025-07-02 00:30:00+00:00,7.0,11.0,28.1,83.0,2.15,204.0,5662,Nehru Nagar
2025-07-02 01:30:00+00:00,8.5,12.5,28.8,82.0,2.6,207.0,5662,Nehru Nagar
2025-07-02 02:30:00+00:00,14.0,21.0,29.4,79.0,3.18,218.0,5662,Nehru Nagar
2025-07-02 03:30:00+00:00,16.0,24.7,30.3,75.7,3.27,209.0,5662,Nehru Nagar
2025-07-02 04:30:00+00:00,22.5,34.5,31.4,72.3,3.13,205.0,5662,Nehru Nagar
2025-07-02 05:30:00+00:00,29.5,44.5,32.8,66.8,3.45,207.0,5662,Nehru Nagar
2025-07-02 06:30:00+00:00,26.5,39.5,33.5,64.0,3.8,222.0,5662,Nehru Nagar
2025-07-02 07:30:00+00:00,25.0,38.0,33.9,62.3,3.68,194.0,5662,Nehru Nagar
2025-07-02 08:30:00+00:00,26.0,40.0,35.0,59.3,3.8,204.0,5662,Nehru Nagar
2025-07-02 09:30:00+00:00,27.0,41.0,35.1,58.7,3.73,190.0,5662,Nehru Nagar
2025-07-02 12:30:00+00:00,27.0,41.0,33.5,65.0,1.45,166.0,5662,Nehru Nagar
2025-07-02 13:30:00+00:00,28.0,42.0,32.0,69.3,2.25,199.0,5662,Nehru Nagar
2025-07-02 14:30:00+00:00,23.5,35.5,28.5,80.3,1.13,203.0,5662,Nehru Nagar
2025-07-02 15:30:00+00:00,26.5,40.5,29.0,82.3,1.03,187.0,5662,Nehru Nagar
2025-07-02 16:30:00+00:00,26.5,39.5,29.3,82.5,1.03,240.0,5662,Nehru Nagar
2025-07-02 17:30:00+00:00,18.0,26.0,29.3,82.0,1.5,223.0,5662,Nehru Nagar
2025-07-02 18:30:00+00:00,18.0,28.0,29.2,81.0,1.85,195.0,5662,Nehru Nagar
2025-07-02 19:30:00+00:00,17.0,26.0,29.0,81.0,2.15,211.0,5662,Nehru Nagar
2025-07-02 20:30:00+00:00,18.5,27.5,29.0,80.5,2.43,215.0,5662,Nehru Nagar
2025-07-02 21:30:00+00:00,19.5,29.5,29.0,80.0,2.9,227.0,5662,Nehru Nagar
2025-07-02 22:30:00+00:00,16.5,25.5,28.8,81.0,2.93,222.0,5662,Nehru Nagar
2025-07-02 23:30:00+00:00,18.5,27.5,28.7,81.5,2.0,212.0,5662,Nehru Nagar
2025-07-03 00:30:00+00:00,24.5,36.5,29.0,81.5,2.63,227.0,5662,Nehru Nagar
2025-07-03 01:30:00+00:00,23.5,35.5,29.8,79.3,3.28,214.0,5662,Nehru Nagar
2025-07-03 02:30:00+00:00,20.0,30.0,31.0,75.8,3.48,215.0,5662,Nehru Nagar
2025-07-03 03:30:00+00:00,18.0,27.0,31.8,72.3,3.63,226.0,5662,Nehru Nagar
2025-07-03 04:30:00+00:00,17.0,26.0,32.8,69.5,3.55,233.0,5662,Nehru Nagar
2025-07-03 05:30:00+00:00,21.0,32.0,33.7,66.3,3.13,207.0,5662,Nehru Nagar
2025-07-03 06:30:00+00:00,33.5,50.5,34.3,64.5,2.68,207.0,5662,Nehru Nagar
2025-07-03 07:30:00+00:00,31.5,47.5,35.3,59.5,2.65,185.0,5662,Nehru Nagar
2025-07-03 08:30:00+00:00,17.0,25.0,35.3,57.3,2.45,184.0,5662,Nehru Nagar
2025-07-03 09:30:00+00:00,12.0,17.0,35.7,54.0,2.78,226.0,5662,Nehru Nagar
2025-07-03 10:30:00+00:00,12.0,17.0,35.7,52.8,2.88,215.0,5662,Nehru Nagar
2025-07-03 11:30:00+00:00,22.0,33.0,34.7,60.8,1.48,136.0,5662,Nehru Nagar
2025-07-03 12:30:00+00:00,28.0,42.0,33.8,64.5,1.28,187.0,5662,Nehru Nagar
2025-07-03 13:30:00+00:00,25.5,37.5,33.1,67.5,1.7,208.0,5662,Nehru Nagar
2025-07-03 14:30:00+00:00,23.0,34.0,32.5,70.3,2.13,208.0,5662,Nehru Nagar
2025-07-03 15:30:00+00:00,17.5,26.5,32.2,70.8,2.2,205.0,5662,Nehru Nagar
2025-07-03 16:30:00+00:00,18.0,27.0,31.6,70.0,1.48,170.0,5662,Nehru Nagar
2025-07-03 17:30:00+00:00,22.0,32.0,31.2,75.0,1.4,160.0,5662,Nehru Nagar
2025-07-03 18:30:00+00:00,22.0,32.0,30.9,72.5,1.35,200.0,5662,Nehru Nagar
2025-07-03 19:30:00+00:00,17.5,25.5,30.8,68.5,1.85,213.0,5662,Nehru Nagar
2025-07-03 20:30:00+00:00,13.5,20.5,30.6,72.5,1.3,171.0,5662,Nehru Nagar
2025-07-03 21:30:00+00:00,13.5,20.5,30.1,76.3,1.88,177.0,5662,Nehru Nagar
2025-07-03 22:30:00+00:00,16.5,24.5,29.2,77.0,3.05,192.0,5662,Nehru Nagar
2025-07-03 23:30:00+00:00,12.0,18.0,28.2,80.0,2.2,200.0,5662,Nehru Nagar
2025-07-04 00:30:00+00:00,6.0,9.0,28.1,82.5,1.2,202.0,5662,Nehru Nagar
2025-07-04 01:30:00+00:00,11.0,17.0,28.6,83.3,1.4,201.0,5662,Nehru Nagar
2025-07-04 02:30:00+00:00,15.5,23.5,30.7,80.5,2.65,212.0,5662,Nehru Nagar
2025-07-04 03:30:00+00:00,17.5,26.5,32.4,70.5,3.28,208.0,5662,Nehru Nagar
2025-07-04 04:30:00+00:00,17.0,26.0,33.7,64.5,2.7,206.0,5662,Nehru Nagar
2025-07-04 05:30:00+00:00,25.5,38.5,34.6,60.8,3.05,193.0,5662,Nehru Nagar
2025-07-04 06:30:00+00:00,24.5,36.5,35.3,58.8,3.03,212.0,5662,Nehru Nagar
2025-07-04 07:30:00+00:00,15.3,22.7,35.2,58.3,3.3,211.0,5662,Nehru Nagar
2025-07-04 08:30:00+00:00,17.0,26.0,34.2,64.0,3.75,204.0,5662,Nehru Nagar
2025-07-04 09:30:00+00:00,16.0,24.0,34.7,63.3,2.63,204.0,5662,Nehru Nagar
2025-07-04 10:30:00+00:00,17.0,26.0,34.6,62.5,3.15,187.0,5662,Nehru Nagar
2025-07-04 11:30:00+00:00,18.0,27.0,34.0,64.8,2.2,206.0,5662,Nehru Nagar
2025-07-04 12:30:00+00:00,18.0,26.0,32.8,67.5,1.8,156.0,5662,Nehru Nagar
2025-07-04 13:30:00+00:00,17.0,25.0,30.0,76.5,1.88,156.0,5662,Nehru Nagar
2025-07-04 14:30:00+00:00,16.0,24.0,28.4,80.5,2.3,122.0,5662,Nehru Nagar
2025-07-04 20:30:00+00:00,1.0,1.0,27.9,84.0,0.875,302.0,5662,Nehru Nagar
2025-07-04 21:30:00+00:00,3.5,5.5,28.0,84.0,0.85,230.0,5662,Nehru Nagar
2025-07-04 22:30:00+00:00,6.0,9.0,28.1,84.0,0.775,319.0,5662,Nehru Nagar
2025-07-04 23:30:00+00:00,5.5,7.5,28.4,84.0,0.9,298.0,5662,Nehru Nagar
2025-07-05 00:30:00+00:00,7.67,11.0,28.8,83.3,1.27,210.0,5662,Nehru Nagar
2025-07-05 01:30:00+00:00,13.5,20.5,29.4,83.0,1.2,241.0,5662,Nehru Nagar
2025-07-05 02:30:00+00:00,23.3,34.7,30.4,78.3,0.967,189.0,5662,Nehru Nagar
2025-07-05 03:30:00+00:00,24.0,35.0,32.2,74.0,1.3,194.0,5662,Nehru Nagar
2025-07-05 04:30:00+00:00,23.0,34.0,33.3,68.3,1.13,218.0,5662,Nehru Nagar
2025-07-05 05:30:00+00:00,29.5,44.5,32.6,71.3,1.7,260.0,5662,Nehru Nagar
2025-07-05 06:30:00+00:00,38.0,57.3,33.8,68.3,1.9,296.0,5662,Nehru Nagar
2025-07-05 07:30:00+00:00,39.0,59.0,35.2,59.5,1.68,262.0,5662,Nehru Nagar
2025-07-05 08:30:00+00:00,34.0,51.0,35.2,59.8,1.48,264.0,5662,Nehru Nagar
2025-07-05 09:30:00+00:00,32.0,47.0,35.4,61.0,1.55,206.0,5662,Nehru Nagar
2025-07-05 10:30:00+00:00,29.0,43.0,29.2,76.0,2.3,140.0,5662,Nehru Nagar
2025-07-05 11:30:00+00:00,22.5,33.5,27.9,76.5,1.35,321.0,5662,Nehru Nagar
2025-07-05 12:30:00+00:00,17.0,25.0,29.1,81.0,0.5,248.0,5662,Nehru Nagar
2025-07-05 13:30:00+00:00,18.5,27.5,29.2,84.0,1.2,336.0,5662,Nehru Nagar
2025-07-05 14:30:00+00:00,22.5,33.5,29.3,84.0,0.7,282.0,5662,Nehru Nagar
2025-07-05 15:30:00+00:00,32.5,48.5,29.4,84.0,1.1,166.0,5662,Nehru Nagar
2025-07-05 16:30:00+00:00,30.0,45.0,29.4,84.0,0.55,72.3,5662,Nehru Nagar
2025-07-05 17:30:00+00:00,20.0,30.0,29.4,84.5,0.7,80.0,5662,Nehru Nagar
2025-07-05 18:30:00+00:00,59.0,89.0,29.1,84.0,0.65,343.0,5662,Nehru Nagar
2025-07-05 19:30:00+00:00,51.5,77.5,29.1,84.8,0.6,276.0,5662,Nehru Nagar
2025-07-05 20:30:00+00:00,35.5,53.5,28.9,85.0,0.5,292.0,5662,Nehru Nagar
2025-07-05 21:30:00+00:00,29.0,43.7,28.9,85.0,0.667,348.0,5662,Nehru Nagar
2025-07-05 22:30:00+00:00,27.5,41.5,28.7,85.0,0.6,323.0,5662,Nehru Nagar
2025-07-05 23:30:00+00:00,21.0,32.0,28.7,86.0,1.1,334.0,5662,Nehru Nagar
2025-07-06 00:30:00+00:00,21.0,32.0,29.1,83.3,1.28,321.0,5662,Nehru Nagar
2025-07-06 01:30:00+00:00,22.0,34.0,30.3,80.8,1.28,322.0,5662,Nehru Nagar
2025-07-06 02:30:00+00:00,22.0,34.0,33.0,74.0,1.18,243.0,5662,Nehru Nagar
2025-07-06 03:30:00+00:00,22.0,34.0,34.4,66.8,1.23,228.0,5662,Nehru Nagar
2025-07-06 04:30:00+00:00,17.5,26.5,35.1,60.0,1.43,181.0,5662,Nehru Nagar
2025-07-06 05:30:00+00:00,18.5,27.5,34.8,63.3,1.2,256.0,5662,Nehru Nagar
2025-07-06 06:30:00+00:00,26.0,38.7,35.9,59.0,1.43,155.0,5662,Nehru Nagar
2025-07-06 07:30:00+00:00,29.5,43.5,31.1,72.5,1.68,294.0,5662,Nehru Nagar
2025-07-06 08:30:00+00:00,25.5,37.5,36.3,62.0,1.55,244.0,5662,Nehru Nagar
2025-07-06 14:30:00+00:00,33.0,49.0,33.1,67.8,0.925,220.0,5662,Nehru Nagar
2025-07-06 15:30:00+00:00,33.0,49.0,32.6,70.5,1.08,183.0,5662,Nehru Nagar
2025-07-06 16:30:00+00:00,33.0,49.0,32.1,73.0,1.08,153.0,5662,Nehru Nagar
2025-07-06 17:30:00+00:00,30.3,45.0,31.6,74.0,1.23,217.0,5662,Nehru Nagar
2025-07-06 18:30:00+00:00,30.0,44.0,31.4,76.0,1.4,209.0,5662,Nehru Nagar
2025-07-06 19:30:00+00:00,26.0,39.0,31.1,76.8,0.85,181.0,5662,Nehru Nagar
2025-07-06 20:30:00+00:00,25.3,38.7,30.7,78.3,0.6,292.0,5662,Nehru Nagar
2025-07-06 21:30:00+00:00,28.0,42.0,30.6,77.3,0.625,241.0,5662,Nehru Nagar
2025-07-06 22:30:00+00:00,25.0,37.7,30.4,79.3,1.1,182.0,5662,Nehru Nagar
2025-07-06 23:30:00+00:00,18.0,27.0,30.5,79.5,1.13,192.0,5662,Nehru Nagar
2025-07-07 00:30:00+00:00,17.5,26.5,30.9,78.0,1.65,213.0,5662,Nehru Nagar
2025-07-07 01:30:00+00:00,24.5,37.5,32.4,71.3,2.03,183.0,5662,Nehru Nagar
2025-07-07 02:30:00+00:00,20.0,30.0,34.0,63.5,2.2,192.0,5662,Nehru Nagar
2025-07-07 03:30:00+00:00,14.0,20.7,34.9,60.7,2.0,145.0,5662,Nehru Nagar
2025-07-07 04:30:00+00:00,19.7,29.7,35.3,60.0,2.6,187.0,5662,Nehru Nagar
2025-07-07 05:30:00+00:00,20.0,30.0,35.6,58.3,1.73,206.0,5662,Nehru Nagar
2025-07-07 06:30:00+00:00,15.5,23.5,36.4,53.8,2.23,208.0,5662,Nehru Nagar
2025-07-07 07:30:00+00:00,18.0,28.0,36.9,49.8,2.05,185.0,5662,Nehru Nagar
2025-07-07 08:30:00+00:00,18.0,28.0,37.7,46.8,2.55,207.0,5662,Nehru Nagar
2025-07-07 09:30:00+00:00,13.5,20.5,37.9,44.3,2.78,202.0,5662,Nehru Nagar
2025-07-07 10:30:00+00:00,10.5,15.5,37.8,45.3,2.33,220.0,5662,Nehru Nagar
2025-07-07 11:30:00+00:00,9.0,14.0,37.3,47.5,1.73,221.0,5662,Nehru Nagar
2025-07-07 12:30:00+00:00,14.0,20.7,35.5,52.7,1.33,230.0,5662,Nehru Nagar
2025-07-07 13:30:00+00:00,20.0,29.0,33.8,64.3,1.78,340.0,5662,Nehru Nagar
2025-07-07 14:30:00+00:00,22.5,33.5,32.7,68.5,1.93,336.0,5662,Nehru Nagar
2025-07-07 15:30:00+00:00,25.5,38.5,32.3,68.8,1.6,344.0,5662,Nehru Nagar
2025-07-07 16:30:00+00:00,33.5,50.5,32.0,70.5,1.88,344.0,5662,Nehru Nagar
2025-07-07 17:30:00+00:00,39.0,59.0,31.7,73.0,1.6,345.0,5662,Nehru Nagar
2025-07-07 18:30:00+00:00,33.0,49.0,31.4,75.0,1.25,266.0,5662,Nehru Nagar
2025-07-07 19:30:00+00:00,31.7,47.0,31.1,74.0,1.43,273.0,5662,Nehru Nagar
2025-07-07 20:30:00+00:00,27.5,41.5,30.9,73.8,1.4,282.0,5662,Nehru Nagar
2025-07-07 21:30:00+00:00,28.5,43.5,30.7,74.8,1.23,278.0,5662,Nehru Nagar
2025-07-07 22:30:00+00:00,25.0,38.0,30.5,76.3,1.4,258.0,5662,Nehru Nagar
2025-07-07 23:30:00+00:00,20.5,31.5,30.5,76.8,1.25,269.0,5662,Nehru Nagar
2025-07-08 00:30:00+00:00,22.0,34.0,31.5,74.0,1.83,234.0,5662,Nehru Nagar
2025-07-08 01:30:00+00:00,22.0,33.0,33.4,68.0,1.68,262.0,5662,Nehru Nagar
2025-07-08 02:30:00+00:00,26.5,39.5,34.9,63.3,1.6,232.0,5662,Nehru Nagar
2025-07-08 03:30:00+00:00,25.5,38.5,35.8,57.5,1.58,218.0,5662,Nehru Nagar
2025-07-08 04:30:00+00:00,21.0,31.7,36.6,54.7,1.27,126.0,5662,Nehru Nagar
2025-07-08 05:30:00+00:00,24.5,36.5,34.0,63.5,1.53,161.0,5662,Nehru Nagar
2025-07-08 06:30:00+00:00,24.0,35.0,35.0,62.0,1.43,121.0,5662,Nehru Nagar
2025-07-08 07:30:00+00:00,24.0,36.0,37.5,52.8,1.38,166.0,5662,Nehru Nagar
2025-07-08 08:30:00+00:00,24.5,37.5,38.4,48.3,1.38,173.0,5662,Nehru Nagar
2025-07-08 09:30:00+00:00,22.7,34.0,36.6,54.3,3.3,327.0,5662,Nehru Nagar
2025-07-08 10:30:00+00:00,8.0,12.0,32.7,64.5,2.85,303.0,5662,Nehru Nagar
2025-07-08 11:30:00+00:00,9.0,13.0,32.8,64.5,1.93,320.0,5662,Nehru Nagar
2025-07-08 12:30:00+00:00,11.5,16.5,32.8,65.3,1.1,219.0,5662,Nehru Nagar
2025-07-08 13:30:00+00:00,19.5,29.5,32.6,66.8,1.03,234.0,5662,Nehru Nagar
2025-07-08 14:30:00+00:00,30.0,46.0,32.2,69.5,1.1,197.0,5662,Nehru Nagar
2025-07-08 15:30:00+00:00,27.0,41.0,31.7,69.8,1.3,133.0,5662,Nehru Nagar
2025-07-08 16:30:00+00:00,16.5,24.5,31.4,72.5,1.48,219.0,5662,Nehru Nagar
2025-07-08 17:30:00+00:00,13.0,19.0,31.4,72.0,1.15,102.0,5662,Nehru Nagar
2025-07-08 18:30:00+00:00,38.0,56.0,30.9,73.5,0.75,206.0,5662,Nehru Nagar
2025-07-08 19:30:00+00:00,41.5,61.5,30.8,74.8,1.13,161.0,5662,Nehru Nagar
2025-07-08 20:30:00+00:00,43.0,64.0,30.7,75.3,0.775,196.0,5662,Nehru Nagar
2025-07-08 21:30:00+00:00,40.5,60.5,30.8,77.0,0.9,222.0,5662,Nehru Nagar
2025-07-08 22:30:00+00:00,43.0,64.0,29.7,76.5,2.83,317.0,5662,Nehru Nagar
2025-07-08 23:30:00+00:00,29.5,43.5,27.0,76.0,1.38,292.0,5662,Nehru Nagar
2025-07-09 00:30:00+00:00,16.5,24.5,28.1,78.8,0.5,331.0,5662,Nehru Nagar
2025-07-09 01:30:00+00:00,17.0,26.0,28.7,80.8,0.825,147.0,5662,Nehru Nagar
2025-07-09 02:30:00+00:00,18.5,28.5,29.4,78.3,0.725,269.0,5662,Nehru Nagar
2025-07-09 03:30:00+00:00,30.5,46.5,30.4,74.8,0.875,219.0,5662,Nehru Nagar
2025-07-09 04:30:00+00:00,30.5,46.5,30.1,72.5,2.68,253.0,5662,Nehru Nagar
2025-07-09 05:30:00+00:00,13.0,20.0,28.2,75.8,2.98,180.0,5662,Nehru Nagar
2025-07-09 06:30:00+00:00,3.0,5.0,28.6,72.5,2.3,140.0,5662,Nehru Nagar
2025-07-09 07:30:00+00:00,3.5,5.5,30.0,67.8,1.68,104.0,5662,Nehru Nagar
2025-07-09 08:30:00+00:00,5.5,8.5,31.1,62.3,1.33,150.0,5662,Nehru Nagar
2025-07-09 09:30:00+00:00,7.5,11.5,31.6,58.8,1.58,292.0,5662,Nehru Nagar
2025-07-09 10:30:00+00:00,10.0,15.0,31.2,63.5,1.83,274.0,5662,Nehru Nagar
2025-07-09 11:30:00+00:00,14.0,21.0,30.6,67.8,1.2,224.0,5662,Nehru Nagar
2025-07-09 12:30:00+00:00,13.0,19.0,30.1,70.0,1.53,175.0,5662,Nehru Nagar
2025-07-09 13:30:00+00:00,13.0,19.0,29.5,70.0,0.925,127.0,5662,Nehru Nagar
2025-07-09 14:30:00+00:00,16.5,24.5,29.3,73.0,0.525,194.0,5662,Nehru Nagar
2025-07-09 15:30:00+00:00,19.5,29.5,29.4,74.5,0.575,238.0,5662,Nehru Nagar
2025-07-09 16:30:00+00:00,20.5,31.5,29.4,74.3,0.5,298.0,5662,Nehru Nagar
2025-07-09 17:30:00+00:00,22.3,33.7,29.3,75.7,1.03,249.0,5662,Nehru Nagar
2025-07-09 18:30:00+00:00,16.0,24.0,28.9,78.0,0.8,271.0,5662,Nehru Nagar
2025-07-09 19:30:00+00:00,14.5,21.5,28.8,79.5,0.75,321.0,5662,Nehru Nagar
2025-07-09 20:30:00+00:00,20.0,30.0,28.6,79.8,1.2,246.0,5662,Nehru Nagar
2025-07-09 21:30:00+00:00,24.0,36.0,28.4,79.0,0.567,309.0,5662,Nehru Nagar
2025-07-09 22:30:00+00:00,12.5,18.5,28.4,79.0,0.425,348.0,5662,Nehru Nagar
2025-07-09 23:30:00+00:00,25.0,38.0,28.5,80.0,0.4,259.0,5662,Nehru Nagar
2025-07-10 00:30:00+00:00,28.0,42.0,29.1,79.3,0.675,284.0,5662,Nehru Nagar
2025-07-10 01:30:00+00:00,10.5,15.5,30.0,75.8,0.875,249.0,5662,Nehru Nagar
2025-07-10 02:30:00+00:00,10.0,14.7,31.1,71.7,1.07,226.0,5662,Nehru Nagar
2025-07-10 03:30:00+00:00,13.5,19.5,33.1,63.0,1.68,240.0,5662,Nehru Nagar
2025-07-10 04:30:00+00:00,14.0,21.0,33.6,63.5,1.58,220.0,5662,Nehru Nagar
2025-07-10 05:30:00+00:00,18.5,28.5,33.8,62.0,2.4,271.0,5662,Nehru Nagar
2025-07-10 06:30:00+00:00,18.5,28.5,28.9,76.8,2.6,207.0,5662,Nehru Nagar
2025-07-10 07:30:00+00:00,14.5,21.5,30.4,80.3,1.38,320.0,5662,Nehru Nagar
2025-07-10 08:30:00+00:00,15.5,22.5,29.3,77.3,2.98,224.0,5662,Nehru Nagar
2025-07-10 09:30:00+00:00,14.0,21.0,29.3,77.5,1.3,218.0,5662,Nehru Nagar
2025-07-10 10:30:00+00:00,10.5,16.5,30.8,73.3,0.75,296.0,5662,Nehru Nagar
2025-07-10 11:30:00+00:00,16.7,25.3,30.9,73.0,0.8,295.0,5662,Nehru Nagar
2025-07-10 12:30:00+00:00,16.0,24.0,30.1,75.5,1.13,337.0,5662,Nehru Nagar
2025-07-10 13:30:00+00:00,11.5,17.5,29.8,77.8,1.13,348.0,5662,Nehru Nagar
2025-07-10 14:30:00+00:00,14.5,22.5,29.8,78.0,0.85,349.0,5662,Nehru Nagar
2025-07-10 15:30:00+00:00,17.0,26.0,29.7,78.5,0.9,283.0,5662,Nehru Nagar
2025-07-10 16:30:00+00:00,13.5,20.5,29.5,80.0,0.725,266.0,5662,Nehru Nagar
2025-07-10 17:30:00+00:00,11.0,17.0,29.4,80.5,0.35,145.0,5662,Nehru Nagar
2025-07-10 18:30:00+00:00,20.0,30.0,29.0,81.0,1.05,349.0,5662,Nehru Nagar
2025-07-10 19:30:00+00:00,20.5,30.5,28.8,81.8,1.08,348.0,5662,Nehru Nagar
2025-07-10 20:30:00+00:00,25.5,37.5,28.5,82.5,1.58,339.0,5662,Nehru Nagar
2025-07-10 21:30:00+00:00,28.0,42.0,28.5,83.0,1.4,336.0,5662,Nehru Nagar
2025-07-10 22:30:00+00:00,30.0,45.0,28.3,83.8,1.15,337.0,5662,Nehru Nagar
2025-07-10 23:30:00+00:00,30.5,45.5,28.4,84.0,1.55,340.0,5662,Nehru Nagar
2025-07-11 00:30:00+00:00,26.0,39.0,28.6,84.5,1.2,294.0,5662,Nehru Nagar
2025-07-11 01:30:00+00:00,23.5,34.5,29.2,83.8,1.0,164.0,5662,Nehru Nagar
2025-07-11 02:30:00+00:00,24.0,36.0,28.1,81.8,1.83,169.0,5662,Nehru Nagar
2025-07-11 03:30:00+00:00,17.0,26.0,27.1,83.8,1.38,269.0,5662,Nehru Nagar
2025-07-11 04:30:00+00:00,7.0,11.0,29.0,82.5,1.6,274.0,5662,Nehru Nagar
2025-07-11 05:30:00+00:00,14.0,21.3,30.7,77.7,1.57,292.0,5662,Nehru Nagar
2025-07-11 06:30:00+00:00,20.5,30.5,33.4,65.0,1.65,242.0,5662,Nehru Nagar
2025-07-11 07:30:00+00:00,11.0,17.0,31.4,61.3,2.43,197.0,5662,Nehru Nagar
2025-07-11 08:30:00+00:00,10.0,15.0,31.2,65.3,1.58,187.0,5662,Nehru Nagar
2025-07-11 09:30:00+00:00,13.0,19.0,31.9,66.3,0.875,160.0,5662,Nehru Nagar
2025-07-11 10:30:00+00:00,18.0,27.0,30.5,67.3,1.58,224.0,5662,Nehru Nagar
2025-07-11 11:30:00+00:00,14.5,21.5,28.4,78.5,1.25,251.0,5662,Nehru Nagar
2025-07-11 12:30:00+00:00,12.0,17.0,28.2,81.8,1.28,188.0,5662,Nehru Nagar
2025-07-11 13:30:00+00:00,15.0,21.7,28.0,83.0,1.07,106.0,5662,Nehru Nagar
2025-07-11 14:30:00+00:00,19.5,28.5,27.9,83.0,0.925,302.0,5662,Nehru Nagar
2025-07-11 15:30:00+00:00,22.0,32.0,28.0,84.0,1.13,328.0,5662,Nehru Nagar
2025-07-11 16:30:00+00:00,25.0,37.0,27.9,84.3,0.8,348.0,5662,Nehru Nagar
2025-07-11 17:30:00+00:00,28.0,42.0,28.0,84.5,0.5,348.0,5662,Nehru Nagar
2025-07-11 18:30:00+00:00,20.0,30.0,28.0,84.0,1.3,347.0,5662,Nehru Nagar
2025-07-11 19:30:00+00:00,13.5,20.5,28.0,85.0,1.4,342.0,5662,Nehru Nagar
2025-07-11 20:30:00+00:00,8.0,12.0,27.9,85.0,1.25,252.0,5662,Nehru Nagar
2025-07-11 21:30:00+00:00,9.33,14.0,28.0,85.0,1.07,245.0,5662,Nehru Nagar
2025-07-11 22:30:00+00:00,10.0,16.0,26.9,82.5,1.9,337.0,5662,Nehru Nagar
2025-07-11 23:30:00+00:00,10.0,16.0,27.0,82.0,1.65,306.0,5662,Nehru Nagar
2025-07-12 00:30:00+00:00,10.0,16.0,26.5,80.5,1.88,167.0,5662,Nehru Nagar
2025-07-12 01:30:00+00:00,10.0,16.0,26.5,79.3,1.4,245.0,5662,Nehru Nagar
2025-07-12 02:30:00+00:00,10.0,16.0,26.4,78.0,1.3,309.0,5662,Nehru Nagar
2025-07-12 03:30:00+00:00,10.0,16.0,26.9,78.0,1.58,301.0,5662,Nehru Nagar
2025-07-12 04:30:00+00:00,10.0,14.0,27.6,77.5,1.75,307.0,5662,Nehru Nagar
2025-07-12 05:30:00+00:00,8.0,12.0,28.4,77.0,1.83,261.0,5662,Nehru Nagar
2025-07-12 06:30:00+00:00,5.5,8.5,29.5,76.0,1.78,270.0,5662,Nehru Nagar
2025-07-12 07:30:00+00:00,6.0,9.0,30.6,75.8,2.03,296.0,5662,Nehru Nagar
2025-07-12 08:30:00+00:00,9.5,14.5,31.7,73.8,2.08,275.0,5662,Nehru Nagar
2025-07-12 09:30:00+00:00,19.5,29.5,31.9,75.3,2.2,249.0,5662,Nehru Nagar
2025-07-12 10:30:00+00:00,25.0,38.0,31.4,77.5,1.95,234.0,5662,Nehru Nagar
2025-07-12 11:30:00+00:00,18.0,28.0,31.1,77.3,1.68,202.0,5662,Nehru Nagar
2025-07-12 12:30:00+00:00,18.5,28.5,30.6,75.5,1.1,216.0,5662,Nehru Nagar
2025-07-12 13:30:00+00:00,37.7,56.3,30.1,78.0,0.9,256.0,5662,Nehru Nagar
2025-07-12 14:30:00+00:00,39.5,58.5,30.0,78.3,0.925,228.0,5662,Nehru Nagar
2025-07-12 15:30:00+00:00,44.0,65.0,29.8,80.5,1.1,252.0,5662,Nehru Nagar
2025-07-12 16:30:00+00:00,37.5,55.5,29.1,82.8,1.18,216.0,5662,Nehru Nagar
2025-07-12 17:30:00+00:00,21.0,31.0,29.1,84.0,0.95,182.0,5662,Nehru Nagar
2025-07-12 18:30:00+00:00,12.0,18.0,29.0,83.0,1.6,207.0,5662,Nehru Nagar
2025-07-12 19:30:00+00:00,16.5,24.5,28.7,83.3,1.15,214.0,5662,Nehru Nagar
2025-07-12 20:30:00+00:00,20.5,30.5,28.4,84.3,1.13,217.0,5662,Nehru Nagar
2025-07-12 21:30:00+00:00,21.0,31.0,28.4,85.0,1.48,215.0,5662,Nehru Nagar
2025-07-12 22:30:00+00:00,28.5,42.5,28.2,86.0,2.0,198.0,5662,Nehru Nagar
2025-07-12 23:30:00+00:00,26.0,39.0,27.8,86.3,2.3,199.0,5662,Nehru Nagar
2025-07-13 00:30:00+00:00,14.3,21.0,27.7,87.0,2.73,218.0,5662,Nehru Nagar
2025-07-13 01:30:00+00:00,9.5,14.5,28.3,86.8,2.35,225.0,5662,Nehru Nagar
2025-07-13 02:30:00+00:00,16.0,25.0,29.5,84.5,2.75,237.0,5662,Nehru Nagar
2025-07-13 03:30:00+00:00,26.0,39.0,30.2,80.0,2.63,239.0,5662,Nehru Nagar
2025-07-13 04:30:00+00:00,31.0,46.0,30.8,77.8,2.23,231.0,5662,Nehru Nagar
2025-07-13 05:30:00+00:00,21.5,32.5,32.1,71.3,3.38,225.0,5662,Nehru Nagar
2025-07-13 06:30:00+00:00,14.0,21.0,33.1,63.0,3.48,217.0,5662,Nehru Nagar
2025-07-13 07:30:00+00:00,22.5,33.5,34.0,59.3,3.15,188.0,5662,Nehru Nagar
2025-07-13 08:30:00+00:00,26.5,39.5,34.6,58.3,3.08,178.0,5662,Nehru Nagar
2025-07-13 09:30:00+00:00,28.0,42.0,34.5,59.5,3.1,178.0,5662,Nehru Nagar
2025-07-13 10:30:00+00:00,30.0,46.0,33.8,62.0,2.0,132.0,5662,Nehru Nagar
2025-07-13 11:30:00+00:00,32.0,48.0,33.2,64.0,1.93,176.0,5662,Nehru Nagar
2025-07-13 12:30:00+00:00,20.5,30.5,32.4,66.3,1.83,168.0,5662,Nehru Nagar
2025-07-13 13:30:00+00:00,18.3,27.7,31.7,68.7,1.7,179.0,5662,Nehru Nagar
2025-07-13 14:30:00+00:00,19.5,29.5,31.3,70.3,1.55,180.0,5662,Nehru Nagar
2025-07-13 15:30:00+00:00,18.0,27.0,31.1,71.5,1.63,190.0,5662,Nehru Nagar
2025-07-13 16:30:00+00:00,22.5,33.5,31.1,71.3,1.43,146.0,5662,Nehru Nagar
2025-07-13 17:30:00+00:00,24.0,36.0,30.7,73.0,1.55,173.0,5662,Nehru Nagar
2025-07-13 18:30:00+00:00,13.0,19.0,29.8,76.5,1.5,159.0,5662,Nehru Nagar
2025-07-13 19:30:00+00:00,12.5,18.5,29.6,76.3,1.73,139.0,5662,Nehru Nagar
2025-07-13 20:30:00+00:00,10.0,15.0,29.4,77.0,1.43,161.0,5662,Nehru Nagar
2025-07-13 21:30:00+00:00,10.5,15.5,29.3,78.0,2.15,211.0,5662,Nehru Nagar
2025-07-13 22:30:00+00:00,10.0,15.0,28.6,78.3,3.25,227.0,5662,Nehru Nagar
2025-07-13 23:30:00+00:00,6.5,10.5,27.8,78.0,2.98,213.0,5662,Nehru Nagar
2025-07-14 00:30:00+00:00,5.0,8.0,27.7,77.8,3.48,217.0,5662,Nehru Nagar
2025-07-14 01:30:00+00:00,8.5,12.5,28.5,75.8,3.18,211.0,5662,Nehru Nagar
2025-07-14 02:30:00+00:00,11.7,17.0,29.1,74.0,2.63,191.0,5662,Nehru Nagar
2025-07-14 03:30:00+00:00,12.5,18.5,30.2,71.8,2.53,180.0,5662,Nehru Nagar
2025-07-14 04:30:00+00:00,15.5,23.5,30.7,71.8,2.8,185.0,5662,Nehru Nagar
2025-07-14 05:30:00+00:00,17.0,26.0,32.1,68.5,2.65,156.0,5662,Nehru Nagar
2025-07-14 06:30:00+00:00,21.5,32.5,32.4,66.3,2.65,161.0,5662,Nehru Nagar
2025-07-14 07:30:00+00:00,19.5,29.5,32.8,66.0,2.53,171.0,5662,Nehru Nagar
2025-07-14 08:30:00+00:00,16.5,24.5,33.6,64.3,1.88,157.0,5662,Nehru Nagar
2025-07-14 09:30:00+00:00,18.5,27.5,34.6,59.5,2.35,172.0,5662,Nehru Nagar
2025-07-14 10:30:00+00:00,18.5,28.5,34.6,57.5,2.1,155.0,5662,Nehru Nagar
2025-07-14 11:30:00+00:00,18.5,28.5,33.9,58.5,2.13,165.0,5662,Nehru Nagar
2025-07-14 12:30:00+00:00,17.5,26.5,32.2,63.8,1.7,148.0,5662,Nehru Nagar
2025-07-14 13:30:00+00:00,15.0,23.0,29.3,71.5,1.85,167.0,5662,Nehru Nagar
2025-07-14 14:30:00+00:00,14.0,21.0,27.1,79.0,1.4,188.0,5662,Nehru Nagar
2025-07-14 15:30:00+00:00,12.0,17.0,27.5,81.3,1.05,100.0,5662,Nehru Nagar
2025-07-14 16:30:00+00:00,11.5,16.5,27.5,82.0,1.1,154.0,5662,Nehru Nagar
2025-07-14 17:30:00+00:00,13.0,19.0,27.5,82.0,1.6,191.0,5662,Nehru Nagar
2025-07-14 18:30:00+00:00,11.0,17.0,27.3,83.0,1.6,195.0,5662,Nehru Nagar
2025-07-14 19:30:00+00:00,10.5,16.5,27.3,83.0,1.48,196.0,5662,Nehru Nagar
2025-07-14 20:30:00+00:00,8.0,12.0,27.4,83.0,1.13,190.0,5662,Nehru Nagar
2025-07-14 21:30:00+00:00,5.5,7.5,27.6,82.0,0.95,188.0,5662,Nehru Nagar
2025-07-14 22:30:00+00:00,6.0,9.0,27.6,82.0,1.18,130.0,5662,Nehru Nagar
2025-07-14 23:30:00+00:00,7.0,11.0,27.6,82.0,1.15,125.0,5662,Nehru Nagar
2025-07-15 00:30:00+00:00,10.0,15.0,27.9,82.0,1.38,159.0,5662,Nehru Nagar
2025-07-15 01:30:00+00:00,11.5,16.5,29.1,80.5,1.45,111.0,5662,Nehru Nagar
2025-07-15 02:30:00+00:00,12.7,19.3,30.3,76.7,1.77,114.0,5662,Nehru Nagar
2025-07-15 03:30:00+00:00,13.0,20.0,31.5,69.5,1.7,157.0,5662,Nehru Nagar
2025-07-15 04:30:00+00:00,16.0,24.0,33.5,63.8,1.85,148.0,5662,Nehru Nagar
2025-07-15 05:30:00+00:00,19.0,29.0,34.0,61.0,1.98,115.0,5662,Nehru Nagar
2025-07-15 06:30:00+00:00,17.0,26.0,34.8,55.8,1.88,132.0,5662,Nehru Nagar
2025-07-15 07:30:00+00:00,16.5,24.5,35.3,54.5,1.95,153.0,5662,Nehru Nagar
2025-07-15 08:30:00+00:00,14.7,21.3,35.4,53.7,1.8,156.0,5662,Nehru Nagar
2025-07-15 09:30:00+00:00,12.5,18.5,34.5,56.0,2.0,155.0,5662,Nehru Nagar
2025-07-15 10:30:00+00:00,16.5,24.5,33.8,59.8,1.75,128.0,5662,Nehru Nagar
2025-07-15 11:30:00+00:00,16.0,23.0,33.5,61.0,1.68,173.0,5662,Nehru Nagar
2025-07-15 12:30:00+00:00,17.0,25.0,32.9,63.5,1.35,168.0,5662,Nehru Nagar
2025-07-15 13:30:00+00:00,23.0,34.0,32.2,69.0,1.3,200.0,5662,Nehru Nagar
2025-07-15 14:30:00+00:00,20.7,31.3,32.0,68.3,0.833,95.0,5662,Nehru Nagar
2025-07-15 15:30:00+00:00,20.0,31.0,31.0,72.3,1.25,93.8,5662,Nehru Nagar
2025-07-15 16:30:00+00:00,17.5,26.5,30.2,74.8,0.55,97.0,5662,Nehru Nagar
2025-07-15 17:30:00+00:00,13.0,19.0,30.0,75.5,1.25,153.0,5662,Nehru Nagar
2025-07-15 18:30:00+00:00,24.0,36.0,29.6,80.0,0.45,337.0,5662,Nehru Nagar
2025-07-15 19:30:00+00:00,20.0,30.0,29.4,79.8,1.33,211.0,5662,Nehru Nagar
2025-07-15 20:30:00+00:00,15.5,23.5,29.1,80.5,1.5,209.0,5662,Nehru Nagar
2025-07-15 21:30:00+00:00,10.5,15.5,29.0,80.8,0.975,223.0,5662,Nehru Nagar
2025-07-15 22:30:00+00:00,7.0,10.0,28.9,80.0,1.08,225.0,5662,Nehru Nagar
2025-07-15 23:30:00+00:00,8.0,12.0,28.5,78.3,1.95,211.0,5662,Nehru Nagar
2025-07-16 00:30:00+00:00,8.0,12.0,28.5,75.3,2.1,216.0,5662,Nehru Nagar
2025-07-16 01:30:00+00:00,13.5,20.5,29.1,74.5,2.63,220.0,5662,Nehru Nagar
2025-07-16 02:30:00+00:00,14.5,21.5,31.7,68.8,2.78,215.0,5662,Nehru Nagar
2025-07-16 03:30:00+00:00,13.5,19.5,31.5,67.8,2.35,214.0,5662,Nehru Nagar
2025-07-16 04:30:00+00:00,16.5,24.5,32.2,66.0,1.88,226.0,5662,Nehru Nagar
2025-07-16 05:30:00+00:00,17.0,26.0,33.0,63.3,2.75,211.0,5662,Nehru Nagar
2025-07-16 06:30:00+00:00,16.5,25.5,34.5,55.5,3.68,225.0,5662,Nehru Nagar
2025-07-16 07:30:00+00:00,20.5,31.5,34.8,54.3,3.63,212.0,5662,Nehru Nagar
2025-07-16 08:30:00+00:00,24.0,37.0,34.8,54.5,3.08,215.0,5662,Nehru Nagar
2025-07-16 09:30:00+00:00,19.5,29.5,34.2,57.8,2.33,236.0,5662,Nehru Nagar
2025-07-16 10:30:00+00:00,15.7,23.0,34.0,61.3,1.6,276.0,5662,Nehru Nagar
2025-07-16 11:30:00+00:00,17.0,25.7,33.5,61.7,1.43,302.0,5662,Nehru Nagar
2025-07-16 12:30:00+00:00,15.5,23.5,31.5,65.3,4.15,226.0,5662,Nehru Nagar
2025-07-16 13:30:00+00:00,12.0,18.0,27.8,80.5,2.25,232.0,5662,Nehru Nagar
2025-07-16 15:30:00+00:00,7.0,11.0,27.0,76.0,3.45,244.0,5662,Nehru Nagar
2025-07-16 16:30:00+00:00,6.5,9.5,27.0,80.0,2.63,257.0,5662,Nehru Nagar
2025-07-16 17:30:00+00:00,6.0,8.0,27.1,86.0,1.75,273.0,5662,Nehru Nagar
2025-07-16 18:30:00+00:00,10.0,14.0,27.4,86.0,1.6,283.0,5662,Nehru Nagar
2025-07-16 19:30:00+00:00,9.0,13.0,27.4,86.0,1.2,299.0,5662,Nehru Nagar
2025-07-16 20:30:00+00:00,6.5,9.5,27.4,85.8,1.48,258.0,5662,Nehru Nagar
2025-07-16 21:30:00+00:00,5.5,7.5,27.5,85.0,1.6,296.0,5662,Nehru Nagar
2025-07-16 22:30:00+00:00,8.0,11.0,27.4,85.0,1.78,262.0,5662,Nehru Nagar
2025-07-16 23:30:00+00:00,9.5,13.5,27.2,85.0,1.88,272.0,5662,Nehru Nagar
2025-07-17 00:30:00+00:00,8.5,12.5,27.8,84.5,2.2,273.0,5662,Nehru Nagar
2025-07-17 01:30:00+00:00,12.0,18.0,28.0,83.3,2.73,279.0,5662,Nehru Nagar
2025-07-17 02:30:00+00:00,18.5,27.5,27.6,83.8,3.2,239.0,5662,Nehru Nagar
2025-07-17 03:30:00+00:00,21.5,32.5,28.3,84.3,3.35,215.0,5662,Nehru Nagar
2025-07-17 04:30:00+00:00,24.0,37.0,28.9,83.3,4.08,227.0,5662,Nehru Nagar
2025-07-17 05:30:00+00:00,24.0,37.0,30.4,76.5,4.85,228.0,5662,Nehru Nagar
2025-07-17 06:30:00+00:00,26.0,39.0,29.3,77.5,4.55,228.0,5662,Nehru Nagar
2025-07-17 07:30:00+00:00,32.0,48.0,30.0,77.8,5.13,240.0,5662,Nehru Nagar
2025-07-17 08:30:00+00:00,28.0,42.0,29.1,77.3,5.53,241.0,5662,Nehru Nagar
2025-07-17 09:30:00+00:00,19.0,28.0,28.3,81.3,5.98,214.0,5662,Nehru Nagar
2025-07-17 10:30:00+00:00,19.3,28.7,28.0,80.3,6.33,237.0,5662,Nehru Nagar
2025-07-17 11:30:00+00:00,18.0,26.0,27.0,83.5,6.85,226.0,5662,Nehru Nagar
2025-07-17 12:30:00+00:00,14.0,21.0,26.8,84.0,6.03,224.0,5662,Nehru Nagar
2025-07-17 13:30:00+00:00,12.0,18.0,26.9,85.0,5.75,220.0,5662,Nehru Nagar
2025-07-17 14:30:00+00:00,10.0,15.0,26.7,85.8,6.98,221.0,5662,Nehru Nagar
2025-07-17 15:30:00+00:00,12.0,18.7,26.7,86.0,6.83,213.0,5662,Nehru Nagar
2025-07-17 16:30:00+00:00,7.67,12.3,26.4,87.0,6.27,209.0,5662,Nehru Nagar
2025-07-17 17:30:00+00:00,4.67,8.0,26.3,87.0,6.27,204.0,5662,Nehru Nagar
2025-07-17 18:30:00+00:00,2.0,4.0,26.1,87.0,5.65,200.0,5662,Nehru Nagar
2025-07-18 12:30:00+00:00,17.0,25.0,30.8,68.8,2.25,92.5,5662,Nehru Nagar
2025-07-18 13:30:00+00:00,10.3,15.3,29.6,72.5,1.58,92.8,5662,Nehru Nagar
2025-07-18 14:30:00+00:00,8.0,12.0,29.3,75.0,1.28,94.8,5662,Nehru Nagar
2025-07-18 15:30:00+00:00,8.0,12.0,29.0,77.5,0.95,113.0,5662,Nehru Nagar
2025-07-18 16:30:00+00:00,8.0,12.0,28.8,78.8,0.975,114.0,5662,Nehru Nagar
2025-07-18 17:30:00+00:00,8.67,12.7,28.7,79.7,0.7,167.0,5662,Nehru Nagar
2025-07-18 18:30:00+00:00,14.0,22.0,28.5,81.0,0.9,116.0,5662,Nehru Nagar
2025-07-18 19:30:00+00:00,14.0,22.0,28.4,81.0,0.8,113.0,5662,Nehru Nagar
2025-07-18 20:30:00+00:00,12.0,18.0,28.3,81.8,0.8,81.8,5662,Nehru Nagar
2025-07-18 21:30:00+00:00,11.5,16.5,28.3,82.0,1.0,82.3,5662,Nehru Nagar
2025-07-18 22:30:00+00:00,14.5,21.5,28.0,81.5,1.23,84.5,5662,Nehru Nagar
2025-07-18 23:30:00+00:00,15.0,23.0,27.7,81.8,0.95,88.5,5662,Nehru Nagar
2025-07-19 00:30:00+00:00,17.0,26.0,28.9,79.8,1.28,134.0,5662,Nehru Nagar
2025-07-19 01:30:00+00:00,20.5,30.5,30.2,73.3,1.98,148.0,5662,Nehru Nagar
2025-07-19 02:30:00+00:00,19.0,28.0,31.7,67.5,1.83,140.0,5662,Nehru Nagar
2025-07-19 03:30:00+00:00,17.5,25.5,32.7,62.8,2.13,150.0,5662,Nehru Nagar
2025-07-19 04:30:00+00:00,16.5,24.5,33.6,60.5,2.3,130.0,5662,Nehru Nagar
2025-07-19 05:30:00+00:00,16.0,24.0,34.4,59.3,2.1,168.0,5662,Nehru Nagar
2025-07-19 06:30:00+00:00,18.0,27.0,34.6,58.3,2.33,144.0,5662,Nehru Nagar
2025-07-19 07:30:00+00:00,16.5,25.5,35.2,54.8,2.15,180.0,5662,Nehru Nagar
2025-07-19 08:30:00+00:00,19.0,29.0,35.2,54.3,2.53,213.0,5662,Nehru Nagar
2025-07-19 09:30:00+00:00,21.5,32.5,35.3,54.0,3.38,269.0,5662,Nehru Nagar
2025-07-19 10:30:00+00:00,22.5,33.5,35.0,55.5,2.55,227.0,5662,Nehru Nagar
2025-07-19 11:30:00+00:00,23.5,35.5,34.6,56.3,2.13,252.0,5662,Nehru Nagar
2025-07-19 12:30:00+00:00,22.0,33.0,33.2,60.3,1.43,268.0,5662,Nehru Nagar
2025-07-19 13:30:00+00:00,24.0,36.0,32.4,65.0,0.65,188.0,5662,Nehru Nagar
2025-07-19 14:30:00+00:00,33.5,50.5,32.0,67.0,0.8,127.0,5662,Nehru Nagar
2025-07-19 15:30:00+00:00,53.0,79.0,31.7,69.0,0.625,64.0,5662,Nehru Nagar
2025-07-19 16:30:00+00:00,63.5,94.5,31.3,71.3,0.5,84.0,5662,Nehru Nagar
2025-07-19 17:30:00+00:00,62.0,92.0,31.1,72.0,0.65,115.0,5662,Nehru Nagar
2025-07-19 18:30:00+00:00,27.0,41.0,30.6,76.0,0.6,137.0,5662,Nehru Nagar
2025-07-19 19:30:00+00:00,34.5,51.5,30.5,76.0,0.6,109.0,5662,Nehru Nagar
2025-07-19 20:30:00+00:00,52.0,77.0,30.2,73.3,0.475,78.8,5662,Nehru Nagar
2025-07-19 21:30:00+00:00,49.5,73.5,30.0,73.8,0.775,142.0,5662,Nehru Nagar
2025-07-19 22:30:00+00:00,43.0,64.0,29.9,74.3,0.725,150.0,5662,Nehru Nagar
2025-07-19 23:30:00+00:00,49.5,74.5,29.6,77.5,1.25,215.0,5662,Nehru Nagar
2025-07-20 00:30:00+00:00,38.0,58.0,30.9,74.5,1.65,257.0,5662,Nehru Nagar
2025-07-20 01:30:00+00:00,24.0,36.0,32.7,65.3,1.88,266.0,5662,Nehru Nagar
2025-07-20 02:30:00+00:00,20.3,29.7,33.1,62.0,2.37,241.0,5662,Nehru Nagar
2025-07-20 03:30:00+00:00,13.0,19.0,33.9,59.0,2.6,260.0,5662,Nehru Nagar
2025-07-20 04:30:00+00:00,17.0,25.0,34.4,54.8,2.53,289.0,5662,Nehru Nagar
2025-07-20 05:30:00+00:00,26.5,39.5,34.4,56.3,2.2,295.0,5662,Nehru Nagar
2025-07-20 06:30:00+00:00,27.0,40.0,34.3,55.5,2.23,294.0,5662,Nehru Nagar
2025-07-20 07:30:00+00:00,23.5,34.5,34.5,55.0,2.45,281.0,5662,Nehru Nagar
2025-07-20 08:30:00+00:00,22.5,33.5,35.2,53.5,1.93,189.0,5662,Nehru Nagar
2025-07-20 09:30:00+00:00,23.0,34.0,33.7,53.8,1.4,173.0,5662,Nehru Nagar
2025-07-20 10:30:00+00:00,25.5,37.5,33.4,52.8,1.1,114.0,5662,Nehru Nagar
2025-07-20 11:30:00+00:00,24.3,35.7,32.7,54.7,1.17,216.0,5662,Nehru Nagar
2025-07-20 12:30:00+00:00,26.0,39.0,32.4,59.5,0.875,126.0,5662,Nehru Nagar
2025-07-20 13:30:00+00:00,30.7,46.7,31.9,65.0,0.567,101.0,5662,Nehru Nagar
2025-07-20 14:30:00+00:00,29.5,44.5,31.6,67.8,0.7,104.0,5662,Nehru Nagar
2025-07-20 15:30:00+00:00,34.5,51.5,31.3,70.5,0.65,138.0,5662,Nehru Nagar
2025-07-20 16:30:00+00:00,36.5,54.5,31.0,71.8,0.525,125.0,5662,Nehru Nagar
2025-07-20 17:30:00+00:00,31.0,47.0,30.7,73.0,0.7,135.0,5662,Nehru Nagar
2025-07-20 18:30:00+00:00,25.0,37.0,30.5,70.0,0.35,45.0,5662,Nehru Nagar
2025-07-20 19:30:00+00:00,22.5,33.5,30.4,69.3,0.325,76.8,5662,Nehru Nagar
2025-07-20 20:30:00+00:00,19.5,29.5,30.2,67.8,0.35,301.0,5662,Nehru Nagar
2025-07-20 21:30:00+00:00,20.5,30.5,30.3,68.3,0.45,98.0,5662,Nehru Nagar
2025-07-20 22:30:00+00:00,25.5,37.5,30.0,67.3,0.475,136.0,5662,Nehru Nagar
2025-07-20 23:30:00+00:00,25.0,37.0,30.0,71.3,0.325,87.0,5662,Nehru Nagar
2025-07-21 00:30:00+00:00,27.0,40.0,31.1,71.3,0.6,116.0,5662,Nehru Nagar
2025-07-21 01:30:00+00:00,36.0,54.0,32.9,64.5,0.725,197.0,5662,Nehru Nagar
2025-07-21 02:30:00+00:00,34.5,52.5,34.2,55.3,0.775,272.0,5662,Nehru Nagar
2025-07-21 03:30:00+00:00,32.0,49.0,35.0,50.8,1.95,227.0,5662,Nehru Nagar
2025-07-21 04:30:00+00:00,30.5,46.5,35.5,49.0,1.98,254.0,5662,Nehru Nagar
2025-07-21 05:30:00+00:00,28.5,42.5,36.3,50.3,1.95,240.0,5662,Nehru Nagar
2025-07-21 06:30:00+00:00,29.5,43.5,36.4,50.3,1.98,269.0,5662,Nehru Nagar
2025-07-21 07:30:00+00:00,27.5,41.5,37.3,47.0,2.38,257.0,5662,Nehru Nagar
2025-07-21 08:30:00+00:00,31.5,47.5,35.3,57.8,3.15,222.0,5662,Nehru Nagar
2025-07-21 09:30:00+00:00,29.5,44.5,34.1,60.0,3.3,256.0,5662,Nehru Nagar
2025-07-21 10:30:00+00:00,26.0,39.0,32.9,65.0,3.15,290.0,5662,Nehru Nagar
2025-07-21 11:30:00+00:00,25.0,37.0,31.6,62.5,2.3,311.0,5662,Nehru Nagar
2025-07-21 12:30:00+00:00,18.5,27.5,31.1,65.0,2.25,331.0,5662,Nehru Nagar
2025-07-21 13:30:00+00:00,17.0,25.0,30.4,68.5,2.15,342.0,5662,Nehru Nagar
2025-07-21 14:30:00+00:00,20.0,30.0,30.1,73.3,2.08,330.0,5662,Nehru Nagar
2025-07-21 15:30:00+00:00,24.5,37.5,29.9,74.0,1.63,340.0,5662,Nehru Nagar
2025-07-21 16:30:00+00:00,27.0,41.0,29.9,74.0,1.13,287.0,5662,Nehru Nagar
2025-07-21 17:30:00+00:00,27.7,41.7,29.6,74.7,1.0,339.0,5662,Nehru Nagar
2025-07-21 18:30:00+00:00,30.0,44.0,29.7,76.0,0.4,328.0,5662,Nehru Nagar
2025-07-21 19:30:00+00:00,25.5,37.5,29.8,76.0,0.8,269.0,5662,Nehru Nagar
2025-07-21 20:30:00+00:00,23.5,35.5,29.5,76.8,0.55,259.0,5662,Nehru Nagar
2025-07-21 21:30:00+00:00,24.0,37.0,29.6,77.3,0.725,245.0,5662,Nehru Nagar
2025-07-21 22:30:00+00:00,24.0,36.0,29.4,78.8,0.675,306.0,5662,Nehru Nagar
2025-07-21 23:30:00+00:00,26.0,38.0,29.2,79.0,1.03,335.0,5662,Nehru Nagar
2025-07-22 00:30:00+00:00,25.7,37.7,29.2,78.7,1.37,328.0,5662,Nehru Nagar
2025-07-22 01:30:00+00:00,26.0,39.0,30.0,75.8,1.88,323.0,5662,Nehru Nagar
2025-07-22 02:30:00+00:00,24.5,36.5,32.3,66.3,1.73,289.0,5662,Nehru Nagar
2025-07-22 03:30:00+00:00,23.0,34.0,34.0,61.5,1.58,267.0,5662,Nehru Nagar
2025-07-22 04:30:00+00:00,27.0,40.0,35.0,58.3,2.0,295.0,5662,Nehru Nagar
2025-07-22 05:30:00+00:00,31.5,46.5,35.3,59.3,2.58,304.0,5662,Nehru Nagar
2025-07-22 06:30:00+00:00,40.0,60.0,36.5,54.3,2.6,303.0,5662,Nehru Nagar
2025-07-22 07:30:00+00:00,40.0,60.0,37.1,50.8,2.7,298.0,5662,Nehru Nagar
2025-07-22 08:30:00+00:00,26.5,39.5,36.7,52.0,2.88,306.0,5662,Nehru Nagar
2025-07-22 09:30:00+00:00,20.0,30.0,36.7,51.0,2.9,320.0,5662,Nehru Nagar
2025-07-22 11:30:00+00:00,10.3,15.7,36.0,52.7,2.33,311.0,5662,Nehru Nagar
2025-07-22 12:30:00+00:00,11.0,17.0,34.7,55.5,1.93,340.0,5662,Nehru Nagar
2025-07-22 13:30:00+00:00,12.5,19.5,34.1,57.5,1.0,258.0,5662,Nehru Nagar
2025-07-22 14:30:00+00:00,13.3,20.7,33.8,59.3,0.6,257.0,5662,Nehru Nagar
2025-07-22 15:30:00+00:00,26.0,39.0,33.6,61.3,0.725,92.8,5662,Nehru Nagar
2025-07-22 16:30:00+00:00,39.5,58.5,33.2,63.0,0.55,126.0,5662,Nehru Nagar
2025-07-22 17:30:00+00:00,42.3,63.0,32.9,66.0,0.733,111.0,5662,Nehru Nagar
2025-07-22 18:30:00+00:00,22.0,32.0,31.8,75.0,1.25,94.5,5662,Nehru Nagar
2025-07-22 19:30:00+00:00,22.0,33.0,31.6,75.5,1.18,181.0,5662,Nehru Nagar
2025-07-22 20:30:00+00:00,23.0,35.0,31.2,77.8,0.875,135.0,5662,Nehru Nagar
2025-07-22 21:30:00+00:00,31.0,46.0,31.0,78.8,1.08,98.3,5662,Nehru Nagar
2025-07-22 22:30:00+00:00,32.0,47.0,30.7,80.0,0.85,90.3,5662,Nehru Nagar
2025-07-22 23:30:00+00:00,32.5,48.5,30.5,81.5,1.4,250.0,5662,Nehru Nagar
2025-07-23 00:30:00+00:00,41.0,62.0,30.5,81.8,2.15,327.0,5662,Nehru Nagar
2025-07-23 01:30:00+00:00,34.0,51.0,31.8,77.5,2.13,318.0,5662,Nehru Nagar
2025-07-23 02:30:00+00:00,24.5,36.5,33.0,70.3,2.3,251.0,5662,Nehru Nagar
2025-07-23 03:30:00+00:00,20.0,30.0,34.7,63.8,1.48,226.0,5662,Nehru Nagar
2025-07-23 04:30:00+00:00,31.0,47.0,35.7,61.3,1.83,295.0,5662,Nehru Nagar
2025-07-23 05:30:00+00:00,42.3,64.3,35.8,61.0,1.17,215.0,5662,Nehru Nagar
2025-07-23 09:30:00+00:00,35.0,53.0,36.0,61.0,2.4,306.0,5662,Nehru Nagar
2025-07-23 10:30:00+00:00,35.0,53.0,36.4,55.5,3.43,315.0,5662,Nehru Nagar
2025-07-23 11:30:00+00:00,20.0,30.0,34.5,61.3,3.48,302.0,5662,Nehru Nagar
2025-07-23 12:30:00+00:00,13.0,19.0,33.5,65.8,2.1,295.0,5662,Nehru Nagar
2025-07-23 13:30:00+00:00,13.5,19.5,31.9,72.0,2.5,313.0,5662,Nehru Nagar
2025-07-23 14:30:00+00:00,18.0,27.0,31.1,72.5,1.98,320.0,5662,Nehru Nagar
2025-07-23 15:30:00+00:00,19.5,29.5,31.2,75.0,1.35,339.0,5662,Nehru Nagar
2025-07-23 16:30:00+00:00,27.0,41.0,31.0,77.3,1.63,277.0,5662,Nehru Nagar
2025-07-23 17:30:00+00:00,30.0,46.0,30.7,76.0,2.1,327.0,5662,Nehru Nagar
2025-07-23 18:30:00+00:00,30.0,44.0,30.1,77.0,2.05,325.0,5662,Nehru Nagar
2025-07-23 19:30:00+00:00,24.5,36.5,29.8,77.5,1.98,326.0,5662,Nehru Nagar
2025-07-23 20:30:00+00:00,22.5,33.5,29.5,77.8,2.03,328.0,5662,Nehru Nagar
2025-07-23 21:30:00+00:00,24.0,36.0,29.2,76.3,1.55,331.0,5662,Nehru Nagar
2025-07-23 22:30:00+00:00,20.5,31.5,29.1,76.5,1.93,328.0,5662,Nehru Nagar
2025-07-23 23:30:00+00:00,20.0,30.0,29.1,78.8,1.28,336.0,5662,Nehru Nagar
2025-07-24 00:30:00+00:00,22.3,33.0,29.5,78.7,1.7,331.0,5662,Nehru Nagar
2025-07-24 01:30:00+00:00,26.5,39.5,30.8,74.5,2.03,279.0,5662,Nehru Nagar
2025-07-24 02:30:00+00:00,27.0,40.0,32.0,68.5,1.75,287.0,5662,Nehru Nagar
2025-07-24 03:30:00+00:00,28.5,42.5,32.6,65.3,2.18,311.0,5662,Nehru Nagar
2025-07-24 04:30:00+00:00,40.5,61.5,34.5,62.3,2.4,293.0,5662,Nehru Nagar
2025-07-24 05:30:00+00:00,45.0,68.3,34.8,61.0,2.53,298.0,5662,Nehru Nagar
2025-07-24 09:30:00+00:00,35.0,53.0,35.2,56.0,2.15,245.0,5662,Nehru Nagar
2025-07-24 11:30:00+00:00,26.0,40.0,34.0,60.0,2.3,331.0,5662,Nehru Nagar
2025-07-24 12:30:00+00:00,20.0,31.0,32.4,66.0,2.58,267.0,5662,Nehru Nagar
2025-07-24 13:30:00+00:00,20.0,30.0,31.4,70.8,1.93,307.0,5662,Nehru Nagar
2025-07-24 14:30:00+00:00,26.5,39.5,31.2,71.0,1.48,311.0,5662,Nehru Nagar
2025-07-24 15:30:00+00:00,24.0,36.0,30.9,71.5,1.38,273.0,5662,Nehru Nagar
2025-07-24 16:30:00+00:00,21.5,31.5,30.7,73.0,1.15,205.0,5662,Nehru Nagar
2025-07-24 17:30:00+00:00,22.0,32.0,30.4,74.5,1.6,232.0,5662,Nehru Nagar
2025-07-24 18:30:00+00:00,33.0,49.0,30.1,76.5,1.75,275.0,5662,Nehru Nagar
2025-07-24 19:30:00+00:00,25.5,37.5,30.1,77.5,1.73,264.0,5662,Nehru Nagar
2025-07-24 20:30:00+00:00,18.0,26.0,29.9,79.0,1.93,311.0,5662,Nehru Nagar
2025-07-24 21:30:00+00:00,17.0,25.0,29.6,80.0,1.9,322.0,5662,Nehru Nagar
2025-07-24 22:30:00+00:00,14.7,21.3,29.5,80.7,2.03,318.0,5662,Nehru Nagar
2025-07-24 23:30:00+00:00,16.5,24.5,29.4,81.0,1.7,320.0,5662,Nehru Nagar
2025-07-25 00:30:00+00:00,19.5,29.5,29.7,80.5,2.48,312.0,5662,Nehru Nagar
2025-07-25 01:30:00+00:00,21.0,32.0,30.4,79.8,2.25,317.0,5662,Nehru Nagar
2025-07-25 02:30:00+00:00,22.0,34.0,32.4,74.3,1.73,301.0,5662,Nehru Nagar
2025-07-25 03:30:00+00:00,26.5,40.5,33.8,69.5,2.03,315.0,5662,Nehru Nagar
2025-07-25 04:30:00+00:00,34.5,51.5,35.5,64.5,2.08,285.0,5662,Nehru Nagar
2025-07-25 05:30:00+00:00,40.0,60.0,35.8,62.5,1.8,293.0,5662,Nehru Nagar
2025-07-25 06:30:00+00:00,38.0,57.0,35.6,62.0,2.1,225.0,5662,Nehru Nagar
2025-07-25 07:30:00+00:00,25.5,37.5,34.5,63.0,1.9,161.0,5662,Nehru Nagar
2025-07-25 08:30:00+00:00,23.0,34.0,37.1,55.3,2.43,279.0,5662,Nehru Nagar
2025-07-25 09:30:00+00:00,28.5,42.5,36.1,56.0,2.7,295.0,5662,Nehru Nagar
2025-07-25 10:30:00+00:00,22.5,33.5,30.4,72.8,2.75,203.0,5662,Nehru Nagar
2025-07-25 11:30:00+00:00,10.5,15.5,28.7,75.3,3.18,165.0,5662,Nehru Nagar
2025-07-25 12:30:00+00:00,4.0,6.0,27.6,80.3,1.9,157.0,5662,Nehru Nagar
2025-07-25 13:30:00+00:00,4.5,6.5,27.7,78.3,1.2,157.0,5662,Nehru Nagar
2025-07-25 14:30:00+00:00,4.33,6.33,28.0,77.0,1.33,176.0,5662,Nehru Nagar
2025-07-25 15:30:00+00:00,10.0,15.0,28.1,78.0,0.9,116.0,5662,Nehru Nagar
2025-07-25 16:30:00+00:00,13.5,20.5,28.0,77.3,1.75,211.0,5662,Nehru Nagar
2025-07-25 17:30:00+00:00,11.0,17.0,27.9,77.0,1.35,208.0,5662,Nehru Nagar
2025-07-25 18:30:00+00:00,22.0,32.0,27.7,79.5,1.75,194.0,5662,Nehru Nagar
2025-07-25 19:30:00+00:00,15.0,22.0,27.6,79.8,1.28,306.0,5662,Nehru Nagar
2025-07-25 20:30:00+00:00,7.0,11.0,27.4,79.5,1.15,302.0,5662,Nehru Nagar
2025-07-25 21:30:00+00:00,5.67,9.0,27.3,79.3,1.53,277.0,5662,Nehru Nagar
2025-07-25 22:30:00+00:00,5.5,8.5,27.3,80.0,1.7,259.0,5662,Nehru Nagar
2025-07-25 23:30:00+00:00,5.0,8.0,27.4,79.8,1.5,264.0,5662,Nehru Nagar
2025-07-26 00:30:00+00:00,3.0,4.0,27.7,78.8,1.65,279.0,5662,Nehru Nagar
2025-07-26 01:30:00+00:00,10.0,14.0,29.3,76.5,2.18,256.0,5662,Nehru Nagar
2025-07-26 02:30:00+00:00,21.0,31.0,31.0,70.0,2.93,248.0,5662,Nehru Nagar
2025-07-26 03:30:00+00:00,24.0,36.0,32.5,63.3,3.0,248.0,5662,Nehru Nagar
2025-07-26 04:30:00+00:00,3.0,5.0,33.6,65.3,3.15,206.0,5662,Nehru Nagar
2025-07-26 05:30:00+00:00,11.0,17.0,33.2,66.5,3.38,223.0,5662,Nehru Nagar
2025-07-26 06:30:00+00:00,19.0,29.0,32.5,68.0,3.17,212.0,5662,Nehru Nagar
2025-07-26 07:30:00+00:00,20.0,30.0,33.5,63.3,4.0,206.0,5662,Nehru Nagar
2025-07-26 08:30:00+00:00,14.0,21.0,34.4,53.5,5.65,212.0,5662,Nehru Nagar
2025-07-26 09:30:00+00:00,10.0,15.0,35.0,53.0,5.43,224.0,5662,Nehru Nagar
2025-07-26 10:30:00+00:00,12.0,17.3,34.9,56.3,4.03,214.0,5662,Nehru Nagar
2025-07-26 11:30:00+00:00,8.5,12.5,33.9,58.8,4.55,216.0,5662,Nehru Nagar
2025-07-26 12:30:00+00:00,10.0,15.0,29.0,80.0,2.95,201.0,5662,Nehru Nagar
2025-07-26 13:30:00+00:00,9.5,14.5,29.4,81.5,2.6,219.0,5662,Nehru Nagar
2025-07-26 14:30:00+00:00,9.5,14.5,29.9,78.5,2.75,201.0,5662,Nehru Nagar
2025-07-26 15:30:00+00:00,15.5,23.5,30.0,76.8,2.83,214.0,5662,Nehru Nagar
2025-07-26 16:30:00+00:00,18.0,28.0,29.8,76.8,3.43,193.0,5662,Nehru Nagar
2025-07-26 17:30:00+00:00,18.0,28.0,30.0,76.0,3.55,207.0,5662,Nehru Nagar
2025-07-26 18:30:00+00:00,18.0,26.0,29.8,77.0,3.3,220.0,5662,Nehru Nagar
2025-07-26 19:30:00+00:00,16.0,24.0,29.7,77.0,3.1,207.0,5662,Nehru Nagar
2025-07-26 20:30:00+00:00,14.5,22.5,29.6,77.3,2.9,196.0,5662,Nehru Nagar
2025-07-26 21:30:00+00:00,17.0,26.0,29.4,78.0,3.33,206.0,5662,Nehru Nagar
2025-07-26 22:30:00+00:00,12.5,19.5,29.2,79.0,3.25,209.0,5662,Nehru Nagar
2025-07-26 23:30:00+00:00,14.0,21.0,29.1,79.8,3.73,222.0,5662,Nehru Nagar
2025-07-27 00:30:00+00:00,21.0,31.0,29.1,79.8,4.33,211.0,5662,Nehru Nagar
2025-07-27 01:30:00+00:00,19.0,29.0,29.5,78.5,4.0,217.0,5662,Nehru Nagar
2025-07-27 02:30:00+00:00,19.0,29.0,29.7,78.0,3.3,213.0,5662,Nehru Nagar
2025-07-27 03:30:00+00:00,24.0,36.0,30.0,78.0,2.98,222.0,5662,Nehru Nagar
2025-07-27 04:30:00+00:00,29.0,44.0,30.6,75.5,3.55,210.0,5662,Nehru Nagar
2025-07-27 05:30:00+00:00,28.5,43.5,31.1,72.5,3.6,212.0,5662,Nehru Nagar
2025-07-27 06:30:00+00:00,24.5,37.5,32.3,69.0,3.98,209.0,5662,Nehru Nagar
2025-07-27 07:30:00+00:00,26.0,40.0,32.7,67.5,3.83,219.0,5662,Nehru Nagar
2025-07-27 08:30:00+00:00,29.0,44.0,32.0,70.5,3.13,209.0,5662,Nehru Nagar
2025-07-27 09:30:00+00:00,29.5,44.5,30.1,76.0,2.73,208.0,5662,Nehru Nagar
2025-07-27 10:30:00+00:00,20.5,31.5,29.9,80.8,2.75,216.0,5662,Nehru Nagar
2025-07-27 11:30:00+00:00,14.0,22.0,30.6,77.5,2.45,214.0,5662,Nehru Nagar
2025-07-27 12:30:00+00:00,20.0,30.0,30.3,77.5,2.18,199.0,5662,Nehru Nagar
2025-07-27 13:30:00+00:00,24.5,36.5,30.0,79.3,2.03,212.0,5662,Nehru Nagar
2025-07-27 14:30:00+00:00,26.5,40.5,29.7,80.3,1.68,203.0,5662,Nehru Nagar
2025-07-27 15:30:00+00:00,25.5,38.5,29.6,81.3,1.65,155.0,5662,Nehru Nagar
2025-07-27 16:30:00+00:00,25.5,38.5,29.5,81.8,1.28,154.0,5662,Nehru Nagar
2025-07-27 17:30:00+00:00,26.0,40.0,29.3,81.0,1.55,146.0,5662,Nehru Nagar
2025-07-27 18:30:00+00:00,10.0,16.0,29.0,82.0,1.55,137.0,5662,Nehru Nagar
2025-07-27 19:30:00+00:00,8.5,13.5,28.8,83.5,1.18,136.0,5662,Nehru Nagar
2025-07-27 20:30:00+00:00,11.5,17.5,28.8,84.0,0.9,129.0,5662,Nehru Nagar
2025-07-27 21:30:00+00:00,11.0,16.0,28.8,84.3,1.18,132.0,5662,Nehru Nagar
2025-07-27 22:30:00+00:00,5.33,7.33,28.8,84.0,1.43,196.0,5662,Nehru Nagar
2025-07-27 23:30:00+00:00,5.0,7.0,28.9,85.0,0.925,83.0,5662,Nehru Nagar
2025-07-28 00:30:00+00:00,6.5,9.5,29.0,84.5,1.55,76.3,5662,Nehru Nagar
2025-07-28 01:30:00+00:00,8.5,12.5,29.5,82.5,1.68,87.3,5662,Nehru Nagar
2025-07-28 02:30:00+00:00,9.0,13.0,31.8,74.5,1.65,125.0,5662,Nehru Nagar
2025-07-28 03:30:00+00:00,8.5,12.5,32.4,68.3,1.3,132.0,5662,Nehru Nagar
2025-07-28 04:30:00+00:00,9.0,14.0,32.5,68.5,1.43,109.0,5662,Nehru Nagar
2025-07-28 05:30:00+00:00,13.0,20.0,32.7,67.5,1.53,144.0,5662,Nehru Nagar
2025-07-28 06:30:00+00:00,14.0,21.0,32.3,68.8,1.33,151.0,5662,Nehru Nagar
2025-07-28 07:30:00+00:00,16.0,24.0,31.9,70.0,1.63,153.0,5662,Nehru Nagar
2025-07-28 08:30:00+00:00,18.5,27.5,32.4,69.0,1.68,172.0,5662,Nehru Nagar
2025-07-28 09:30:00+00:00,15.5,23.5,32.3,69.8,2.08,167.0,5662,Nehru Nagar
2025-07-28 10:30:00+00:00,12.5,19.5,31.6,72.5,2.38,209.0,5662,Nehru Nagar
2025-07-28 11:30:00+00:00,11.0,17.0,30.9,76.0,1.93,164.0,5662,Nehru Nagar
2025-07-28 12:30:00+00:00,10.5,15.5,30.4,78.0,1.83,161.0,5662,Nehru Nagar
2025-07-28 13:30:00+00:00,14.0,21.0,30.1,79.3,1.65,141.0,5662,Nehru Nagar
2025-07-28 14:30:00+00:00,19.0,29.0,29.9,79.0,1.43,152.0,5662,Nehru Nagar
2025-07-28 15:30:00+00:00,18.0,27.0,29.9,80.0,1.5,147.0,5662,Nehru Nagar
2025-07-28 16:30:00+00:00,13.0,19.0,29.6,82.3,1.28,183.0,5662,Nehru Nagar
2025-07-28 17:30:00+00:00,12.7,18.7,29.4,83.0,1.33,154.0,5662,Nehru Nagar
2025-07-28 18:30:00+00:00,12.0,18.0,29.0,84.0,1.45,197.0,5662,Nehru Nagar
2025-07-28 19:30:00+00:00,11.0,16.0,29.0,84.0,1.4,204.0,5662,Nehru Nagar
2025-07-28 20:30:00+00:00,10.0,15.3,28.8,84.0,1.83,225.0,5662,Nehru Nagar
2025-07-28 21:30:00+00:00,9.5,14.5,28.8,84.0,2.03,220.0,5662,Nehru Nagar
2025-07-28 22:30:00+00:00,11.0,16.0,28.5,84.5,2.18,199.0,5662,Nehru Nagar
2025-07-28 23:30:00+00:00,13.5,19.5,28.1,85.3,1.83,174.0,5662,Nehru Nagar
2025-07-29 00:30:00+00:00,9.5,13.5,27.9,86.0,1.53,156.0,5662,Nehru Nagar
2025-07-29 01:30:00+00:00,9.0,13.0,28.3,85.8,1.93,202.0,5662,Nehru Nagar
2025-07-29 02:30:00+00:00,15.0,22.0,28.9,84.8,2.4,206.0,5662,Nehru Nagar
2025-07-29 03:30:00+00:00,18.0,27.0,30.1,81.8,2.33,211.0,5662,Nehru Nagar
2025-07-29 04:30:00+00:00,15.7,24.3,30.7,76.7,3.0,205.0,5662,Nehru Nagar
2025-07-29 05:30:00+00:00,16.0,24.0,30.2,75.8,3.08,221.0,5662,Nehru Nagar
2025-07-29 06:30:00+00:00,14.0,21.0,29.7,80.5,2.33,200.0,5662,Nehru Nagar
2025-07-29 07:30:00+00:00,17.0,26.0,31.7,76.0,2.75,220.0,5662,Nehru Nagar
2025-07-29 08:30:00+00:00,23.0,34.0,32.2,70.5,2.8,206.0,5662,Nehru Nagar
2025-07-29 09:30:00+00:00,21.5,31.5,33.0,68.5,2.63,203.0,5662,Nehru Nagar
2025-07-29 10:30:00+00:00,19.5,28.5,32.3,70.3,1.98,161.0,5662,Nehru Nagar
2025-07-29 11:30:00+00:00,15.3,22.0,30.3,74.3,2.3,106.0,5662,Nehru Nagar
2025-07-29 12:30:00+00:00,9.0,13.0,28.4,81.3,1.73,140.0,5662,Nehru Nagar
2025-07-29 13:30:00+00:00,8.0,12.0,28.4,78.3,1.15,163.0,5662,Nehru Nagar
2025-07-29 14:30:00+00:00,9.0,13.0,28.4,81.5,1.03,204.0,5662,Nehru Nagar
2025-07-29 15:30:00+00:00,11.0,16.0,28.3,81.5,0.825,217.0,5662,Nehru Nagar
2025-07-29 16:30:00+00:00,14.5,21.5,28.5,83.3,1.13,182.0,5662,Nehru Nagar
2025-07-29 17:30:00+00:00,17.0,25.0,28.4,83.5,1.35,211.0,5662,Nehru Nagar
2025-07-29 18:30:00+00:00,10.0,16.0,28.2,85.0,1.65,176.0,5662,Nehru Nagar
2025-07-29 19:30:00+00:00,10.5,16.5,28.1,85.0,2.03,198.0,5662,Nehru Nagar
2025-07-29 20:30:00+00:00,12.5,19.5,28.1,84.0,2.2,219.0,5662,Nehru Nagar
2025-07-29 21:30:00+00:00,16.0,25.0,28.1,82.5,2.13,205.0,5662,Nehru Nagar
2025-07-29 22:30:00+00:00,22.0,34.0,28.1,85.8,2.28,211.0,5662,Nehru Nagar
2025-07-29 23:30:00+00:00,16.0,25.0,27.8,85.0,2.45,193.0,5662,Nehru Nagar
2025-07-30 00:30:00+00:00,6.0,9.0,27.9,85.0,1.88,211.0,5662,Nehru Nagar
2025-07-30 01:30:00+00:00,6.5,9.5,28.2,84.5,2.6,208.0,5662,Nehru Nagar
2025-07-30 02:30:00+00:00,14.0,21.0,29.1,82.3,3.25,217.0,5662,Nehru Nagar
2025-07-30 03:30:00+00:00,18.3,27.0,30.7,76.0,2.73,208.0,5662,Nehru Nagar
2025-07-30 04:30:00+00:00,19.5,28.5,31.7,71.5,3.23,190.0,5662,Nehru Nagar
2025-07-30 05:30:00+00:00,27.3,40.0,32.4,69.0,3.3,189.0,5662,Nehru Nagar
2025-07-30 06:30:00+00:00,34.0,50.0,33.0,66.8,3.15,208.0,5662,Nehru Nagar
2025-07-30 07:30:00+00:00,35.5,52.5,33.2,62.3,3.15,197.0,5662,Nehru Nagar
2025-07-30 08:30:00+00:00,33.0,49.0,28.6,79.3,2.25,181.0,5662,Nehru Nagar
2025-07-30 09:30:00+00:00,27.5,40.5,28.3,82.5,2.68,207.0,5662,Nehru Nagar
2025-07-30 10:30:00+00:00,16.5,24.5,28.0,84.5,3.0,220.0,5662,Nehru Nagar
2025-07-30 11:30:00+00:00,18.0,27.0,28.2,85.0,2.05,208.0,5662,Nehru Nagar
2025-07-30 12:30:00+00:00,21.0,31.0,28.4,86.0,1.58,204.0,5662,Nehru Nagar
2025-07-30 13:30:00+00:00,27.0,40.0,28.4,86.0,1.33,209.0,5662,Nehru Nagar
2025-07-30 14:30:00+00:00,31.5,47.5,28.4,86.0,1.6,197.0,5662,Nehru Nagar
2025-07-30 15:30:00+00:00,22.5,34.5,28.3,86.0,1.85,206.0,5662,Nehru Nagar
2025-07-30 16:30:00+00:00,21.7,33.0,28.3,87.0,1.77,203.0,5662,Nehru Nagar
2025-07-30 17:30:00+00:00,21.3,32.7,28.3,87.0,1.9,197.0,5662,Nehru Nagar
2025-07-30 18:30:00+00:00,27.0,41.0,28.2,87.0,1.45,180.0,5662,Nehru Nagar
2025-07-30 19:30:00+00:00,21.5,32.5,28.2,87.0,1.78,240.0,5662,Nehru Nagar
2025-07-30 20:30:00+00:00,16.0,24.0,28.2,87.0,2.08,218.0,5662,Nehru Nagar
2025-07-30 21:30:00+00:00,18.0,27.0,28.2,86.8,2.13,232.0,5662,Nehru Nagar
2025-07-30 22:30:00+00:00,19.0,28.0,28.2,87.0,1.9,199.0,5662,Nehru Nagar
2025-07-30 23:30:00+00:00,19.0,28.0,28.3,86.0,1.23,211.0,5662,Nehru Nagar
2025-07-31 00:30:00+00:00,25.5,38.5,28.5,86.0,1.8,194.0,5662,Nehru Nagar
2025-07-31 01:30:00+00:00,29.5,44.5,29.3,85.0,2.08,204.0,5662,Nehru Nagar
2025-07-31 02:30:00+00:00,24.0,36.0,30.6,81.3,2.0,197.0,5662,Nehru Nagar
2025-07-31 03:30:00+00:00,25.0,37.0,31.5,75.0,2.55,201.0,5662,Nehru Nagar
2025-07-31 04:30:00+00:00,30.0,45.0,32.2,72.0,2.63,201.0,5662,Nehru Nagar
2025-07-31 05:30:00+00:00,30.5,46.5,33.0,69.3,2.25,169.0,5662,Nehru Nagar
2025-07-31 06:30:00+00:00,25.0,38.0,33.6,65.8,2.58,177.0,5662,Nehru Nagar
2025-07-31 07:30:00+00:00,14.5,22.5,34.2,61.8,2.35,175.0,5662,Nehru Nagar
2025-07-31 08:30:00+00:00,10.0,16.0,33.0,66.7,1.67,152.0,5662,Nehru Nagar
2025-07-31 09:30:00+00:00,10.0,15.0,32.5,69.0,2.63,114.0,5662,Nehru Nagar
2025-07-31 10:30:00+00:00,6.67,9.33,32.0,70.3,2.27,122.0,5662,Nehru Nagar
2025-07-31 11:30:00+00:00,3.0,4.0,30.2,75.5,2.68,108.0,5662,Nehru Nagar
2025-07-31 12:30:00+00:00,1.0,1.0,30.0,76.8,1.68,122.0,5662,Nehru Nagar
2025-07-31 13:30:00+00:00,3.0,5.0,29.8,77.7,1.73,189.0,5662,Nehru Nagar
2025-07-31 14:30:00+00:00,9.0,13.0,29.4,79.5,1.5,111.0,5662,Nehru Nagar
2025-07-31 15:30:00+00:00,9.5,14.5,29.3,79.8,1.65,101.0,5662,Nehru Nagar
2025-07-31 16:30:00+00:00,10.0,15.0,29.0,79.5,1.58,123.0,5662,Nehru Nagar
2025-07-31 18:30:00+00:00,14.0,22.0,28.7,81.0,1.5,254.0,5662,Nehru Nagar
2025-07-31 19:30:00+00:00,10.0,15.0,28.6,80.5,1.73,225.0,5662,Nehru Nagar
2025-07-31 20:30:00+00:00,9.0,13.0,28.4,79.3,1.88,239.0,5662,Nehru Nagar
2025-07-31 21:30:00+00:00,13.0,20.0,28.3,80.0,1.78,245.0,5662,Nehru Nagar
2025-07-31 22:30:00+00:00,15.5,23.5,28.0,80.3,2.03,252.0,5662,Nehru Nagar
2025-07-31 23:30:00+00:00,15.7,23.7,27.9,83.7,1.6,220.0,5662,Nehru Nagar
2025-08-01 00:30:00+00:00,14.0,21.0,28.2,83.3,1.4,168.0,5662,Nehru Nagar
2025-08-01 01:30:00+00:00,18.0,27.0,28.2,83.0,1.6,215.0,5662,Nehru Nagar
2025-08-01 02:30:00+00:00,21.0,32.0,28.5,82.8,1.8,236.0,5662,Nehru Nagar
2025-08-01 03:30:00+00:00,24.5,37.5,29.0,81.0,1.6,204.0,5662,Nehru Nagar
2025-08-01 04:30:00+00:00,31.0,47.0,29.7,79.0,1.43,148.0,5662,Nehru Nagar
2025-08-01 05:30:00+00:00,30.7,46.0,30.2,77.7,1.43,135.0,5662,Nehru Nagar
2025-08-01 06:30:00+00:00,26.5,39.5,30.1,77.5,1.65,137.0,5662,Nehru Nagar
2025-08-01 07:30:00+00:00,21.0,31.0,30.1,77.0,1.8,185.0,5662,Nehru Nagar
2025-08-01 13:30:00+00:00,14.0,20.0,29.2,79.0,0.9,300.0,5662,Nehru Nagar
2025-08-01 15:30:00+00:00,42.0,63.0,29.4,80.0,0.75,236.0,5662,Nehru Nagar
2025-08-01 16:30:00+00:00,49.3,74.7,29.5,80.7,1.1,174.0,5662,Nehru Nagar
2025-08-01 17:30:00+00:00,41.3,62.0,29.3,81.0,1.17,300.0,5662,Nehru Nagar
2025-08-01 18:30:00+00:00,18.0,26.0,29.1,81.0,1.1,276.0,5662,Nehru Nagar
2025-08-01 19:30:00+00:00,19.0,28.0,28.8,82.3,1.2,245.0,5662,Nehru Nagar
2025-08-01 20:30:00+00:00,20.0,30.0,28.5,83.3,1.28,233.0,5662,Nehru Nagar
2025-08-01 21:30:00+00:00,18.5,27.5,28.4,84.0,0.85,239.0,5662,Nehru Nagar
2025-08-01 22:30:00+00:00,14.5,21.5,28.2,84.0,0.825,253.0,5662,Nehru Nagar
2025-08-01 23:30:00+00:00,10.7,16.0,28.0,85.0,1.37,340.0,5662,Nehru Nagar
2025-08-02 00:30:00+00:00,7.5,11.5,27.9,85.0,1.53,302.0,5662,Nehru Nagar
2025-08-02 01:30:00+00:00,7.5,11.5,28.3,84.8,1.88,320.0,5662,Nehru Nagar
2025-08-02 02:30:00+00:00,8.5,12.5,28.7,84.0,2.3,328.0,5662,Nehru Nagar
2025-08-02 03:30:00+00:00,9.0,13.0,28.5,83.3,3.43,321.0,5662,Nehru Nagar
2025-08-02 04:30:00+00:00,11.0,16.0,28.8,81.8,3.23,319.0,5662,Nehru Nagar
2025-08-02 05:30:00+00:00,17.0,25.0,30.3,77.3,3.3,323.0,5662,Nehru Nagar
2025-08-02 06:30:00+00:00,21.0,31.0,31.6,69.0,3.88,322.0,5662,Nehru Nagar
2025-08-02 08:30:00+00:00,6.0,10.0,31.7,67.8,3.95,317.0,5662,Nehru Nagar
2025-08-02 09:30:00+00:00,13.0,20.0,32.0,67.3,3.48,327.0,5662,Nehru Nagar
2025-08-02 10:30:00+00:00,24.0,36.0,32.5,67.0,3.05,316.0,5662,Nehru Nagar
2025-08-02 11:30:00+00:00,23.5,35.5,32.0,68.0,2.23,332.0,5662,Nehru Nagar
2025-08-02 12:30:00+00:00,22.5,33.5,31.4,70.5,0.875,326.0,5662,Nehru Nagar
2025-08-02 13:30:00+00:00,28.7,42.7,31.2,72.0,0.6,347.0,5662,Nehru Nagar
2025-08-02 14:30:00+00:00,34.0,51.0,30.9,75.3,1.05,226.0,5662,Nehru Nagar
2025-08-02 15:30:00+00:00,38.0,57.0,30.5,76.8,1.03,219.0,5662,Nehru Nagar
2025-08-02 16:30:00+00:00,42.0,63.0,30.1,77.0,1.18,224.0,5662,Nehru Nagar
2025-08-02 17:30:00+00:00,42.0,62.0,30.0,77.0,0.95,159.0,5662,Nehru Nagar
2025-08-02 18:30:00+00:00,28.0,42.0,29.6,79.0,1.15,175.0,5662,Nehru Nagar
2025-08-02 19:30:00+00:00,23.5,35.5,29.5,79.0,1.38,225.0,5662,Nehru Nagar
2025-08-02 20:30:00+00:00,23.5,35.5,29.4,79.3,1.08,123.0,5662,Nehru Nagar
2025-08-02 21:30:00+00:00,24.0,36.0,29.2,80.0,1.25,164.0,5662,Nehru Nagar
2025-08-02 22:30:00+00:00,23.0,35.0,29.1,81.0,1.28,247.0,5662,Nehru Nagar
2025-08-02 23:30:00+00:00,24.0,36.0,29.0,81.5,1.8,294.0,5662,Nehru Nagar
2025-08-03 00:30:00+00:00,19.0,28.0,29.0,82.0,1.25,285.0,5662,Nehru Nagar
2025-08-03 01:30:00+00:00,16.5,24.5,29.1,82.0,1.6,268.0,5662,Nehru Nagar
2025-08-03 02:30:00+00:00,21.0,31.0,29.1,81.5,1.65,324.0,5662,Nehru Nagar
2025-08-03 03:30:00+00:00,19.5,28.5,29.0,81.0,1.75,313.0,5662,Nehru Nagar
2025-08-03 04:30:00+00:00,18.0,27.0,28.8,81.3,1.6,252.0,5662,Nehru Nagar
2025-08-03 05:30:00+00:00,18.0,28.0,28.5,82.0,2.5,323.0,5662,Nehru Nagar
2025-08-03 06:30:00+00:00,13.0,20.0,28.1,81.5,2.05,322.0,5662,Nehru Nagar
2025-08-03 07:30:00+00:00,16.0,24.0,28.5,81.0,0.95,140.0,5662,Nehru Nagar
2025-08-03 08:30:00+00:00,21.0,32.0,28.9,82.0,0.775,192.0,5662,Nehru Nagar
2025-08-03 09:30:00+00:00,20.5,31.5,28.8,82.8,1.08,118.0,5662,Nehru Nagar
2025-08-03 10:30:00+00:00,18.0,27.0,28.1,83.0,0.95,235.0,5662,Nehru Nagar
2025-08-03 11:30:00+00:00,17.5,26.5,28.3,83.0,0.625,87.3,5662,Nehru Nagar
2025-08-03 12:30:00+00:00,18.0,27.3,28.4,83.0,1.03,88.3,5662,Nehru Nagar
2025-08-03 13:30:00+00:00,19.5,28.5,28.3,84.0,0.95,80.0,5662,Nehru Nagar
2025-08-03 14:30:00+00:00,18.5,27.5,28.2,84.0,1.18,77.5,5662,Nehru Nagar
2025-08-03 15:30:00+00:00,17.0,26.0,28.2,84.0,1.13,102.0,5662,Nehru Nagar
2025-08-03 16:30:00+00:00,19.5,29.5,28.1,84.0,1.0,67.3,5662,Nehru Nagar
2025-08-03 17:30:00+00:00,21.0,31.0,28.1,85.0,1.33,81.0,5662,Nehru Nagar
2025-08-03 18:30:00+00:00,15.0,23.0,27.9,85.0,1.3,119.0,5662,Nehru Nagar
2025-08-03 19:30:00+00:00,14.5,21.5,27.7,85.0,1.48,101.0,5662,Nehru Nagar
2025-08-03 20:30:00+00:00,35.0,52.0,27.4,85.0,1.18,128.0,5662,Nehru Nagar
2025-08-03 21:30:00+00:00,52.0,78.0,27.3,85.0,0.875,124.0,5662,Nehru Nagar
2025-08-03 22:30:00+00:00,30.5,45.5,27.2,85.0,0.625,218.0,5662,Nehru Nagar
2025-08-03 23:30:00+00:00,18.0,27.0,27.0,85.0,0.825,262.0,5662,Nehru Nagar
2025-08-04 00:30:00+00:00,22.5,34.5,27.0,85.0,0.65,203.0,5662,Nehru Nagar
2025-08-04 01:30:00+00:00,22.0,34.0,26.9,85.0,0.8,295.0,5662,Nehru Nagar
2025-08-04 07:30:00+00:00,15.0,23.0,26.3,81.5,1.3,112.0,5662,Nehru Nagar
2025-08-04 08:30:00+00:00,14.0,22.0,26.5,74.3,1.43,135.0,5662,Nehru Nagar
2025-08-04 09:30:00+00:00,15.5,23.5,27.2,72.3,1.33,126.0,5662,Nehru Nagar
2025-08-04 10:30:00+00:00,15.5,22.5,27.3,74.0,1.15,141.0,5662,Nehru Nagar
2025-08-04 11:30:00+00:00,12.7,18.7,27.2,75.0,1.63,127.0,5662,Nehru Nagar
2025-08-04 12:30:00+00:00,19.0,29.0,27.2,75.8,1.18,130.0,5662,Nehru Nagar
2025-08-04 13:30:00+00:00,22.5,33.5,26.9,76.0,1.38,115.0,5662,Nehru Nagar
2025-08-04 14:30:00+00:00,9.5,14.5,27.1,74.5,1.4,102.0,5662,Nehru Nagar
2025-08-04 15:30:00+00:00,4.0,6.0,27.0,73.5,1.18,116.0,5662,Nehru Nagar
2025-08-04 16:30:00+00:00,8.67,12.0,26.9,73.0,1.27,94.0,5662,Nehru Nagar
2025-08-04 17:30:00+00:00,10.0,14.0,26.9,74.5,2.1,88.0,5662,Nehru Nagar
2025-08-04 18:30:00+00:00,15.0,23.0,26.8,73.0,1.9,72.0,5662,Nehru Nagar
2025-08-04 19:30:00+00:00,9.0,14.0,26.8,73.0,1.85,77.8,5662,Nehru Nagar
2025-08-04 20:30:00+00:00,4.5,7.5,26.8,73.5,1.45,94.0,5662,Nehru Nagar
2025-08-04 21:30:00+00:00,12.0,18.0,26.9,75.0,1.45,113.0,5662,Nehru Nagar
2025-08-04 22:30:00+00:00,15.5,22.5,27.0,76.0,0.925,88.3,5662,Nehru Nagar
2025-08-04 23:30:00+00:00,14.0,21.0,27.1,75.8,1.03,62.3,5662,Nehru Nagar
2025-08-05 00:30:00+00:00,19.0,29.0,27.2,76.0,0.75,81.3,5662,Nehru Nagar
2025-08-05 01:30:00+00:00,26.5,39.5,27.8,74.8,0.825,106.0,5662,Nehru Nagar
2025-08-05 02:30:00+00:00,27.0,40.0,28.5,76.0,1.18,120.0,5662,Nehru Nagar
2025-08-05 03:30:00+00:00,21.0,32.0,29.6,80.3,1.18,139.0,5662,Nehru Nagar
2025-08-05 04:30:00+00:00,25.0,38.0,30.7,63.5,1.15,193.0,5662,Nehru Nagar
2025-08-05 05:30:00+00:00,30.5,45.5,31.4,59.3,1.48,280.0,5662,Nehru Nagar
2025-08-05 06:30:00+00:00,26.0,39.0,32.5,67.5,0.95,229.0,5662,Nehru Nagar
2025-08-05 07:30:00+00:00,23.0,35.0,32.2,68.5,0.65,227.0,5662,Nehru Nagar
2025-08-05 08:30:00+00:00,14.0,20.0,27.2,79.0,1.7,183.0,5662,Nehru Nagar
2025-08-05 09:30:00+00:00,17.5,25.5,26.8,82.5,0.7,89.5,5662,Nehru Nagar
2025-08-05 10:30:00+00:00,16.7,24.7,27.0,84.0,0.6,84.3,5662,Nehru Nagar
2025-08-05 11:30:00+00:00,12.0,17.3,27.0,84.0,0.933,71.7,5662,Nehru Nagar
2025-08-05 12:30:00+00:00,12.0,18.0,27.0,84.0,0.65,102.0,5662,Nehru Nagar
2025-08-05 13:30:00+00:00,16.0,24.0,26.9,84.5,1.38,178.0,5662,Nehru Nagar
2025-08-05 14:30:00+00:00,20.0,30.0,26.2,85.0,0.575,215.0,5662,Nehru Nagar
2025-08-05 15:30:00+00:00,23.3,36.0,26.4,85.0,0.3,98.0,5662,Nehru Nagar
2025-08-05 16:30:00+00:00,36.0,54.0,26.7,85.0,0.3,333.0,5662,Nehru Nagar
2025-08-05 17:30:00+00:00,36.0,54.0,26.7,85.0,0.3,301.0,5662,Nehru Nagar
2025-08-05 18:30:00+00:00,33.0,49.0,26.8,84.0,0.3,48.5,5662,Nehru Nagar
2025-08-05 19:30:00+00:00,30.7,46.0,26.7,83.7,0.433,128.0,5662,Nehru Nagar
2025-08-05 20:30:00+00:00,19.5,29.5,26.6,84.0,0.85,73.8,5662,Nehru Nagar
2025-08-05 21:30:00+00:00,12.5,18.5,26.8,84.0,1.28,78.3,5662,Nehru Nagar
2025-08-05 22:30:00+00:00,12.5,18.5,26.9,85.0,0.925,82.0,5662,Nehru Nagar
2025-08-05 23:30:00+00:00,12.0,18.0,26.9,86.0,0.8,58.8,5662,Nehru Nagar
2025-08-06 00:30:00+00:00,13.5,20.5,27.3,86.0,0.825,94.5,5662,Nehru Nagar
2025-08-06 01:30:00+00:00,20.5,30.5,28.4,85.0,1.2,127.0,5662,Nehru Nagar
2025-08-06 02:30:00+00:00,22.5,33.5,29.5,82.8,1.03,147.0,5662,Nehru Nagar
2025-08-06 03:30:00+00:00,23.3,34.7,30.5,77.0,1.6,233.0,5662,Nehru Nagar
2025-08-06 04:30:00+00:00,27.5,40.5,32.8,66.0,1.5,209.0,5662,Nehru Nagar
2025-08-06 05:30:00+00:00,25.0,37.0,34.0,64.0,1.6,216.0,5662,Nehru Nagar
2025-08-06 06:30:00+00:00,22.0,33.0,34.5,59.0,2.58,235.0,5662,Nehru Nagar
2025-08-06 07:30:00+00:00,16.5,25.5,34.3,59.5,2.43,296.0,5662,Nehru Nagar
2025-08-06 08:30:00+00:00,18.0,27.0,33.1,64.3,2.6,287.0,5662,Nehru Nagar
2025-08-06 09:30:00+00:00,16.5,24.5,28.4,76.8,2.38,168.0,5662,Nehru Nagar
2025-08-06 10:30:00+00:00,11.0,17.0,26.6,80.8,2.7,232.0,5662,Nehru Nagar
2025-08-06 11:30:00+00:00,11.5,17.5,26.7,82.0,0.65,234.0,5662,Nehru Nagar
2025-08-06 12:30:00+00:00,14.7,22.0,27.2,81.0,0.5,143.0,5662,Nehru Nagar
2025-08-06 13:30:00+00:00,42.5,63.5,27.3,82.0,0.825,133.0,5662,Nehru Nagar
2025-08-06 14:30:00+00:00,49.5,73.5,27.5,83.8,0.65,89.3,5662,Nehru Nagar
2025-08-06 15:30:00+00:00,40.7,61.3,27.7,85.0,0.533,88.7,5662,Nehru Nagar
2025-08-06 16:30:00+00:00,49.5,74.5,27.8,85.0,0.525,153.0,5662,Nehru Nagar
2025-08-06 17:30:00+00:00,53.0,79.0,27.9,84.5,0.5,52.0,5662,Nehru Nagar
2025-08-06 18:30:00+00:00,13.0,19.0,27.6,84.0,0.7,128.0,5662,Nehru Nagar
2025-08-06 19:30:00+00:00,10.0,15.0,27.5,82.8,0.7,138.0,5662,Nehru Nagar
2025-08-06 20:30:00+00:00,6.5,10.5,27.4,83.3,0.65,75.3,5662,Nehru Nagar
2025-08-06 21:30:00+00:00,7.0,11.0,27.4,82.8,0.75,68.0,5662,Nehru Nagar
2025-08-06 22:30:00+00:00,10.5,15.5,27.5,83.3,0.825,96.3,5662,Nehru Nagar
2025-08-06 23:30:00+00:00,25.0,37.0,27.6,83.0,0.65,160.0,5662,Nehru Nagar
2025-08-07 00:30:00+00:00,33.5,50.5,28.0,83.3,1.08,186.0,5662,Nehru Nagar
2025-08-07 01:30:00+00:00,22.0,33.0,29.4,81.0,2.23,226.0,5662,Nehru Nagar
2025-08-07 02:30:00+00:00,13.5,19.5,30.6,77.3,2.55,284.0,5662,Nehru Nagar
2025-08-07 03:30:00+00:00,16.0,24.0,31.9,71.5,2.5,276.0,5662,Nehru Nagar
2025-08-07 04:30:00+00:00,18.5,27.5,32.7,67.8,2.68,273.0,5662,Nehru Nagar
2025-08-07 05:30:00+00:00,22.0,32.0,34.1,61.5,2.9,288.0,5662,Nehru Nagar
2025-08-07 06:30:00+00:00,27.0,40.0,34.6,59.5,3.65,303.0,5662,Nehru Nagar
2025-08-07 07:30:00+00:00,22.0,33.0,35.5,57.0,4.23,296.0,5662,Nehru Nagar
2025-08-07 08:30:00+00:00,22.5,33.5,35.4,54.5,4.58,306.0,5662,Nehru Nagar
2025-08-07 09:30:00+00:00,23.5,34.5,33.7,60.0,3.38,308.0,5662,Nehru Nagar
2025-08-07 10:30:00+00:00,28.7,43.3,33.2,63.7,1.73,255.0,5662,Nehru Nagar
2025-08-07 11:30:00+00:00,25.5,38.5,32.8,65.8,1.48,211.0,5662,Nehru Nagar
2025-08-07 12:30:00+00:00,15.5,22.5,32.1,67.5,1.08,218.0,5662,Nehru Nagar
2025-08-07 13:30:00+00:00,22.0,33.0,31.6,71.0,1.0,151.0,5662,Nehru Nagar
2025-08-07 14:30:00+00:00,43.5,65.5,31.2,73.8,0.775,92.3,5662,Nehru Nagar
2025-08-07 15:30:00+00:00,52.5,78.5,31.0,70.0,0.8,166.0,5662,Nehru Nagar
2025-08-07 16:30:00+00:00,51.0,76.0,30.8,74.3,0.625,97.8,5662,Nehru Nagar
2025-08-07 17:30:00+00:00,50.7,75.3,30.5,75.0,0.8,163.0,5662,Nehru Nagar
2025-08-07 18:30:00+00:00,46.0,70.0,30.3,75.0,0.75,171.0,5662,Nehru Nagar
2025-08-07 19:30:00+00:00,43.5,65.5,30.2,76.0,0.8,138.0,5662,Nehru Nagar
2025-08-07 20:30:00+00:00,39.0,58.0,30.0,76.5,1.63,231.0,5662,Nehru Nagar
2025-08-07 21:30:00+00:00,28.0,42.0,29.9,74.8,1.5,246.0,5662,Nehru Nagar
2025-08-07 22:30:00+00:00,18.5,27.5,29.5,76.3,1.13,241.0,5662,Nehru Nagar
2025-08-07 23:30:00+00:00,18.0,26.0,29.1,80.8,1.58,271.0,5662,Nehru Nagar
2025-08-08 00:30:00+00:00,16.0,23.0,29.2,81.0,1.15,303.0,5662,Nehru Nagar
2025-08-08 01:30:00+00:00,17.0,25.0,29.4,81.0,1.25,331.0,5662,Nehru Nagar
2025-08-08 02:30:00+00:00,16.5,24.5,30.1,80.0,1.58,331.0,5662,Nehru Nagar
2025-08-08 03:30:00+00:00,20.0,30.0,31.0,77.8,1.5,290.0,5662,Nehru Nagar
2025-08-08 04:30:00+00:00,26.3,40.3,31.2,76.3,0.933,227.0,5662,Nehru Nagar
2025-08-08 05:30:00+00:00,24.0,37.0,31.7,73.5,0.825,299.0,5662,Nehru Nagar
2025-08-08 06:30:00+00:00,25.5,38.5,32.2,72.0,0.925,257.0,5662,Nehru Nagar
2025-08-08 07:30:00+00:00,25.0,37.7,32.2,71.7,1.07,167.0,5662,Nehru Nagar
2025-08-08 08:30:00+00:00,24.0,36.0,31.0,75.3,1.03,243.0,5662,Nehru Nagar
2025-08-08 09:30:00+00:00,26.5,39.5,29.7,80.8,1.3,298.0,5662,Nehru Nagar
2025-08-08 10:30:00+00:00,21.5,32.5,27.4,81.5,1.75,256.0,5662,Nehru Nagar
2025-08-08 11:30:00+00:00,11.0,17.0,27.2,84.0,0.725,228.0,5662,Nehru Nagar
2025-08-08 12:30:00+00:00,10.0,15.0,27.4,85.0,0.475,265.0,5662,Nehru Nagar
2025-08-08 13:30:00+00:00,16.5,24.5,27.7,85.0,0.725,82.0,5662,Nehru Nagar
2025-08-08 14:30:00+00:00,21.5,32.5,27.6,85.5,0.875,102.0,5662,Nehru Nagar
2025-08-08 15:30:00+00:00,22.0,33.0,27.7,86.0,0.7,174.0,5662,Nehru Nagar
2025-08-08 16:30:00+00:00,19.5,29.5,27.7,86.0,0.55,97.0,5662,Nehru Nagar
2025-08-08 17:30:00+00:00,21.7,33.0,27.0,86.0,1.87,294.0,5662,Nehru Nagar
2025-08-08 18:30:00+00:00,20.0,30.0,27.3,86.0,0.9,123.0,5662,Nehru Nagar
2025-08-08 19:30:00+00:00,21.0,31.0,26.9,86.0,1.1,177.0,5662,Nehru Nagar
2025-08-08 20:30:00+00:00,19.0,28.0,26.6,86.0,1.53,169.0,5662,Nehru Nagar
2025-08-08 21:30:00+00:00,15.3,22.7,26.3,86.0,1.53,175.0,5662,Nehru Nagar
2025-08-08 23:30:00+00:00,11.0,17.0,26.3,84.0,1.3,95.0,5662,Nehru Nagar
2025-08-09 00:30:00+00:00,10.5,15.5,26.3,84.0,1.6,95.0,5662,Nehru Nagar
2025-08-09 01:30:00+00:00,9.33,13.3,26.5,84.0,1.4,108.0,5662,Nehru Nagar
2025-08-09 02:30:00+00:00,19.0,29.0,27.4,83.0,1.6,108.0,5662,Nehru Nagar
2025-08-09 03:30:00+00:00,19.5,29.5,27.7,82.5,1.53,106.0,5662,Nehru Nagar
2025-08-09 04:30:00+00:00,19.0,28.0,29.6,78.5,1.68,170.0,5662,Nehru Nagar
2025-08-09 05:30:00+00:00,17.0,25.0,32.0,69.8,1.98,213.0,5662,Nehru Nagar
2025-08-09 06:30:00+00:00,14.0,21.0,32.6,65.8,2.75,260.0,5662,Nehru Nagar
2025-08-09 07:30:00+00:00,14.5,21.5,32.8,65.0,1.85,210.0,5662,Nehru Nagar
2025-08-09 08:30:00+00:00,19.5,28.5,32.9,65.0,1.2,210.0,5662,Nehru Nagar
2025-08-09 09:30:00+00:00,22.0,33.0,32.2,67.5,1.45,315.0,5662,Nehru Nagar
2025-08-09 10:30:00+00:00,22.0,34.0,30.7,72.5,1.4,112.0,5662,Nehru Nagar
2025-08-09 11:30:00+00:00,26.0,39.3,30.2,75.3,0.733,144.0,5662,Nehru Nagar
2025-08-09 12:30:00+00:00,23.5,35.5,29.7,77.3,0.825,83.8,5662,Nehru Nagar
2025-08-09 13:30:00+00:00,18.7,28.0,29.5,78.7,0.767,153.0,5662,Nehru Nagar
2025-08-09 14:30:00+00:00,19.0,28.0,29.6,80.3,0.8,93.3,5662,Nehru Nagar
2025-08-09 15:30:00+00:00,19.0,29.0,29.3,81.0,1.25,81.0,5662,Nehru Nagar
2025-08-09 16:30:00+00:00,15.5,23.5,29.1,81.8,1.18,99.3,5662,Nehru Nagar
2025-08-09 17:30:00+00:00,13.0,19.0,28.9,82.0,1.0,80.0,5662,Nehru Nagar
2025-08-09 18:30:00+00:00,13.0,19.0,28.4,83.0,0.8,88.5,5662,Nehru Nagar
2025-08-09 19:30:00+00:00,13.0,19.0,28.4,84.0,0.55,143.0,5662,Nehru Nagar
2025-08-09 20:30:00+00:00,26.7,40.0,28.5,84.0,0.675,69.3,5662,Nehru Nagar
2025-08-09 21:30:00+00:00,40.0,60.7,28.3,84.8,0.725,43.3,5662,Nehru Nagar
2025-08-09 22:30:00+00:00,12.7,19.3,28.2,85.0,0.45,50.5,5662,Nehru Nagar
2025-08-09 23:30:00+00:00,14.0,22.0,28.0,85.0,0.85,77.8,5662,Nehru Nagar
2025-08-10 00:30:00+00:00,12.0,18.7,28.2,84.5,0.925,82.3,5662,Nehru Nagar
2025-08-10 01:30:00+00:00,12.7,18.7,29.0,83.5,1.28,63.8,5662,Nehru Nagar
2025-08-10 02:30:00+00:00,20.3,29.7,29.8,81.8,1.8,85.5,5662,Nehru Nagar
2025-08-10 03:30:00+00:00,16.3,24.3,31.8,74.8,1.63,91.5,5662,Nehru Nagar
2025-08-10 04:30:00+00:00,14.7,22.7,33.3,63.5,1.9,123.0,5662,Nehru Nagar
2025-08-10 05:30:00+00:00,15.7,24.3,32.2,64.3,2.38,166.0,5662,Nehru Nagar
2025-08-10 06:30:00+00:00,17.7,27.0,33.1,64.0,2.23,108.0,5662,Nehru Nagar
2025-08-10 07:30:00+00:00,14.7,22.0,34.1,61.0,2.15,181.0,5662,Nehru Nagar
2025-08-10 08:30:00+00:00,16.0,23.3,34.3,61.3,2.3,222.0,5662,Nehru Nagar
2025-08-10 09:30:00+00:00,19.3,28.7,34.2,62.0,2.43,264.0,5662,Nehru Nagar
2025-08-10 10:30:00+00:00,15.3,22.7,34.0,61.3,2.1,295.0,5662,Nehru Nagar
2025-08-10 11:30:00+00:00,10.0,15.3,32.7,66.3,1.83,275.0,5662,Nehru Nagar
2025-08-10 12:30:00+00:00,9.67,13.7,31.6,71.8,1.53,327.0,5662,Nehru Nagar
2025-08-10 13:30:00+00:00,9.33,14.0,31.3,73.0,1.03,314.0,5662,Nehru Nagar
2025-08-10 14:30:00+00:00,14.3,22.3,31.3,73.5,1.03,211.0,5662,Nehru Nagar
2025-08-10 15:30:00+00:00,22.3,33.7,30.9,72.8,1.03,157.0,5662,Nehru Nagar
2025-08-10 16:30:00+00:00,22.0,32.7,30.5,77.0,1.0,113.0,5662,Nehru Nagar
2025-08-10 17:30:00+00:00,22.0,32.7,30.4,78.3,0.867,79.3,5662,Nehru Nagar
2025-08-10 18:30:00+00:00,12.0,18.0,29.9,80.5,0.9,105.0,5662,Nehru Nagar
2025-08-10 19:30:00+00:00,12.5,18.5,29.7,81.3,1.1,131.0,5662,Nehru Nagar
2025-08-10 20:30:00+00:00,15.5,22.5,29.4,81.5,1.33,167.0,5662,Nehru Nagar
2025-08-10 21:30:00+00:00,18.5,27.5,29.1,82.0,1.35,202.0,5662,Nehru Nagar
2025-08-10 22:30:00+00:00,19.5,29.5,28.9,82.0,1.1,190.0,5662,Nehru Nagar
2025-08-10 23:30:00+00:00,23.0,34.0,28.9,82.5,1.13,221.0,5662,Nehru Nagar
2025-08-11 00:30:00+00:00,20.0,30.0,29.2,82.0,1.33,195.0,5662,Nehru Nagar
2025-08-11 01:30:00+00:00,14.0,22.0,30.3,78.8,1.68,259.0,5662,Nehru Nagar
2025-08-11 02:30:00+00:00,15.5,23.5,30.9,75.5,1.45,217.0,5662,Nehru Nagar
2025-08-11 03:30:00+00:00,16.5,24.5,31.7,73.0,1.63,215.0,5662,Nehru Nagar
2025-08-11 04:30:00+00:00,17.0,25.0,32.9,69.0,1.85,252.0,5662,Nehru Nagar
2025-08-11 05:30:00+00:00,18.0,27.0,33.1,68.0,1.7,215.0,5662,Nehru Nagar
2025-08-11 06:30:00+00:00,17.5,26.5,33.7,66.3,2.03,212.0,5662,Nehru Nagar
2025-08-11 07:30:00+00:00,19.5,28.5,32.9,68.8,2.33,249.0,5662,Nehru Nagar
2025-08-11 08:30:00+00:00,21.0,31.0,32.2,71.5,2.33,252.0,5662,Nehru Nagar
2025-08-11 09:30:00+00:00,17.5,26.5,30.9,74.5,2.9,321.0,5662,Nehru Nagar
2025-08-11 10:30:00+00:00,12.5,18.5,28.6,82.0,2.23,289.0,5662,Nehru Nagar
2025-08-11 11:30:00+00:00,12.0,18.0,28.4,83.8,1.33,298.0,5662,Nehru Nagar
2025-08-11 12:30:00+00:00,16.0,24.0,28.4,84.0,1.1,322.0,5662,Nehru Nagar
2025-08-11 13:30:00+00:00,15.5,22.5,28.1,83.8,1.35,344.0,5662,Nehru Nagar
2025-08-11 14:30:00+00:00,12.5,18.5,28.1,83.0,1.4,336.0,5662,Nehru Nagar
2025-08-11 15:30:00+00:00,15.3,22.7,28.3,82.7,1.37,271.0,5662,Nehru Nagar
2025-08-11 16:30:00+00:00,20.0,29.0,28.5,82.0,1.05,211.0,5662,Nehru Nagar
2025-08-11 17:30:00+00:00,18.0,26.0,28.6,82.0,1.2,163.0,5662,Nehru Nagar
2025-08-11 18:30:00+00:00,29.0,43.0,28.3,82.0,1.45,324.0,5662,Nehru Nagar
2025-08-11 19:30:00+00:00,23.5,35.5,28.5,82.0,0.775,275.0,5662,Nehru Nagar
2025-08-11 20:30:00+00:00,15.5,23.5,28.5,82.5,0.6,144.0,5662,Nehru Nagar
2025-08-11 21:30:00+00:00,17.0,25.0,28.5,83.3,0.725,148.0,5662,Nehru Nagar
2025-08-11 22:30:00+00:00,20.0,30.0,28.3,84.0,1.15,273.0,5662,Nehru Nagar
2025-08-11 23:30:00+00:00,18.5,28.5,28.4,85.0,0.925,189.0,5662,Nehru Nagar
2025-08-12 00:30:00+00:00,18.0,28.0,29.1,84.5,0.775,244.0,5662,Nehru Nagar
2025-08-12 01:30:00+00:00,20.5,31.5,30.2,81.8,1.03,223.0,5662,Nehru Nagar
2025-08-12 02:30:00+00:00,22.0,33.0,31.4,76.5,1.85,300.0,5662,Nehru Nagar
2025-08-12 03:30:00+00:00,15.5,23.5,32.3,70.8,2.38,329.0,5662,Nehru Nagar
2025-08-12 04:30:00+00:00,15.0,23.0,33.5,64.3,2.5,298.0,5662,Nehru Nagar
2025-08-12 05:30:00+00:00,20.0,30.0,34.3,60.8,2.53,294.0,5662,Nehru Nagar
2025-08-12 06:30:00+00:00,20.5,30.5,34.9,61.3,2.63,312.0,5662,Nehru Nagar
2025-08-12 07:30:00+00:00,19.0,28.0,36.0,56.3,2.93,295.0,5662,Nehru Nagar
2025-08-12 08:30:00+00:00,15.5,23.5,33.5,62.0,2.95,283.0,5662,Nehru Nagar
2025-08-12 09:30:00+00:00,16.3,25.0,34.3,62.3,3.37,311.0,5662,Nehru Nagar
2025-08-12 10:30:00+00:00,19.0,27.7,32.9,60.7,2.6,332.0,5662,Nehru Nagar
2025-08-12 11:30:00+00:00,16.0,24.0,32.7,64.3,1.8,305.0,5662,Nehru Nagar
2025-08-12 12:30:00+00:00,16.5,25.5,31.8,68.3,1.25,279.0,5662,Nehru Nagar
2025-08-12 13:30:00+00:00,21.0,32.0,31.5,71.8,0.975,239.0,5662,Nehru Nagar
2025-08-12 14:30:00+00:00,28.0,42.0,31.3,74.8,0.875,197.0,5662,Nehru Nagar
2025-08-12 15:30:00+00:00,33.5,50.5,31.1,75.0,1.18,84.5,5662,Nehru Nagar
2025-08-12 16:30:00+00:00,28.5,43.5,30.4,78.8,1.23,127.0,5662,Nehru Nagar
2025-08-12 17:30:00+00:00,23.0,35.0,30.0,79.5,1.35,161.0,5662,Nehru Nagar
2025-08-12 18:30:00+00:00,20.0,30.0,29.8,81.0,0.8,115.0,5662,Nehru Nagar
2025-08-12 19:30:00+00:00,21.0,31.0,29.7,81.0,0.85,185.0,5662,Nehru Nagar
2025-08-12 20:30:00+00:00,29.0,43.0,29.6,81.8,0.925,179.0,5662,Nehru Nagar
2025-08-12 21:30:00+00:00,35.0,53.0,29.5,82.0,0.975,203.0,5662,Nehru Nagar
2025-08-12 22:30:00+00:00,34.0,51.0,29.3,82.8,0.825,329.0,5662,Nehru Nagar
2025-08-12 23:30:00+00:00,31.3,46.0,29.3,84.0,1.3,268.0,5662,Nehru Nagar
2025-08-13 00:30:00+00:00,22.0,32.0,29.7,83.0,0.85,308.0,5662,Nehru Nagar
2025-08-13 01:30:00+00:00,20.0,29.0,30.7,81.0,0.8,256.0,5662,Nehru Nagar
2025-08-13 02:30:00+00:00,22.7,33.3,32.0,74.0,0.433,277.0,5662,Nehru Nagar
2025-08-13 03:30:00+00:00,24.0,36.0,33.0,68.3,0.75,211.0,5662,Nehru Nagar
2025-08-13 04:30:00+00:00,29.0,44.0,32.6,69.0,1.48,178.0,5662,Nehru Nagar
2025-08-13 05:30:00+00:00,30.5,45.5,32.8,66.8,1.35,197.0,5662,Nehru Nagar
2025-08-13 06:30:00+00:00,26.0,39.0,32.9,66.0,1.53,183.0,5662,Nehru Nagar
2025-08-13 07:30:00+00:00,31.5,47.5,32.8,69.3,1.58,161.0,5662,Nehru Nagar
2025-08-13 08:30:00+00:00,35.0,52.0,33.1,68.0,1.73,130.0,5662,Nehru Nagar
2025-08-13 09:30:00+00:00,32.3,48.3,33.3,67.0,1.8,104.0,5662,Nehru Nagar
2025-08-13 10:30:00+00:00,26.3,39.7,33.4,67.0,1.9,80.3,5662,Nehru Nagar
2025-08-13 11:30:00+00:00,25.0,37.0,32.6,69.3,1.55,111.0,5662,Nehru Nagar
2025-08-13 12:30:00+00:00,24.0,35.0,30.9,72.8,1.33,179.0,5662,Nehru Nagar
2025-08-13 13:30:00+00:00,30.0,44.0,30.6,72.0,0.65,171.0,5662,Nehru Nagar
2025-08-13 14:30:00+00:00,38.0,56.7,30.4,72.3,0.7,274.0,5662,Nehru Nagar
2025-08-13 15:30:00+00:00,56.0,84.0,30.7,72.8,0.525,123.0,5662,Nehru Nagar
2025-08-13 16:30:00+00:00,44.0,65.0,30.6,74.5,0.6,167.0,5662,Nehru Nagar
2025-08-13 17:30:00+00:00,14.0,20.0,29.9,75.5,3.05,237.0,5662,Nehru Nagar
2025-08-13 18:30:00+00:00,5.0,7.0,26.9,84.5,3.05,229.0,5662,Nehru Nagar
2025-08-13 19:30:00+00:00,3.5,5.5,26.7,84.0,2.7,200.0,5662,Nehru Nagar
2025-08-13 20:30:00+00:00,2.0,4.0,26.5,85.0,2.8,206.0,5662,Nehru Nagar
2025-08-13 21:30:00+00:00,3.0,5.0,26.4,86.0,2.53,213.0,5662,Nehru Nagar
2025-08-13 22:30:00+00:00,3.0,4.33,26.5,87.0,1.7,177.0,5662,Nehru Nagar
2025-08-13 23:30:00+00:00,1.0,1.0,26.4,87.0,1.8,209.0,5662,Nehru Nagar
2025-08-14 00:30:00+00:00,2.0,4.0,26.7,87.0,1.93,199.0,5662,Nehru Nagar
2025-08-14 01:30:00+00:00,4.0,7.0,27.5,86.8,3.18,210.0,5662,Nehru Nagar
2025-08-14 02:30:00+00:00,10.0,15.0,28.3,85.5,2.68,206.0,5662,Nehru Nagar
2025-08-14 03:30:00+00:00,18.0,26.7,28.9,84.0,2.47,214.0,5662,Nehru Nagar
2025-08-14 04:30:00+00:00,22.5,33.5,29.7,58.0,2.65,209.0,5662,Nehru Nagar
2025-08-14 05:30:00+00:00,27.0,40.0,31.1,75.3,3.13,212.0,5662,Nehru Nagar
2025-08-14 06:30:00+00:00,33.0,49.0,32.3,66.3,3.75,212.0,5662,Nehru Nagar
2025-08-14 07:30:00+00:00,36.0,54.0,33.1,66.0,3.45,207.0,5662,Nehru Nagar
2025-08-14 08:30:00+00:00,37.0,56.0,33.3,66.5,3.33,206.0,5662,Nehru Nagar
2025-08-14 09:30:00+00:00,40.5,60.5,33.6,64.5,3.18,188.0,5662,Nehru Nagar
2025-08-14 10:30:00+00:00,38.0,56.0,33.4,65.3,2.85,202.0,5662,Nehru Nagar
2025-08-14 11:30:00+00:00,30.0,45.0,32.7,67.8,2.35,201.0,5662,Nehru Nagar
2025-08-14 12:30:00+00:00,29.5,44.5,31.7,69.5,2.28,198.0,5662,Nehru Nagar
2025-08-14 13:30:00+00:00,33.5,49.5,31.2,73.3,1.7,188.0,5662,Nehru Nagar
2025-08-14 14:30:00+00:00,33.5,49.5,30.8,75.5,1.78,213.0,5662,Nehru Nagar
2025-08-14 15:30:00+00:00,31.7,47.0,30.4,76.7,1.73,198.0,5662,Nehru Nagar
2025-08-14 16:30:00+00:00,26.0,40.0,30.0,77.0,1.75,206.0,5662,Nehru Nagar
2025-08-14 17:30:00+00:00,24.0,36.7,29.8,76.7,1.7,198.0,5662,Nehru Nagar
2025-08-14 18:30:00+00:00,26.0,38.0,29.6,79.0,1.4,195.0,5662,Nehru Nagar
2025-08-14 19:30:00+00:00,22.5,33.5,29.4,80.0,1.88,220.0,5662,Nehru Nagar
2025-08-14 20:30:00+00:00,21.0,32.0,29.1,81.5,1.63,205.0,5662,Nehru Nagar
2025-08-14 21:30:00+00:00,24.0,36.0,28.7,82.8,2.0,208.0,5662,Nehru Nagar
2025-08-14 22:30:00+00:00,22.5,33.5,28.4,83.5,2.3,207.0,5662,Nehru Nagar
2025-08-14 23:30:00+00:00,21.0,32.0,28.3,84.0,1.83,204.0,5662,Nehru Nagar
2025-08-15 00:30:00+00:00,22.0,32.7,29.2,82.7,2.23,207.0,5662,Nehru Nagar
2025-08-15 01:30:00+00:00,18.5,27.5,30.7,76.8,2.1,192.0,5662,Nehru Nagar
2025-08-15 02:30:00+00:00,15.5,23.5,32.0,69.3,2.2,182.0,5662,Nehru Nagar
2025-08-15 03:30:00+00:00,13.0,19.0,33.0,65.3,2.35,174.0,5662,Nehru Nagar
2025-08-15 04:30:00+00:00,10.0,15.0,33.5,63.0,1.95,167.0,5662,Nehru Nagar
2025-08-15 05:30:00+00:00,9.5,14.5,34.5,58.0,2.23,182.0,5662,Nehru Nagar
2025-08-15 06:30:00+00:00,8.0,12.0,34.2,60.5,2.43,212.0,5662,Nehru Nagar
2025-08-15 07:30:00+00:00,9.33,14.0,35.1,57.3,2.33,206.0,5662,Nehru Nagar
2025-08-15 08:30:00+00:00,10.3,15.0,35.7,53.7,2.7,199.0,5662,Nehru Nagar
2025-08-15 09:30:00+00:00,5.0,8.0,34.3,60.3,3.18,210.0,5662,Nehru Nagar
2025-08-15 10:30:00+00:00,8.0,12.0,32.6,68.0,2.28,186.0,5662,Nehru Nagar
2025-08-15 11:30:00+00:00,13.5,20.5,33.4,63.8,2.6,200.0,5662,Nehru Nagar
2025-08-15 12:30:00+00:00,15.3,22.7,32.1,67.3,1.8,192.0,5662,Nehru Nagar
2025-08-15 13:30:00+00:00,15.5,22.5,31.6,67.8,1.4,173.0,5662,Nehru Nagar
2025-08-15 14:30:00+00:00,15.5,22.5,31.3,69.8,1.3,170.0,5662,Nehru Nagar
2025-08-15 15:30:00+00:00,14.5,21.5,31.1,70.8,1.1,202.0,5662,Nehru Nagar
2025-08-15 16:30:00+00:00,20.5,30.5,30.7,71.8,2.08,201.0,5662,Nehru Nagar
2025-08-15 17:30:00+00:00,26.0,38.0,30.0,69.5,1.8,173.0,5662,Nehru Nagar
2025-08-15 18:30:00+00:00,16.0,24.0,29.6,74.0,1.4,195.0,5662,Nehru Nagar
2025-08-15 19:30:00+00:00,15.5,23.5,29.4,78.0,1.15,190.0,5662,Nehru Nagar
2025-08-15 20:30:00+00:00,62.5,94.5,29.7,79.8,1.25,211.0,5662,Nehru Nagar
2025-08-15 21:30:00+00:00,68.5,104.0,29.6,81.3,1.63,208.0,5662,Nehru Nagar
2025-08-15 22:30:00+00:00,28.5,43.5,29.3,82.5,1.53,188.0,5662,Nehru Nagar
2025-08-15 23:30:00+00:00,26.5,40.5,29.0,83.8,1.7,204.0,5662,Nehru Nagar
2025-08-16 00:30:00+00:00,24.5,37.5,29.6,83.5,1.9,186.0,5662,Nehru Nagar
2025-08-16 01:30:00+00:00,23.5,35.5,30.9,77.5,2.65,222.0,5662,Nehru Nagar
2025-08-16 02:30:00+00:00,21.5,31.5,32.0,70.3,3.28,208.0,5662,Nehru Nagar
2025-08-16 03:30:00+00:00,18.5,27.5,32.8,65.5,3.1,213.0,5662,Nehru Nagar
2025-08-16 04:30:00+00:00,18.3,27.7,34.0,60.7,3.2,180.0,5662,Nehru Nagar
2025-08-16 05:30:00+00:00,21.5,32.5,35.1,56.3,3.13,190.0,5662,Nehru Nagar
2025-08-16 06:30:00+00:00,26.0,39.0,35.9,47.0,3.15,187.0,5662,Nehru Nagar
2025-08-16 07:30:00+00:00,25.5,37.5,36.2,51.0,3.05,190.0,5662,Nehru Nagar
2025-08-16 08:30:00+00:00,17.5,25.5,35.6,50.8,3.5,200.0,5662,Nehru Nagar
2025-08-16 09:30:00+00:00,9.0,13.0,35.7,52.8,3.33,215.0,5662,Nehru Nagar
2025-08-16 10:30:00+00:00,11.5,17.5,35.5,54.5,3.05,217.0,5662,Nehru Nagar
2025-08-16 11:30:00+00:00,19.5,29.5,35.0,57.0,2.38,208.0,5662,Nehru Nagar
2025-08-16 12:30:00+00:00,27.0,41.0,33.4,60.7,1.83,196.0,5662,Nehru Nagar
2025-08-16 13:30:00+00:00,31.0,47.0,33.2,64.5,2.08,200.0,5662,Nehru Nagar
2025-08-16 14:30:00+00:00,30.0,45.0,32.9,66.5,2.25,218.0,5662,Nehru Nagar
2025-08-16 15:30:00+00:00,31.5,47.5,32.6,68.5,1.75,223.0,5662,Nehru Nagar
2025-08-16 16:30:00+00:00,34.5,51.5,31.9,69.3,1.7,197.0,5662,Nehru Nagar
2025-08-16 17:30:00+00:00,34.0,50.0,31.7,71.5,2.0,197.0,5662,Nehru Nagar
2025-08-16 18:30:00+00:00,30.0,44.0,31.3,75.5,1.95,227.0,5662,Nehru Nagar
2025-08-16 19:30:00+00:00,26.0,38.0,31.2,76.0,2.63,213.0,5662,Nehru Nagar
2025-08-16 20:30:00+00:00,24.0,35.0,30.7,74.0,2.43,220.0,5662,Nehru Nagar
2025-08-16 21:30:00+00:00,23.5,34.5,30.4,77.5,2.13,210.0,5662,Nehru Nagar
2025-08-16 22:30:00+00:00,21.5,31.5,30.2,75.8,2.18,211.0,5662,Nehru Nagar
2025-08-16 23:30:00+00:00,23.0,34.0,29.9,80.5,1.95,206.0,5662,Nehru Nagar
2025-08-17 00:30:00+00:00,22.0,33.0,30.4,80.3,2.5,218.0,5662,Nehru Nagar
2025-08-17 01:30:00+00:00,22.0,33.3,31.5,75.3,2.93,224.0,5662,Nehru Nagar
2025-08-17 02:30:00+00:00,22.0,33.0,32.6,70.5,3.68,212.0,5662,Nehru Nagar
2025-08-17 03:30:00+00:00,20.5,30.5,33.6,66.5,3.98,210.0,5662,Nehru Nagar
2025-08-17 04:30:00+00:00,21.5,32.5,34.4,63.3,3.9,218.0,5662,Nehru Nagar
2025-08-17 05:30:00+00:00,20.5,31.5,35.4,59.5,2.9,181.0,5662,Nehru Nagar
2025-08-17 06:30:00+00:00,20.0,30.0,36.2,55.3,3.3,190.0,5662,Nehru Nagar
2025-08-17 07:30:00+00:00,20.0,29.0,36.3,54.0,3.23,196.0,5662,Nehru Nagar
2025-08-17 08:30:00+00:00,20.0,30.0,36.6,53.0,3.3,197.0,5662,Nehru Nagar
2025-08-17 09:30:00+00:00,21.5,32.5,36.0,56.0,3.28,222.0,5662,Nehru Nagar
2025-08-17 10:30:00+00:00,22.0,33.0,35.1,57.0,2.6,153.0,5662,Nehru Nagar
2025-08-17 11:30:00+00:00,22.0,33.0,34.8,58.5,1.7,207.0,5662,Nehru Nagar
2025-08-17 12:30:00+00:00,23.5,35.5,33.8,64.0,1.83,192.0,5662,Nehru Nagar
2025-08-17 13:30:00+00:00,27.3,42.0,33.0,68.3,2.03,200.0,5662,Nehru Nagar
2025-08-17 14:30:00+00:00,27.5,41.5,32.3,67.8,2.08,196.0,5662,Nehru Nagar
2025-08-17 15:30:00+00:00,23.0,34.0,32.2,68.0,3.2,215.0,5662,Nehru Nagar
2025-08-17 16:30:00+00:00,23.0,34.0,31.9,67.0,3.78,210.0,5662,Nehru Nagar
2025-08-17 17:30:00+00:00,25.0,37.0,31.7,65.0,3.5,216.0,5662,Nehru Nagar
2025-08-17 18:30:00+00:00,21.0,31.0,30.9,76.0,4.4,236.0,5662,Nehru Nagar
2025-08-17 19:30:00+00:00,23.0,34.3,30.5,77.8,3.83,226.0,5662,Nehru Nagar
2025-08-17 20:30:00+00:00,27.0,41.0,30.0,74.5,3.48,232.0,5662,Nehru Nagar
2025-08-17 21:30:00+00:00,22.3,33.7,29.6,74.3,2.88,200.0,5662,Nehru Nagar
2025-08-17 22:30:00+00:00,17.0,25.0,29.2,77.8,3.28,215.0,5662,Nehru Nagar
2025-08-17 23:30:00+00:00,25.0,37.0,28.8,73.7,3.67,218.0,5662,Nehru Nagar
2025-08-18 01:30:00+00:00,7.0,11.0,29.3,75.5,4.1,223.0,5662,Nehru Nagar
2025-08-18 02:30:00+00:00,9.33,14.0,30.0,73.5,3.9,214.0,5662,Nehru Nagar
2025-08-18 03:30:00+00:00,15.0,21.7,31.4,68.8,4.13,211.0,5662,Nehru Nagar
2025-08-18 04:30:00+00:00,18.3,27.0,32.7,63.5,3.75,203.0,5662,Nehru Nagar
2025-08-18 05:30:00+00:00,19.0,28.3,33.4,59.5,4.25,209.0,5662,Nehru Nagar
2025-08-18 06:30:00+00:00,18.0,27.0,33.9,61.0,4.28,203.0,5662,Nehru Nagar
2025-08-18 07:30:00+00:00,18.0,26.7,34.3,57.0,4.0,216.0,5662,Nehru Nagar
2025-08-18 08:30:00+00:00,15.0,23.0,34.5,56.5,4.3,204.0,5662,Nehru Nagar
2025-08-18 09:30:00+00:00,14.5,22.5,34.7,56.3,3.73,207.0,5662,Nehru Nagar
2025-08-18 10:30:00+00:00,10.0,15.3,34.6,56.3,3.63,202.0,5662,Nehru Nagar
2025-08-18 11:30:00+00:00,12.0,18.0,34.2,57.8,3.2,210.0,5662,Nehru Nagar
2025-08-18 12:30:00+00:00,19.5,29.5,33.0,63.3,2.73,204.0,5662,Nehru Nagar
2025-08-18 13:30:00+00:00,27.7,41.0,32.4,67.7,2.03,203.0,5662,Nehru Nagar
2025-08-18 14:30:00+00:00,26.5,39.5,32.0,70.3,1.83,198.0,5662,Nehru Nagar
2025-08-18 15:30:00+00:00,32.5,48.5,31.7,72.0,2.73,219.0,5662,Nehru Nagar
2025-08-18 16:30:00+00:00,28.0,42.0,31.3,73.3,2.9,214.0,5662,Nehru Nagar
2025-08-18 17:30:00+00:00,14.0,22.0,30.9,74.5,2.7,204.0,5662,Nehru Nagar
2025-08-18 18:30:00+00:00,18.0,26.0,30.1,77.0,2.3,206.0,5662,Nehru Nagar
2025-08-18 19:30:00+00:00,15.5,22.5,29.8,77.8,2.28,193.0,5662,Nehru Nagar
2025-08-18 20:30:00+00:00,14.5,21.5,29.6,79.0,2.55,205.0,5662,Nehru Nagar
2025-08-18 21:30:00+00:00,15.5,23.5,29.4,79.0,3.05,215.0,5662,Nehru Nagar
2025-08-18 22:30:00+00:00,14.5,21.5,29.3,79.3,3.65,235.0,5662,Nehru Nagar
2025-08-18 23:30:00+00:00,16.0,23.0,29.0,79.5,3.03,227.0,5662,Nehru Nagar
2025-08-19 00:30:00+00:00,20.0,30.0,29.2,80.0,3.63,220.0,5662,Nehru Nagar
2025-08-19 01:30:00+00:00,19.3,29.3,29.9,78.7,3.7,222.0,5662,Nehru Nagar
2025-08-19 02:30:00+00:00,13.5,19.5,31.3,70.5,4.33,216.0,5662,Nehru Nagar
2025-08-19 03:30:00+00:00,11.5,16.5,32.3,65.8,3.88,210.0,5662,Nehru Nagar
2025-08-19 04:30:00+00:00,12.5,18.5,33.5,61.8,4.05,208.0,5662,Nehru Nagar
2025-08-19 05:30:00+00:00,16.0,24.0,34.3,59.5,4.25,198.0,5662,Nehru Nagar
2025-08-19 06:30:00+00:00,27.0,40.0,34.7,58.0,4.8,209.0,5662,Nehru Nagar
2025-08-19 07:30:00+00:00,37.0,55.0,35.4,57.0,3.7,212.0,5662,Nehru Nagar
2025-08-19 10:30:00+00:00,2.0,2.0,35.1,56.8,4.2,221.0,5662,Nehru Nagar
2025-08-19 11:30:00+00:00,3.5,5.25,34.2,59.0,4.13,225.0,5662,Nehru Nagar
2025-08-19 12:30:00+00:00,5.0,8.0,33.0,63.3,3.68,231.0,5662,Nehru Nagar
2025-08-19 13:30:00+00:00,10.0,15.5,32.3,67.0,3.25,219.0,5662,Nehru Nagar
2025-08-19 14:30:00+00:00,16.5,25.0,31.7,71.0,2.95,217.0,5662,Nehru Nagar
2025-08-19 15:30:00+00:00,16.0,24.0,30.8,75.3,2.75,199.0,5662,Nehru Nagar
2025-08-19 16:30:00+00:00,16.5,25.0,30.4,76.3,3.1,215.0,5662,Nehru Nagar
2025-08-19 17:30:00+00:00,19.0,29.0,30.1,77.5,3.0,210.0,5662,Nehru Nagar
2025-08-19 18:30:00+00:00,24.0,36.0,29.9,78.0,3.15,229.0,5662,Nehru Nagar
2025-08-19 19:30:00+00:00,21.7,32.7,30.0,77.3,3.3,219.0,5662,Nehru Nagar
2025-08-19 20:30:00+00:00,20.0,30.0,29.6,77.0,2.7,200.0,5662,Nehru Nagar
2025-08-19 21:30:00+00:00,17.5,26.5,29.3,77.8,3.15,208.0,5662,Nehru Nagar
2025-08-19 22:30:00+00:00,20.0,30.5,29.2,78.0,2.95,205.0,5662,Nehru Nagar
2025-08-19 23:30:00+00:00,23.0,35.0,28.9,78.0,3.18,227.0,5662,Nehru Nagar
2025-08-20 00:30:00+00:00,19.7,30.0,29.2,77.0,3.53,235.0,5662,Nehru Nagar
2025-08-20 01:30:00+00:00,21.5,32.5,29.5,75.8,3.38,224.0,5662,Nehru Nagar
2025-08-20 02:30:00+00:00,25.0,37.5,30.1,72.8,3.8,210.0,5662,Nehru Nagar
2025-08-20 03:30:00+00:00,24.0,36.0,31.4,67.8,4.63,220.0,5662,Nehru Nagar
2025-08-20 04:30:00+00:00,21.0,31.5,32.6,62.5,5.3,225.0,5662,Nehru Nagar
2025-08-20 05:30:00+00:00,26.0,39.0,33.3,61.3,4.58,217.0,5662,Nehru Nagar
2025-08-20 06:30:00+00:00,31.0,46.5,33.7,59.3,5.35,224.0,5662,Nehru Nagar
2025-08-20 07:30:00+00:00,31.5,47.5,33.0,64.0,4.85,222.0,5662,Nehru Nagar
2025-08-20 08:30:00+00:00,20.0,30.5,34.0,58.5,4.78,215.0,5662,Nehru Nagar
2025-08-20 09:30:00+00:00,6.5,10.0,33.6,60.8,4.5,212.0,5662,Nehru Nagar
2025-08-20 10:30:00+00:00,12.0,18.0,33.5,61.5,4.35,224.0,5662,Nehru Nagar
2025-08-20 11:30:00+00:00,32.5,49.0,33.0,62.8,3.9,219.0,5662,Nehru Nagar
2025-08-20 12:30:00+00:00,24.5,37.0,31.4,68.3,3.2,217.0,5662,Nehru Nagar
2025-08-20 13:30:00+00:00,3.5,5.5,31.0,70.8,3.15,198.0,5662,Nehru Nagar
2025-08-20 14:30:00+00:00,12.0,18.5,30.9,71.0,2.9,211.0,5662,Nehru Nagar
2025-08-20 15:30:00+00:00,24.5,37.0,30.7,71.0,3.35,234.0,5662,Nehru Nagar
2025-08-20 16:30:00+00:00,22.0,33.0,30.4,71.7,3.4,221.0,5662,Nehru Nagar
2025-08-20 17:30:00+00:00,18.0,27.0,30.2,73.0,4.55,242.0,5662,Nehru Nagar
2025-08-20 18:30:00+00:00,19.0,29.0,29.8,76.0,3.1,200.0,5662,Nehru Nagar
2025-08-20 19:30:00+00:00,18.0,27.5,29.6,76.5,3.18,210.0,5662,Nehru Nagar
2025-08-20 20:30:00+00:00,18.0,27.5,29.3,76.8,2.53,217.0,5662,Nehru Nagar
2025-08-20 21:30:00+00:00,14.3,21.7,28.8,76.3,1.9,203.0,5662,Nehru Nagar
2025-08-20 22:30:00+00:00,16.5,25.0,28.8,79.5,2.18,208.0,5662,Nehru Nagar
2025-08-20 23:30:00+00:00,20.5,31.0,28.8,80.8,2.48,209.0,5662,Nehru Nagar
2025-08-21 00:30:00+00:00,19.0,28.5,28.8,81.5,2.58,217.0,5662,Nehru Nagar
2025-08-21 01:30:00+00:00,21.0,31.5,28.6,82.5,2.48,200.0,5662,Nehru Nagar
2025-08-21 02:30:00+00:00,24.5,37.0,29.0,82.3,2.8,228.0,5662,Nehru Nagar
2025-08-21 03:30:00+00:00,25.5,38.5,29.3,82.8,2.75,226.0,5662,Nehru Nagar
2025-08-21 04:30:00+00:00,41.0,61.5,30.1,79.8,1.83,186.0,5662,Nehru Nagar
2025-08-21 05:30:00+00:00,57.7,86.7,29.1,82.0,1.77,95.0,5662,Nehru Nagar
2025-08-21 10:30:00+00:00,61.0,92.0,30.7,75.0,1.03,120.0,5662,Nehru Nagar
2025-08-21 11:30:00+00:00,32.0,48.0,30.5,74.5,0.9,86.8,5662,Nehru Nagar
2025-08-21 12:30:00+00:00,24.5,37.0,29.9,76.5,0.55,240.0,5662,Nehru Nagar
2025-08-21 13:30:00+00:00,25.5,38.5,29.6,79.0,0.6,132.0,5662,Nehru Nagar
2025-08-21 14:30:00+00:00,34.0,51.0,29.4,81.0,1.0,129.0,5662,Nehru Nagar
2025-08-21 15:30:00+00:00,34.0,51.0,29.3,82.0,0.767,154.0,5662,Nehru Nagar
2025-08-21 16:30:00+00:00,35.5,53.5,29.1,83.0,0.95,182.0,5662,Nehru Nagar
2025-08-21 17:30:00+00:00,37.0,56.0,29.1,84.0,0.65,112.0,5662,Nehru Nagar
2025-08-21 18:30:00+00:00,28.0,42.0,28.9,85.0,1.3,120.0,5662,Nehru Nagar
2025-08-21 19:30:00+00:00,25.0,37.5,28.7,85.0,0.9,121.0,5662,Nehru Nagar
2025-08-21 20:30:00+00:00,22.5,34.0,28.6,85.0,0.9,84.5,5662,Nehru Nagar
2025-08-21 21:30:00+00:00,27.0,41.0,28.3,86.0,0.75,144.0,5662,Nehru Nagar
2025-08-21 22:30:00+00:00,31.0,47.0,28.1,86.0,0.8,118.0,5662,Nehru Nagar
2025-08-21 23:30:00+00:00,27.0,41.0,28.0,86.0,0.925,107.0,5662,Nehru Nagar
2025-08-22 00:30:00+00:00,19.0,29.0,27.9,86.0,0.975,89.8,5662,Nehru Nagar
2025-08-22 01:30:00+00:00,13.5,20.5,28.3,85.3,1.18,98.3,5662,Nehru Nagar
2025-08-22 02:30:00+00:00,14.0,21.0,29.1,83.3,1.4,77.5,5662,Nehru Nagar
2025-08-22 03:30:00+00:00,16.0,24.0,31.6,75.3,1.4,108.0,5662,Nehru Nagar
2025-08-22 04:30:00+00:00,19.5,29.5,32.7,64.8,1.45,126.0,5662,Nehru Nagar
2025-08-22 05:30:00+00:00,27.5,41.5,32.5,62.0,0.825,147.0,5662,Nehru Nagar
2025-08-22 06:30:00+00:00,27.7,41.7,31.9,65.3,1.07,261.0,5662,Nehru Nagar
2025-08-22 07:30:00+00:00,17.0,25.7,32.4,62.3,2.17,204.0,5662,Nehru Nagar
2025-08-22 08:30:00+00:00,17.0,25.5,32.0,63.8,1.2,206.0,5662,Nehru Nagar
2025-08-22 09:30:00+00:00,22.0,33.0,32.6,61.0,1.03,143.0,5662,Nehru Nagar
2025-08-22 11:30:00+00:00,23.0,35.0,30.9,71.0,1.8,172.0,5662,Nehru Nagar
2025-08-22 12:30:00+00:00,20.0,30.5,30.6,70.5,1.65,199.0,5662,Nehru Nagar
2025-08-22 13:30:00+00:00,15.7,24.0,30.3,71.0,1.7,233.0,5662,Nehru Nagar
2025-08-22 16:30:00+00:00,15.0,22.5,28.8,76.0,1.53,147.0,5662,Nehru Nagar
2025-08-22 17:30:00+00:00,12.0,18.0,28.6,77.0,1.1,175.0,5662,Nehru Nagar
2025-08-22 18:30:00+00:00,21.0,32.0,28.7,78.0,1.55,206.0,5662,Nehru Nagar
2025-08-22 19:30:00+00:00,14.5,22.0,28.6,78.3,1.73,180.0,5662,Nehru Nagar
2025-08-22 20:30:00+00:00,11.5,17.5,28.2,80.5,1.65,150.0,5662,Nehru Nagar
2025-08-22 21:30:00+00:00,12.0,18.5,27.9,78.3,1.5,190.0,5662,Nehru Nagar
2025-08-22 22:30:00+00:00,10.0,15.5,28.0,77.5,1.4,175.0,5662,Nehru Nagar
2025-08-22 23:30:00+00:00,11.0,17.0,27.9,77.0,1.33,189.0,5662,Nehru Nagar
2025-08-23 00:30:00+00:00,11.5,17.5,28.3,77.0,2.55,202.0,5662,Nehru Nagar
2025-08-23 01:30:00+00:00,15.0,22.5,28.9,76.3,2.25,192.0,5662,Nehru Nagar
2025-08-23 02:30:00+00:00,17.0,25.5,30.1,71.0,3.85,214.0,5662,Nehru Nagar
2025-08-23 03:30:00+00:00,11.5,17.5,31.3,66.0,3.55,219.0,5662,Nehru Nagar
2025-08-23 04:30:00+00:00,20.0,30.5,31.3,65.8,3.18,194.0,5662,Nehru Nagar
2025-08-23 05:30:00+00:00,29.5,44.5,32.4,61.8,3.33,207.0,5662,Nehru Nagar
2025-08-23 10:30:00+00:00,26.0,39.0,30.2,69.0,2.2,147.0,5662,Nehru Nagar
2025-08-23 11:30:00+00:00,26.0,39.0,30.2,69.0,1.9,176.0,5662,Nehru Nagar
2025-08-23 12:30:00+00:00,16.0,24.0,29.8,69.8,1.83,182.0,5662,Nehru Nagar
2025-08-23 13:30:00+00:00,14.0,21.0,29.6,71.0,1.35,173.0,5662,Nehru Nagar
2025-08-23 14:30:00+00:00,10.7,16.0,29.4,71.7,1.4,198.0,5662,Nehru Nagar
2025-08-23 15:30:00+00:00,14.7,22.3,29.1,73.7,1.97,211.0,5662,Nehru Nagar
2025-08-23 16:30:00+00:00,13.5,20.5,28.7,75.0,1.93,189.0,5662,Nehru Nagar
2025-08-23 17:30:00+00:00,10.0,15.0,28.3,80.5,1.5,189.0,5662,Nehru Nagar
2025-08-23 18:30:00+00:00,19.0,29.0,27.7,83.0,2.05,169.0,5662,Nehru Nagar
2025-08-23 19:30:00+00:00,15.0,23.0,27.6,83.0,2.8,205.0,5662,Nehru Nagar
2025-08-23 20:30:00+00:00,9.5,14.5,27.9,82.0,2.45,201.0,5662,Nehru Nagar
2025-08-23 21:30:00+00:00,8.0,12.0,27.7,82.0,2.25,222.0,5662,Nehru Nagar
2025-08-23 22:30:00+00:00,14.5,22.0,27.7,82.3,2.2,212.0,5662,Nehru Nagar
2025-08-23 23:30:00+00:00,20.5,31.0,27.5,83.5,1.8,214.0,5662,Nehru Nagar
2025-08-24 00:30:00+00:00,19.0,28.5,27.8,84.0,2.28,214.0,5662,Nehru Nagar
2025-08-24 01:30:00+00:00,22.7,34.3,28.4,83.7,2.63,231.0,5662,Nehru Nagar
2025-08-24 02:30:00+00:00,23.0,35.0,28.8,81.5,3.38,225.0,5662,Nehru Nagar
2025-08-24 03:30:00+00:00,13.5,20.5,28.8,79.5,3.98,235.0,5662,Nehru Nagar
2025-08-24 04:30:00+00:00,8.0,12.0,29.3,78.0,3.3,237.0,5662,Nehru Nagar
2025-08-24 05:30:00+00:00,31.0,46.5,30.6,73.3,3.5,240.0,5662,Nehru Nagar
2025-08-24 06:30:00+00:00,37.0,55.5,31.3,69.0,4.25,244.0,5662,Nehru Nagar
2025-08-24 07:30:00+00:00,22.0,33.0,31.8,66.5,3.68,225.0,5662,Nehru Nagar
2025-08-24 08:30:00+00:00,21.5,32.5,31.3,69.8,3.18,234.0,5662,Nehru Nagar
2025-08-24 09:30:00+00:00,20.7,31.3,31.1,71.3,2.03,190.0,5662,Nehru Nagar
2025-08-24 10:30:00+00:00,21.5,32.5,28.4,79.0,1.78,121.0,5662,Nehru Nagar
2025-08-24 11:30:00+00:00,17.5,26.5,27.9,84.0,1.15,150.0,5662,Nehru Nagar
2025-08-24 12:30:00+00:00,17.0,25.5,27.7,85.3,1.15,293.0,5662,Nehru Nagar
2025-08-24 13:30:00+00:00,24.0,36.0,27.6,86.0,1.35,226.0,5662,Nehru Nagar
2025-08-24 14:30:00+00:00,25.0,37.5,27.8,87.0,1.08,272.0,5662,Nehru Nagar
2025-08-24 15:30:00+00:00,24.5,37.0,27.6,87.0,1.43,316.0,5662,Nehru Nagar
2025-08-24 16:30:00+00:00,21.5,32.5,27.3,87.0,1.73,307.0,5662,Nehru Nagar
2025-08-24 17:30:00+00:00,17.7,26.7,27.4,87.7,1.2,272.0,5662,Nehru Nagar
2025-08-24 18:30:00+00:00,28.0,42.0,27.5,88.0,3.5,216.0,5662,Nehru Nagar
2025-08-24 19:30:00+00:00,25.0,37.5,27.6,87.8,2.3,241.0,5662,Nehru Nagar
2025-08-24 20:30:00+00:00,18.0,27.0,27.4,87.0,1.98,227.0,5662,Nehru Nagar
2025-08-24 21:30:00+00:00,17.5,26.5,27.3,87.3,2.18,223.0,5662,Nehru Nagar
2025-08-24 22:30:00+00:00,17.5,26.5,27.3,87.3,3.03,238.0,5662,Nehru Nagar
2025-08-24 23:30:00+00:00,11.5,17.5,27.1,87.0,3.35,242.0,5662,Nehru Nagar
2025-08-25 00:30:00+00:00,9.0,14.0,27.1,87.0,3.0,223.0,5662,Nehru Nagar
2025-08-25 01:30:00+00:00,1.0,2.0,27.0,87.0,4.05,216.0,5662,Nehru Nagar
2025-08-25 02:30:00+00:00,6.0,9.5,26.9,87.0,2.98,191.0,5662,Nehru Nagar
2025-08-25 03:30:00+00:00,14.0,21.5,27.4,87.0,1.43,142.0,5662,Nehru Nagar
2025-08-25 04:30:00+00:00,18.7,28.3,27.9,87.3,1.2,179.0,5662,Nehru Nagar
2025-08-25 05:30:00+00:00,24.7,37.0,28.7,85.7,1.33,148.0,5662,Nehru Nagar
2025-08-25 06:30:00+00:00,23.5,35.5,29.4,85.3,1.0,129.0,5662,Nehru Nagar
2025-08-25 07:30:00+00:00,15.5,23.5,30.3,81.5,1.13,140.0,5662,Nehru Nagar
2025-08-25 08:30:00+00:00,11.0,16.5,29.7,81.3,1.0,177.0,5662,Nehru Nagar
2025-08-25 09:30:00+00:00,12.5,19.0,28.7,82.5,2.28,212.0,5662,Nehru Nagar
2025-08-25 10:30:00+00:00,17.3,26.3,27.5,84.7,1.33,206.0,5662,Nehru Nagar
2025-08-25 11:30:00+00:00,17.5,26.5,28.0,86.0,1.48,204.0,5662,Nehru Nagar
2025-08-25 12:30:00+00:00,19.0,29.0,28.0,86.0,1.55,216.0,5662,Nehru Nagar
2025-08-25 13:30:00+00:00,22.3,34.0,28.0,85.3,1.1,230.0,5662,Nehru Nagar
2025-08-25 14:30:00+00:00,25.0,38.0,28.3,85.0,2.0,216.0,5662,Nehru Nagar
2025-08-25 15:30:00+00:00,23.5,35.5,28.4,85.0,2.55,215.0,5662,Nehru Nagar
2025-08-25 16:30:00+00:00,17.0,25.5,28.2,85.8,2.28,199.0,5662,Nehru Nagar
2025-08-25 17:30:00+00:00,14.7,22.0,27.6,85.3,1.83,201.0,5662,Nehru Nagar
2025-08-25 18:30:00+00:00,8.0,12.0,27.4,85.0,2.1,209.0,5662,Nehru Nagar
2025-08-25 19:30:00+00:00,6.0,9.0,27.4,85.0,1.23,152.0,5662,Nehru Nagar
2025-08-25 20:30:00+00:00,2.5,4.0,27.1,85.5,0.95,70.3,5662,Nehru Nagar
2025-08-25 21:30:00+00:00,3.0,5.0,27.1,86.0,1.37,195.0,5662,Nehru Nagar
2025-08-25 22:30:00+00:00,9.0,14.0,27.0,86.0,1.65,215.0,5662,Nehru Nagar
2025-08-25 23:30:00+00:00,11.5,17.5,27.2,86.0,1.73,205.0,5662,Nehru Nagar
2025-08-26 00:30:00+00:00,14.0,21.0,27.3,86.8,1.93,222.0,5662,Nehru Nagar
2025-08-26 01:30:00+00:00,11.0,16.5,27.6,86.0,2.38,247.0,5662,Nehru Nagar
2025-08-26 02:30:00+00:00,5.5,8.5,28.3,85.0,2.23,221.0,5662,Nehru Nagar
2025-08-26 03:30:00+00:00,6.33,10.0,28.9,83.3,2.0,211.0,5662,Nehru Nagar
2025-08-26 04:30:00+00:00,14.0,21.0,30.4,78.0,2.0,196.0,5662,Nehru Nagar
2025-08-26 05:30:00+00:00,20.0,30.0,31.6,70.8,2.18,219.0,5662,Nehru Nagar
2025-08-26 06:30:00+00:00,19.0,28.5,32.6,66.3,2.33,208.0,5662,Nehru Nagar
2025-08-26 07:30:00+00:00,10.5,16.0,33.5,62.3,2.7,194.0,5662,Nehru Nagar
2025-08-26 08:30:00+00:00,18.5,28.0,34.1,60.3,2.7,214.0,5662,Nehru Nagar
2025-08-26 09:30:00+00:00,28.5,43.0,34.2,55.0,2.58,217.0,5662,Nehru Nagar
2025-08-26 10:30:00+00:00,41.0,62.0,33.7,58.5,1.98,199.0,5662,Nehru Nagar
2025-08-26 11:30:00+00:00,42.0,63.3,33.5,58.3,2.07,210.0,5662,Nehru Nagar
2025-08-26 12:30:00+00:00,23.5,35.5,31.4,71.3,2.15,205.0,5662,Nehru Nagar
2025-08-26 13:30:00+00:00,28.0,42.5,30.8,75.5,1.88,217.0,5662,Nehru Nagar
2025-08-26 14:30:00+00:00,31.5,47.5,30.5,77.8,2.1,216.0,5662,Nehru Nagar
2025-08-26 15:30:00+00:00,32.5,49.0,30.2,79.3,1.48,204.0,5662,Nehru Nagar
2025-08-26 16:30:00+00:00,32.0,48.5,29.9,80.0,1.68,217.0,5662,Nehru Nagar
2025-08-26 17:30:00+00:00,31.0,47.0,29.5,77.3,1.83,224.0,5662,Nehru Nagar
2025-08-26 18:30:00+00:00,37.0,56.0,29.0,73.5,1.2,218.0,5662,Nehru Nagar
2025-08-26 19:30:00+00:00,32.0,48.5,28.7,77.0,1.18,207.0,5662,Nehru Nagar
2025-08-26 22:30:00+00:00,29.0,44.0,28.1,82.8,0.775,178.0,5662,Nehru Nagar
2025-08-26 23:30:00+00:00,31.0,47.0,27.7,83.0,1.03,206.0,5662,Nehru Nagar
2025-08-27 00:30:00+00:00,29.3,44.3,28.0,85.0,0.567,244.0,5662,Nehru Nagar
2025-08-27 01:30:00+00:00,28.0,42.0,29.7,83.0,2.1,235.0,5662,Nehru Nagar
2025-08-27 02:30:00+00:00,30.0,45.0,31.3,79.0,1.55,229.0,5662,Nehru Nagar
2025-08-27 03:30:00+00:00,34.5,52.0,32.6,73.0,2.05,185.0,5662,Nehru Nagar
2025-08-27 04:30:00+00:00,41.0,62.0,34.0,63.8,2.45,189.0,5662,Nehru Nagar
2025-08-27 05:30:00+00:00,51.0,77.0,34.4,60.8,2.75,218.0,5662,Nehru Nagar
2025-08-27 06:30:00+00:00,59.0,89.0,34.6,55.0,2.5,216.0,5662,Nehru Nagar
2025-08-27 11:30:00+00:00,59.0,89.0,33.6,62.7,1.83,205.0,5662,Nehru Nagar
2025-08-27 12:30:00+00:00,39.0,59.0,32.7,66.5,1.58,183.0,5662,Nehru Nagar
2025-08-27 13:30:00+00:00,36.0,54.5,32.4,68.0,2.13,224.0,5662,Nehru Nagar
2025-08-27 14:30:00+00:00,31.5,47.5,32.2,68.8,1.88,206.0,5662,Nehru Nagar
2025-08-27 15:30:00+00:00,30.0,45.0,31.7,71.5,1.75,210.0,5662,Nehru Nagar
2025-08-27 16:30:00+00:00,42.0,63.0,31.3,72.3,1.63,196.0,5662,Nehru Nagar
2025-08-27 17:30:00+00:00,54.0,81.0,31.0,73.5,1.85,190.0,5662,Nehru Nagar
2025-08-27 18:30:00+00:00,37.0,56.0,30.6,74.0,1.25,220.0,5662,Nehru Nagar
2025-08-27 19:30:00+00:00,35.0,53.0,30.4,75.5,1.2,222.0,5662,Nehru Nagar
2025-08-27 20:30:00+00:00,33.5,50.5,30.1,78.0,1.38,196.0,5662,Nehru Nagar
2025-08-27 21:30:00+00:00,29.5,44.5,29.8,79.3,1.48,216.0,5662,Nehru Nagar
2025-08-27 22:30:00+00:00,33.0,50.0,29.4,80.0,1.93,200.0,5662,Nehru Nagar
2025-08-27 23:30:00+00:00,38.0,57.5,29.0,82.0,1.75,211.0,5662,Nehru Nagar
2025-08-28 00:30:00+00:00,34.5,52.0,29.3,82.8,1.85,213.0,5662,Nehru Nagar
2025-08-28 01:30:00+00:00,34.5,52.0,30.6,77.3,2.9,213.0,5662,Nehru Nagar
2025-08-28 02:30:00+00:00,38.0,57.5,31.9,70.8,3.0,229.0,5662,Nehru Nagar
2025-08-28 03:30:00+00:00,36.0,54.5,32.9,66.5,3.55,224.0,5662,Nehru Nagar
2025-08-28 04:30:00+00:00,34.0,51.5,33.9,63.0,3.5,226.0,5662,Nehru Nagar
2025-08-28 05:30:00+00:00,57.0,86.0,34.1,62.3,3.5,204.0,5662,Nehru Nagar
2025-08-28 06:30:00+00:00,67.0,101.0,34.7,60.5,3.35,217.0,5662,Nehru Nagar
2025-08-28 10:30:00+00:00,67.0,101.0,34.6,54.0,1.9,199.0,5662,Nehru Nagar
2025-08-28 11:30:00+00:00,67.0,101.0,34.0,59.0,2.23,199.0,5662,Nehru Nagar
2025-08-28 12:30:00+00:00,19.0,29.0,33.1,63.8,1.88,202.0,5662,Nehru Nagar
2025-08-28 13:30:00+00:00,14.5,22.0,32.2,69.3,2.25,205.0,5662,Nehru Nagar
2025-08-28 14:30:00+00:00,15.5,23.5,31.9,70.3,2.23,208.0,5662,Nehru Nagar
2025-08-28 15:30:00+00:00,21.0,32.0,31.3,71.5,2.13,221.0,5662,Nehru Nagar
2025-08-28 16:30:00+00:00,22.5,34.0,30.6,74.3,2.1,222.0,5662,Nehru Nagar
2025-08-28 17:30:00+00:00,23.3,35.0,30.2,75.0,2.53,208.0,5662,Nehru Nagar
2025-08-28 18:30:00+00:00,23.0,35.0,30.0,76.5,2.4,224.0,5662,Nehru Nagar
2025-08-28 19:30:00+00:00,25.0,38.0,29.7,79.3,2.53,209.0,5662,Nehru Nagar
2025-08-28 20:30:00+00:00,31.0,47.0,29.3,80.5,2.8,228.0,5662,Nehru Nagar
2025-08-28 21:30:00+00:00,37.5,56.5,29.1,81.3,2.48,206.0,5662,Nehru Nagar
2025-08-28 22:30:00+00:00,36.5,55.0,28.8,84.0,2.68,217.0,5662,Nehru Nagar
2025-08-28 23:30:00+00:00,33.0,50.0,28.8,84.0,2.9,229.0,5662,Nehru Nagar
2025-08-29 00:30:00+00:00,33.0,50.0,29.4,82.5,3.35,241.0,5662,Nehru Nagar
2025-08-29 01:30:00+00:00,35.5,53.5,30.4,78.5,4.2,222.0,5662,Nehru Nagar
2025-08-29 02:30:00+00:00,38.5,58.0,31.0,75.3,3.28,222.0,5662,Nehru Nagar
2025-08-29 03:30:00+00:00,37.0,56.0,31.6,72.3,3.6,217.0,5662,Nehru Nagar
2025-08-29 04:30:00+00:00,36.5,55.0,31.8,72.3,3.38,220.0,5662,Nehru Nagar
2025-08-29 05:30:00+00:00,39.0,58.5,33.0,68.0,3.73,211.0,5662,Nehru Nagar
2025-08-29 06:30:00+00:00,46.0,69.0,33.5,65.7,3.23,223.0,5662,Nehru Nagar
2025-09-02 05:30:00+00:00,37.0,56.0,28.5,86.5,0.65,127.0,5662,Nehru Nagar
2025-09-02 06:30:00+00:00,37.0,56.0,30.2,81.8,0.975,192.0,5662,Nehru Nagar
2025-09-02 07:30:00+00:00,47.0,71.0,32.2,72.3,1.1,199.0,5662,Nehru Nagar
2025-09-02 08:30:00+00:00,40.5,61.0,31.8,71.5,1.48,210.0,5662,Nehru Nagar
2025-09-02 09:30:00+00:00,29.5,44.5,31.8,71.8,1.8,201.0,5662,Nehru Nagar
2025-09-02 10:30:00+00:00,30.5,46.0,31.2,74.5,0.875,246.0,5662,Nehru Nagar
2025-09-02 11:30:00+00:00,25.5,38.5,30.7,77.3,0.95,325.0,5662,Nehru Nagar
2025-09-02 12:30:00+00:00,22.3,34.0,30.1,80.0,1.03,274.0,5662,Nehru Nagar
2025-09-02 13:30:00+00:00,35.5,53.5,29.3,80.8,2.0,212.0,5662,Nehru Nagar
2025-09-02 14:30:00+00:00,29.5,44.5,29.0,80.3,1.55,203.0,5662,Nehru Nagar
2025-09-02 15:30:00+00:00,23.5,35.5,28.7,81.0,1.43,199.0,5662,Nehru Nagar
2025-09-02 16:30:00+00:00,17.5,26.5,28.2,82.0,1.68,188.0,5662,Nehru Nagar
2025-09-02 17:30:00+00:00,14.0,21.3,27.7,83.7,1.47,193.0,5662,Nehru Nagar
2025-09-02 18:30:00+00:00,22.0,33.0,27.6,85.0,2.15,205.0,5662,Nehru Nagar
2025-09-02 19:30:00+00:00,19.5,29.5,27.4,85.5,1.98,243.0,5662,Nehru Nagar
2025-09-02 20:30:00+00:00,17.0,26.0,27.4,86.0,1.97,226.0,5662,Nehru Nagar
2025-09-02 21:30:00+00:00,18.5,28.0,27.2,86.0,2.0,210.0,5662,Nehru Nagar
2025-09-02 22:30:00+00:00,18.5,28.0,27.1,87.0,2.3,202.0,5662,Nehru Nagar
2025-09-02 23:30:00+00:00,22.0,33.5,27.2,87.0,1.43,243.0,5662,Nehru Nagar
2025-09-03 00:30:00+00:00,32.3,49.0,27.8,87.0,1.97,217.0,5662,Nehru Nagar
2025-09-03 01:30:00+00:00,31.0,47.0,29.2,85.0,3.3,227.0,5662,Nehru Nagar
2025-09-03 02:30:00+00:00,23.0,35.0,30.1,79.0,3.48,235.0,5662,Nehru Nagar
2025-09-03 03:30:00+00:00,18.0,27.5,31.2,73.0,3.4,223.0,5662,Nehru Nagar
2025-09-03 04:30:00+00:00,14.0,21.5,32.3,68.3,3.4,219.0,5662,Nehru Nagar
2025-09-03 05:30:00+00:00,19.0,29.0,33.0,63.8,3.6,215.0,5662,Nehru Nagar
2025-09-03 06:30:00+00:00,24.0,36.5,33.4,59.8,3.65,220.0,5662,Nehru Nagar
2025-09-03 07:30:00+00:00,19.0,29.0,33.9,57.5,4.95,224.0,5662,Nehru Nagar
2025-09-03 08:30:00+00:00,19.7,29.7,34.0,57.5,4.23,225.0,5662,Nehru Nagar
2025-09-03 09:30:00+00:00,22.0,33.0,33.3,60.5,3.78,231.0,5662,Nehru Nagar
2025-09-03 10:30:00+00:00,1.0,2.0,33.4,60.0,3.25,225.0,5662,Nehru Nagar
2025-09-03 11:30:00+00:00,3.5,5.5,32.1,64.8,3.0,212.0,5662,Nehru Nagar
2025-09-03 12:30:00+00:00,13.5,20.5,31.2,69.3,2.55,219.0,5662,Nehru Nagar
2025-09-03 13:30:00+00:00,17.0,26.0,30.7,71.3,2.18,233.0,5662,Nehru Nagar
2025-09-03 14:30:00+00:00,16.0,24.5,30.4,73.0,2.33,213.0,5662,Nehru Nagar
2025-09-03 15:30:00+00:00,23.0,35.0,29.9,74.3,2.23,220.0,5662,Nehru Nagar
2025-09-03 16:30:00+00:00,30.0,45.5,29.6,75.8,2.1,219.0,5662,Nehru Nagar
2025-09-03 17:30:00+00:00,35.0,53.0,29.6,76.0,2.65,216.0,5662,Nehru Nagar
2025-09-03 18:30:00+00:00,24.0,36.0,29.0,75.0,2.25,204.0,5662,Nehru Nagar
2025-09-03 19:30:00+00:00,22.0,33.0,28.8,75.8,2.43,222.0,5662,Nehru Nagar
2025-09-03 20:30:00+00:00,22.0,33.0,28.7,77.8,2.98,233.0,5662,Nehru Nagar
2025-09-03 21:30:00+00:00,21.0,31.5,28.8,76.8,3.25,251.0,5662,Nehru Nagar
2025-09-03 22:30:00+00:00,23.0,34.5,28.6,74.3,3.03,218.0,5662,Nehru Nagar
2025-09-03 23:30:00+00:00,25.0,37.7,28.3,75.0,2.0,220.0,5662,Nehru Nagar
2025-09-04 00:30:00+00:00,17.0,26.0,28.5,75.5,2.38,219.0,5662,Nehru Nagar
2025-09-04 01:30:00+00:00,17.0,26.0,30.2,70.3,3.48,228.0,5662,Nehru Nagar
2025-09-04 02:30:00+00:00,15.5,23.5,31.5,63.3,4.55,237.0,5662,Nehru Nagar
2025-09-04 03:30:00+00:00,11.5,17.5,32.5,57.5,5.13,221.0,5662,Nehru Nagar
2025-09-04 04:30:00+00:00,11.5,17.5,32.7,58.0,5.05,219.0,5662,Nehru Nagar
2025-09-04 05:30:00+00:00,13.5,20.5,32.9,57.0,4.58,209.0,5662,Nehru Nagar
2025-09-04 06:30:00+00:00,18.0,27.5,33.3,55.5,4.63,228.0,5662,Nehru Nagar
2025-09-04 07:30:00+00:00,17.0,26.0,33.2,57.0,4.73,221.0,5662,Nehru Nagar
2025-09-04 08:30:00+00:00,21.0,32.0,32.2,61.0,4.05,232.0,5662,Nehru Nagar
2025-09-04 09:30:00+00:00,22.5,34.0,32.0,62.5,3.78,219.0,5662,Nehru Nagar
2025-09-04 10:30:00+00:00,18.0,27.3,32.2,60.7,4.8,220.0,5662,Nehru Nagar
2025-09-04 11:30:00+00:00,16.5,25.0,31.4,63.5,4.03,218.0,5662,Nehru Nagar
2025-09-04 12:30:00+00:00,18.0,27.0,30.7,67.0,3.33,225.0,5662,Nehru Nagar
2025-09-04 13:30:00+00:00,21.0,31.5,30.4,69.0,3.2,224.0,5662,Nehru Nagar
2025-09-04 14:30:00+00:00,20.5,31.0,30.2,70.5,3.78,228.0,5662,Nehru Nagar
2025-09-04 15:30:00+00:00,17.0,26.0,27.5,79.3,4.7,236.0,5662,Nehru Nagar
2025-09-04 16:30:00+00:00,11.5,17.5,26.8,84.3,3.83,227.0,5662,Nehru Nagar
2025-09-04 17:30:00+00:00,6.0,9.0,26.8,85.0,4.25,229.0,5662,Nehru Nagar
2025-09-04 18:30:00+00:00,14.0,21.0,27.4,84.5,4.55,204.0,5662,Nehru Nagar
2025-09-04 19:30:00+00:00,16.5,25.0,27.4,84.0,4.33,221.0,5662,Nehru Nagar
2025-09-04 20:30:00+00:00,17.0,26.0,27.4,84.0,3.63,227.0,5662,Nehru Nagar
2025-09-04 21:30:00+00:00,15.5,23.5,27.4,84.0,3.8,212.0,5662,Nehru Nagar
2025-09-04 22:30:00+00:00,13.0,19.7,27.4,84.0,3.47,208.0,5662,Nehru Nagar
2025-09-04 23:30:00+00:00,9.0,14.0,27.5,84.0,2.93,208.0,5662,Nehru Nagar
2025-09-05 00:30:00+00:00,14.0,21.5,27.8,83.8,2.68,196.0,5662,Nehru Nagar
2025-09-05 01:30:00+00:00,16.5,25.0,28.6,82.3,2.63,201.0,5662,Nehru Nagar
2025-09-05 02:30:00+00:00,19.0,28.5,29.6,78.0,3.48,217.0,5662,Nehru Nagar
2025-09-05 03:30:00+00:00,22.0,33.0,31.0,72.0,3.3,192.0,5662,Nehru Nagar
2025-09-05 04:30:00+00:00,25.0,37.5,32.1,65.8,2.98,184.0,5662,Nehru Nagar
2025-09-05 05:30:00+00:00,30.0,45.0,32.4,65.0,2.55,188.0,5662,Nehru Nagar
2025-09-05 06:30:00+00:00,29.5,44.5,33.6,61.8,3.05,187.0,5662,Nehru Nagar
2025-09-05 07:30:00+00:00,27.5,41.5,33.6,61.0,3.58,197.0,5662,Nehru Nagar
2025-09-05 08:30:00+00:00,28.5,43.0,33.6,60.5,3.5,200.0,5662,Nehru Nagar
2025-09-05 09:30:00+00:00,35.5,53.5,33.4,61.0,2.83,173.0,5662,Nehru Nagar
2025-09-05 10:30:00+00:00,39.5,59.5,32.6,64.5,1.68,160.0,5662,Nehru Nagar
2025-09-05 11:30:00+00:00,35.0,53.0,32.3,66.5,1.8,183.0,5662,Nehru Nagar
2025-09-05 12:30:00+00:00,34.0,51.5,31.7,68.0,1.4,201.0,5662,Nehru Nagar
2025-09-05 13:30:00+00:00,46.0,69.5,31.3,69.8,1.55,223.0,5662,Nehru Nagar
2025-09-05 14:30:00+00:00,49.0,74.0,30.7,74.5,2.18,200.0,5662,Nehru Nagar
2025-09-05 15:30:00+00:00,34.3,52.0,30.3,76.7,2.37,217.0,5662,Nehru Nagar
2025-09-05 16:30:00+00:00,31.0,47.0,30.0,77.5,2.23,228.0,5662,Nehru Nagar
2025-09-05 17:30:00+00:00,31.0,47.0,29.9,79.0,1.35,206.0,5662,Nehru Nagar
2025-09-05 18:30:00+00:00,46.0,69.0,29.6,81.0,1.5,189.0,5662,Nehru Nagar
2025-09-05 19:30:00+00:00,44.0,66.0,29.4,81.8,1.75,222.0,5662,Nehru Nagar
2025-09-05 20:30:00+00:00,38.0,57.0,29.2,82.3,1.9,217.0,5662,Nehru Nagar
2025-09-05 21:30:00+00:00,38.0,57.0,28.9,83.0,2.07,216.0,5662,Nehru Nagar
2025-09-05 22:30:00+00:00,42.0,63.0,28.7,84.0,1.68,221.0,5662,Nehru Nagar
2025-09-05 23:30:00+00:00,37.0,55.5,28.5,84.8,1.78,204.0,5662,Nehru Nagar
2025-09-06 00:30:00+00:00,31.7,47.7,28.7,84.3,2.3,193.0,5662,Nehru Nagar
2025-09-06 04:30:00+00:00,37.0,56.0,33.4,66.3,2.0,184.0,5662,Nehru Nagar
2025-09-06 05:30:00+00:00,34.0,51.0,35.0,60.0,2.2,141.0,5662,Nehru Nagar
2025-09-06 06:30:00+00:00,34.0,51.0,35.5,54.3,2.35,124.0,5662,Nehru Nagar
2025-09-06 07:30:00+00:00,37.0,55.5,35.6,55.3,2.2,150.0,5662,Nehru Nagar
2025-09-06 08:30:00+00:00,38.5,58.0,35.5,55.8,2.4,162.0,5662,Nehru Nagar
2025-09-06 09:30:00+00:00,38.5,58.0,35.3,55.5,2.23,134.0,5662,Nehru Nagar
2025-09-06 10:30:00+00:00,27.0,40.5,34.0,58.0,1.9,178.0,5662,Nehru Nagar
2025-09-06 11:30:00+00:00,15.0,22.5,33.7,58.8,1.68,178.0,5662,Nehru Nagar
2025-09-06 12:30:00+00:00,13.0,19.5,32.6,63.5,1.58,197.0,5662,Nehru Nagar
2025-09-06 13:30:00+00:00,26.0,39.0,32.3,65.8,1.38,199.0,5662,Nehru Nagar
2025-09-06 14:30:00+00:00,37.0,55.5,32.1,66.8,1.8,216.0,5662,Nehru Nagar
2025-09-06 15:30:00+00:00,30.0,45.0,31.6,68.3,2.43,210.0,5662,Nehru Nagar
2025-09-06 16:30:00+00:00,32.0,48.0,30.8,74.0,2.1,206.0,5662,Nehru Nagar
2025-09-06 17:30:00+00:00,36.0,54.0,30.4,78.0,1.83,213.0,5662,Nehru Nagar
2025-09-06 18:30:00+00:00,42.0,63.0,30.0,79.0,2.1,206.0,5662,Nehru Nagar
2025-09-06 19:30:00+00:00,39.0,58.5,29.6,76.5,1.9,206.0,5662,Nehru Nagar
2025-09-06 20:30:00+00:00,40.5,61.0,29.5,69.8,1.48,199.0,5662,Nehru Nagar
2025-09-06 21:30:00+00:00,38.5,58.0,29.5,68.0,1.33,190.0,5662,Nehru Nagar
2025-09-06 22:30:00+00:00,40.5,61.0,29.4,68.3,1.55,186.0,5662,Nehru Nagar
2025-09-06 23:30:00+00:00,50.0,75.5,29.4,78.3,1.58,222.0,5662,Nehru Nagar
2025-09-07 00:30:00+00:00,49.0,74.0,29.5,78.3,1.45,163.0,5662,Nehru Nagar
2025-09-07 01:30:00+00:00,49.0,74.0,29.8,77.8,1.73,146.0,5662,Nehru Nagar
2025-09-07 02:30:00+00:00,45.5,68.5,30.6,74.3,1.2,96.3,5662,Nehru Nagar
2025-09-07 03:30:00+00:00,38.0,57.0,33.1,63.0,1.43,133.0,5662,Nehru Nagar
2025-09-07 04:30:00+00:00,36.5,55.0,34.1,58.0,1.53,159.0,5662,Nehru Nagar
2025-09-07 05:30:00+00:00,31.0,47.0,35.5,56.0,1.65,125.0,5662,Nehru Nagar
2025-09-07 06:30:00+00:00,24.0,36.5,36.4,53.5,1.7,140.0,5662,Nehru Nagar
2025-09-07 07:30:00+00:00,19.5,29.5,36.0,53.3,1.95,139.0,5662,Nehru Nagar
2025-09-07 08:30:00+00:00,15.0,22.5,36.4,50.5,1.63,122.0,5662,Nehru Nagar
2025-09-07 09:30:00+00:00,14.0,21.0,36.3,53.3,1.55,133.0,5662,Nehru Nagar
2025-09-07 10:30:00+00:00,17.5,26.5,32.7,62.0,1.93,239.0,5662,Nehru Nagar
2025-09-07 11:30:00+00:00,23.0,34.7,33.1,63.3,1.2,213.0,5662,Nehru Nagar
2025-09-07 12:30:00+00:00,29.5,44.5,32.4,63.8,0.6,198.0,5662,Nehru Nagar
2025-09-07 13:30:00+00:00,33.0,50.0,32.4,63.0,0.475,169.0,5662,Nehru Nagar
2025-09-07 14:30:00+00:00,32.0,48.5,32.3,63.8,0.65,236.0,5662,Nehru Nagar
2025-09-07 15:30:00+00:00,36.0,54.5,31.5,61.5,0.575,233.0,5662,Nehru Nagar
2025-09-07 16:30:00+00:00,35.0,53.0,30.6,65.8,1.38,244.0,5662,Nehru Nagar
2025-09-07 17:30:00+00:00,31.0,47.0,28.0,76.0,3.9,227.0,5662,Nehru Nagar
2025-09-07 19:30:00+00:00,4.0,6.0,25.7,83.5,2.0,271.0,5662,Nehru Nagar
2025-09-07 20:30:00+00:00,4.5,7.0,26.5,85.0,0.975,190.0,5662,Nehru Nagar
2025-09-07 21:30:00+00:00,6.0,9.5,26.8,85.0,0.375,227.0,5662,Nehru Nagar
2025-09-07 22:30:00+00:00,12.0,18.5,27.1,85.0,0.375,306.0,5662,Nehru Nagar
2025-09-07 23:30:00+00:00,10.5,16.0,27.4,84.5,0.45,131.0,5662,Nehru Nagar
2025-09-08 00:30:00+00:00,10.0,15.0,27.8,83.0,0.475,130.0,5662,Nehru Nagar
2025-09-08 01:30:00+00:00,18.5,28.0,29.1,80.8,0.45,210.0,5662,Nehru Nagar
2025-09-08 02:30:00+00:00,19.0,29.0,31.4,70.3,0.375,101.0,5662,Nehru Nagar
2025-09-08 03:30:00+00:00,14.0,21.5,32.6,65.5,1.3,157.0,5662,Nehru Nagar
2025-09-08 04:30:00+00:00,16.0,24.5,33.7,63.3,1.6,270.0,5662,Nehru Nagar
2025-09-08 05:30:00+00:00,37.0,56.0,33.8,64.5,1.63,264.0,5662,Nehru Nagar
2025-09-08 14:30:00+00:00,30.0,45.0,29.0,82.0,0.5,244.0,5662,Nehru Nagar
2025-09-08 15:30:00+00:00,27.5,41.5,28.6,82.5,0.325,348.0,5662,Nehru Nagar
2025-09-08 16:30:00+00:00,26.5,40.0,28.4,83.0,0.4,313.0,5662,Nehru Nagar
2025-09-08 17:30:00+00:00,24.3,36.7,28.4,84.0,0.333,83.3,5662,Nehru Nagar
2025-09-08 18:30:00+00:00,31.0,47.0,28.1,84.0,0.3,99.0,5662,Nehru Nagar
2025-09-08 19:30:00+00:00,71.5,108.0,28.0,84.0,0.3,277.0,5662,Nehru Nagar
2025-09-08 20:30:00+00:00,95.0,143.0,28.0,84.8,0.325,47.5,5662,Nehru Nagar
2025-09-08 21:30:00+00:00,77.0,116.0,27.9,85.0,0.4,124.0,5662,Nehru Nagar
2025-09-08 22:30:00+00:00,60.0,90.0,27.6,85.0,0.325,205.0,5662,Nehru Nagar
2025-09-08 23:30:00+00:00,52.0,78.0,27.7,85.8,0.35,65.0,5662,Nehru Nagar
2025-09-09 00:30:00+00:00,73.0,110.0,28.2,86.0,0.425,90.3,5662,Nehru Nagar
2025-09-09 01:30:00+00:00,73.0,110.0,29.5,84.0,0.725,135.0,5662,Nehru Nagar
2025-09-09 02:30:00+00:00,50.0,75.0,31.6,77.5,1.45,247.0,5662,Nehru Nagar
2025-09-09 03:30:00+00:00,23.3,35.3,33.3,66.7,1.93,256.0,5662,Nehru Nagar
2025-09-09 04:30:00+00:00,15.5,23.5,33.5,62.0,2.3,314.0,5662,Nehru Nagar
2025-09-09 05:30:00+00:00,20.0,30.0,33.6,61.0,2.78,310.0,5662,Nehru Nagar
2025-09-09 06:30:00+00:00,20.0,30.0,33.7,59.5,2.43,311.0,5662,Nehru Nagar
2025-09-09 07:30:00+00:00,16.0,24.0,34.3,58.8,2.7,314.0,5662,Nehru Nagar
2025-09-09 08:30:00+00:00,12.5,19.0,34.5,56.5,3.08,306.0,5662,Nehru Nagar
2025-09-09 09:30:00+00:00,10.0,15.5,33.6,59.3,2.95,320.0,5662,Nehru Nagar
2025-09-09 10:30:00+00:00,22.5,34.0,33.0,63.0,2.18,329.0,5662,Nehru Nagar
2025-09-09 11:30:00+00:00,19.0,28.5,32.7,64.5,1.75,338.0,5662,Nehru Nagar
2025-09-09 12:30:00+00:00,6.5,10.0,31.8,68.0,1.28,332.0,5662,Nehru Nagar
2025-09-09 13:30:00+00:00,18.5,28.0,31.5,69.8,0.675,289.0,5662,Nehru Nagar
2025-09-09 14:30:00+00:00,28.5,43.0,31.3,71.0,0.575,177.0,5662,Nehru Nagar
2025-09-09 15:30:00+00:00,32.0,48.5,31.1,70.8,0.525,162.0,5662,Nehru Nagar
2025-09-09 16:30:00+00:00,46.3,70.0,30.7,73.3,0.533,134.0,5662,Nehru Nagar
2025-09-09 17:30:00+00:00,69.0,104.0,30.5,69.5,0.55,170.0,5662,Nehru Nagar
2025-09-09 19:30:00+00:00,56.0,84.0,29.6,73.0,1.0,256.0,5662,Nehru Nagar
2025-09-09 20:30:00+00:00,46.0,69.0,29.4,70.5,1.45,239.0,5662,Nehru Nagar
2025-09-09 21:30:00+00:00,28.5,43.0,29.2,70.8,1.5,258.0,5662,Nehru Nagar
2025-09-09 22:30:00+00:00,21.5,32.5,29.0,69.8,2.35,266.0,5662,Nehru Nagar
2025-09-09 23:30:00+00:00,18.5,28.0,28.7,74.3,1.2,208.0,5662,Nehru Nagar
2025-09-10 00:30:00+00:00,19.5,29.5,28.9,74.5,1.53,244.0,5662,Nehru Nagar
2025-09-10 01:30:00+00:00,26.0,39.0,30.1,71.8,2.5,284.0,5662,Nehru Nagar
2025-09-10 02:30:00+00:00,25.5,38.5,31.8,69.0,2.15,281.0,5662,Nehru Nagar
2025-09-10 03:30:00+00:00,24.5,37.0,32.9,67.5,2.48,312.0,5662,Nehru Nagar
2025-09-10 04:30:00+00:00,25.5,38.5,33.8,65.8,2.78,302.0,5662,Nehru Nagar
2025-09-10 05:30:00+00:00,29.0,44.0,34.5,62.3,3.3,313.0,5662,Nehru Nagar
2025-09-10 06:30:00+00:00,36.5,55.0,34.9,59.8,3.18,299.0,5662,Nehru Nagar
2025-09-10 07:30:00+00:00,40.0,60.0,35.4,57.0,3.6,303.0,5662,Nehru Nagar
2025-09-10 10:30:00+00:00,40.0,60.0,34.3,59.0,3.7,325.0,5662,Nehru Nagar
2025-09-10 11:30:00+00:00,40.0,60.0,33.2,65.0,2.08,298.0,5662,Nehru Nagar
2025-09-10 12:30:00+00:00,35.0,53.0,32.8,62.5,2.78,304.0,5662,Nehru Nagar
2025-09-10 13:30:00+00:00,28.5,43.0,32.3,63.0,2.55,306.0,5662,Nehru Nagar
2025-09-10 14:30:00+00:00,27.0,40.5,32.0,66.5,2.0,290.0,5662,Nehru Nagar
2025-09-10 15:30:00+00:00,27.0,40.5,31.5,69.3,1.88,255.0,5662,Nehru Nagar
2025-09-10 16:30:00+00:00,23.0,34.5,31.3,68.3,1.73,250.0,5662,Nehru Nagar
2025-09-10 17:30:00+00:00,24.0,36.0,31.1,69.0,1.4,244.0,5662,Nehru Nagar
2025-09-10 18:30:00+00:00,34.0,51.0,30.6,70.0,1.8,274.0,5662,Nehru Nagar
2025-09-10 19:30:00+00:00,33.5,50.5,30.3,70.3,1.83,256.0,5662,Nehru Nagar
2025-09-10 20:30:00+00:00,27.0,41.0,30.0,72.0,1.43,230.0,5662,Nehru Nagar
2025-09-10 21:30:00+00:00,20.5,31.0,29.7,70.0,1.9,260.0,5662,Nehru Nagar
2025-09-10 22:30:00+00:00,24.0,36.0,29.5,72.0,2.0,287.0,5662,Nehru Nagar
2025-09-10 23:30:00+00:00,28.3,42.7,29.2,72.0,2.03,297.0,5662,Nehru Nagar
2025-09-11 00:30:00+00:00,24.5,37.0,29.2,73.8,2.4,289.0,5662,Nehru Nagar
2025-09-11 01:30:00+00:00,21.0,31.7,29.7,72.0,2.3,301.0,5662,Nehru Nagar
2025-09-11 02:30:00+00:00,23.5,35.5,30.5,65.3,2.83,298.0,5662,Nehru Nagar
2025-09-11 03:30:00+00:00,25.5,38.5,31.1,62.5,3.3,307.0,5662,Nehru Nagar
2025-09-11 04:30:00+00:00,25.0,38.0,31.6,61.8,3.18,312.0,5662,Nehru Nagar
2025-09-11 05:30:00+00:00,27.5,41.5,33.0,58.8,3.1,308.0,5662,Nehru Nagar
2025-09-11 06:30:00+00:00,29.3,44.0,33.0,58.3,2.97,275.0,5662,Nehru Nagar
2025-09-11 07:30:00+00:00,25.5,38.5,32.9,59.0,2.85,312.0,5662,Nehru Nagar
2025-09-11 08:30:00+00:00,31.5,47.5,32.7,59.8,2.75,311.0,5662,Nehru Nagar
2025-09-11 09:30:00+00:00,31.0,46.5,32.5,60.3,3.05,302.0,5662,Nehru Nagar
2025-09-11 10:30:00+00:00,41.3,62.3,32.4,60.7,2.9,287.0,5662,Nehru Nagar
2025-09-11 11:30:00+00:00,46.7,70.3,31.7,62.0,1.87,298.0,5662,Nehru Nagar
2025-09-11 12:30:00+00:00,36.3,54.7,31.2,66.7,0.967,218.0,5662,Nehru Nagar
2025-09-11 13:30:00+00:00,33.7,51.0,31.0,68.0,1.17,217.0,5662,Nehru Nagar
2025-09-11 14:30:00+00:00,41.0,62.0,30.8,68.0,0.8,197.0,5662,Nehru Nagar
2025-09-11 15:30:00+00:00,41.0,62.0,30.7,68.5,0.775,172.0,5662,Nehru Nagar
2025-09-11 16:30:00+00:00,60.0,90.5,30.5,69.3,1.08,190.0,5662,Nehru Nagar
2025-09-11 17:30:00+00:00,85.0,128.0,30.4,70.0,0.85,102.0,5662,Nehru Nagar
2025-09-11 18:30:00+00:00,100.0,150.0,30.0,71.0,0.9,154.0,5662,Nehru Nagar
2025-09-11 19:30:00+00:00,87.0,131.0,29.8,71.8,0.725,128.0,5662,Nehru Nagar
2025-09-11 20:30:00+00:00,69.0,104.0,29.6,71.8,0.725,111.0,5662,Nehru Nagar
2025-09-11 21:30:00+00:00,63.0,94.5,29.4,71.0,0.825,201.0,5662,Nehru Nagar
2025-09-11 22:30:00+00:00,62.3,93.7,29.6,71.0,0.467,163.0,5662,Nehru Nagar
2025-09-11 23:30:00+00:00,65.0,98.0,29.4,71.8,0.75,158.0,5662,Nehru Nagar
2025-09-12 00:30:00+00:00,65.5,98.5,29.5,72.0,0.825,265.0,5662,Nehru Nagar
2025-09-12 01:30:00+00:00,49.0,73.5,30.0,69.8,1.3,323.0,5662,Nehru Nagar
2025-09-12 02:30:00+00:00,33.0,49.7,30.3,68.0,1.47,336.0,5662,Nehru Nagar
2025-09-12 03:30:00+00:00,29.0,44.0,31.5,66.3,1.83,300.0,5662,Nehru Nagar
2025-09-12 04:30:00+00:00,31.0,47.0,32.5,63.5,1.63,276.0,5662,Nehru Nagar
2025-09-12 05:30:00+00:00,35.5,53.5,34.3,55.8,2.08,274.0,5662,Nehru Nagar
2025-09-12 06:30:00+00:00,29.3,44.0,35.2,47.7,2.53,278.0,5662,Nehru Nagar
2025-09-12 07:30:00+00:00,17.3,26.0,35.1,51.7,2.63,258.0,5662,Nehru Nagar
2025-09-12 08:30:00+00:00,24.5,37.0,35.7,51.5,2.25,287.0,5662,Nehru Nagar
2025-09-12 09:30:00+00:00,29.0,44.0,35.3,50.3,2.43,279.0,5662,Nehru Nagar
2025-09-12 10:30:00+00:00,25.0,38.0,34.7,53.0,1.98,250.0,5662,Nehru Nagar
2025-09-12 11:30:00+00:00,27.0,41.0,33.5,58.8,1.55,254.0,5662,Nehru Nagar
2025-09-12 12:30:00+00:00,35.0,53.0,32.5,64.3,0.725,247.0,5662,Nehru Nagar
2025-09-12 13:30:00+00:00,51.0,77.0,31.8,67.5,0.9,189.0,5662,Nehru Nagar
2025-09-12 14:30:00+00:00,54.3,81.7,31.4,70.0,0.567,262.0,5662,Nehru Nagar
2025-09-12 15:30:00+00:00,45.0,67.5,31.1,71.3,0.4,239.0,5662,Nehru Nagar
2025-09-12 16:30:00+00:00,44.7,67.3,30.7,72.7,0.3,240.0,5662,Nehru Nagar
2025-09-12 17:30:00+00:00,47.0,71.0,30.8,72.0,0.3,171.0,5662,Nehru Nagar
2025-09-12 18:30:00+00:00,64.0,96.0,30.5,74.0,0.3,56.0,5662,Nehru Nagar
2025-09-12 19:30:00+00:00,87.5,132.0,29.9,77.0,0.775,342.0,5662,Nehru Nagar
2025-09-12 20:30:00+00:00,94.0,142.0,29.4,76.3,0.575,348.0,5662,Nehru Nagar
2025-09-12 21:30:00+00:00,61.5,92.5,29.2,76.0,0.35,348.0,5662,Nehru Nagar
2025-09-12 22:30:00+00:00,63.5,95.5,29.1,79.8,0.3,348.0,5662,Nehru Nagar
2025-09-12 23:30:00+00:00,81.0,122.0,29.0,79.0,0.3,348.0,5662,Nehru Nagar
2025-09-13 12:30:00+00:00,29.0,44.0,33.1,59.0,0.975,347.0,5662,Nehru Nagar
2025-09-13 13:30:00+00:00,24.0,36.5,32.7,61.0,0.8,347.0,5662,Nehru Nagar
2025-09-13 14:30:00+00:00,21.7,33.0,32.3,62.7,0.6,348.0,5662,Nehru Nagar
2025-09-14 09:30:00+00:00,36.0,54.0,37.0,48.3,1.9,297.0,5662,Nehru Nagar
2025-09-14 10:30:00+00:00,36.0,54.0,35.7,53.0,2.23,313.0,5662,Nehru Nagar
2025-09-14 11:30:00+00:00,50.0,75.0,34.6,56.3,1.88,343.0,5662,Nehru Nagar
2025-09-14 12:30:00+00:00,38.5,58.0,33.7,59.3,0.975,346.0,5662,Nehru Nagar
2025-09-14 13:30:00+00:00,33.0,50.0,33.3,61.8,0.8,322.0,5662,Nehru Nagar
2025-09-14 14:30:00+00:00,41.0,62.0,33.0,63.8,1.1,246.0,5662,Nehru Nagar
2025-09-14 15:30:00+00:00,45.0,68.0,31.7,72.8,1.55,142.0,5662,Nehru Nagar
2025-09-14 16:30:00+00:00,42.5,64.0,31.2,73.0,1.55,118.0,5662,Nehru Nagar
2025-09-14 17:30:00+00:00,38.0,57.0,31.1,73.0,1.45,101.0,5662,Nehru Nagar
2025-09-14 18:30:00+00:00,49.0,74.0,30.7,74.0,1.45,71.5,5662,Nehru Nagar
2025-09-14 19:30:00+00:00,45.5,68.5,30.6,73.3,0.875,57.3,5662,Nehru Nagar
2025-09-14 20:30:00+00:00,39.0,58.5,30.4,73.8,0.725,103.0,5662,Nehru Nagar
2025-09-14 21:30:00+00:00,37.0,55.5,30.2,75.0,0.725,84.5,5662,Nehru Nagar
2025-09-14 22:30:00+00:00,36.5,55.0,30.1,75.3,0.575,63.3,5662,Nehru Nagar
2025-09-14 23:30:00+00:00,41.0,62.0,29.9,75.5,0.875,121.0,5662,Nehru Nagar
2025-09-15 00:30:00+00:00,47.0,71.0,30.2,75.8,0.575,70.0,5662,Nehru Nagar
2025-09-15 01:30:00+00:00,56.0,84.5,31.4,72.5,0.925,166.0,5662,Nehru Nagar
2025-09-15 02:30:00+00:00,55.5,83.5,32.4,66.0,1.35,276.0,5662,Nehru Nagar
2025-09-15 03:30:00+00:00,47.0,70.5,33.6,62.3,1.43,307.0,5662,Nehru Nagar
2025-09-15 04:30:00+00:00,39.5,59.5,34.6,59.3,1.93,249.0,5662,Nehru Nagar
2025-09-15 05:30:00+00:00,30.5,46.0,35.2,56.5,1.78,266.0,5662,Nehru Nagar
2025-09-15 06:30:00+00:00,33.0,49.5,35.7,56.5,2.38,247.0,5662,Nehru Nagar
2025-09-15 07:30:00+00:00,40.5,61.0,34.9,58.3,2.13,231.0,5662,Nehru Nagar
2025-09-15 08:30:00+00:00,53.0,80.0,32.6,70.0,3.73,230.0,5662,Nehru Nagar
2025-09-15 09:30:00+00:00,46.5,70.0,32.5,71.3,2.43,199.0,5662,Nehru Nagar
2025-09-15 10:30:00+00:00,29.0,43.5,31.4,72.5,2.63,206.0,5662,Nehru Nagar
2025-09-15 11:30:00+00:00,29.0,43.5,30.3,73.8,2.83,215.0,5662,Nehru Nagar
2025-09-15 12:30:00+00:00,26.5,40.0,29.4,74.0,2.93,214.0,5662,Nehru Nagar
2025-09-15 13:30:00+00:00,17.5,26.5,29.2,73.0,1.9,176.0,5662,Nehru Nagar
2025-09-15 14:30:00+00:00,13.5,20.5,29.1,73.3,2.05,145.0,5662,Nehru Nagar
2025-09-15 15:30:00+00:00,14.7,22.3,29.1,74.3,1.9,135.0,5662,Nehru Nagar
2025-09-15 16:30:00+00:00,19.5,29.5,29.1,76.0,1.88,117.0,5662,Nehru Nagar
2025-09-15 17:30:00+00:00,21.0,32.0,28.9,77.0,1.6,94.0,5662,Nehru Nagar
2025-09-15 18:30:00+00:00,21.0,32.0,29.0,77.0,1.2,88.0,5662,Nehru Nagar
2025-09-15 19:30:00+00:00,21.0,32.0,29.0,76.3,1.2,81.5,5662,Nehru Nagar
2025-09-15 20:30:00+00:00,21.0,32.0,28.8,77.3,1.2,105.0,5662,Nehru Nagar
2025-09-15 21:30:00+00:00,21.0,32.0,28.6,78.3,1.03,111.0,5662,Nehru Nagar
2025-09-15 22:30:00+00:00,21.0,32.0,28.4,79.3,1.5,207.0,5662,Nehru Nagar
2025-09-15 23:30:00+00:00,21.0,32.0,28.0,80.5,2.43,238.0,5662,Nehru Nagar
2025-09-16 00:30:00+00:00,21.0,32.0,27.8,79.3,1.9,233.0,5662,Nehru Nagar
2025-09-16 01:30:00+00:00,21.0,32.0,27.2,78.5,2.3,198.0,5662,Nehru Nagar
2025-09-16 02:30:00+00:00,21.0,32.0,27.0,80.5,1.83,201.0,5662,Nehru Nagar
2025-09-16 03:30:00+00:00,21.0,32.0,27.8,80.5,1.68,206.0,5662,Nehru Nagar
2025-09-16 07:30:00+00:00,43.0,65.0,31.4,68.5,1.18,278.0,5662,Nehru Nagar
2025-09-16 08:30:00+00:00,43.0,65.0,32.7,61.5,1.9,252.0,5662,Nehru Nagar
2025-09-16 12:30:00+00:00,31.0,47.0,28.7,74.0,1.2,221.0,5662,Nehru Nagar
2025-09-16 13:30:00+00:00,34.0,51.5,28.5,78.0,1.18,238.0,5662,Nehru Nagar
2025-09-16 14:30:00+00:00,30.0,45.5,28.0,79.8,0.7,219.0,5662,Nehru Nagar
2025-09-16 15:30:00+00:00,21.0,32.0,28.1,81.0,0.7,170.0,5662,Nehru Nagar
2025-09-16 16:30:00+00:00,17.0,26.0,28.5,81.5,1.2,192.0,5662,Nehru Nagar
2025-09-16 17:30:00+00:00,15.0,23.0,28.6,82.0,1.1,203.0,5662,Nehru Nagar
2025-09-16 18:30:00+00:00,37.0,56.0,28.3,83.0,1.15,203.0,5662,Nehru Nagar
2025-09-16 19:30:00+00:00,36.5,55.0,28.3,83.8,1.13,120.0,5662,Nehru Nagar
2025-09-16 20:30:00+00:00,36.5,55.0,28.1,84.0,1.2,153.0,5662,Nehru Nagar
2025-09-16 21:30:00+00:00,34.7,52.3,28.1,84.0,0.9,128.0,5662,Nehru Nagar
2025-09-16 22:30:00+00:00,31.5,47.5,28.0,84.0,0.725,173.0,5662,Nehru Nagar
2025-09-16 23:30:00+00:00,45.5,68.5,28.0,84.0,0.8,210.0,5662,Nehru Nagar
2025-09-17 00:30:00+00:00,42.0,63.0,25.8,85.3,1.83,260.0,5662,Nehru Nagar
2025-09-17 01:30:00+00:00,22.0,33.0,26.3,87.3,0.65,226.0,5662,Nehru Nagar
2025-09-17 02:30:00+00:00,15.5,23.5,26.7,88.0,0.7,230.0,5662,Nehru Nagar
2025-09-17 03:30:00+00:00,11.5,17.5,27.2,88.0,0.425,265.0,5662,Nehru Nagar
2025-09-17 04:30:00+00:00,18.5,28.0,27.8,88.0,0.725,275.0,5662,Nehru Nagar
2025-09-17 05:30:00+00:00,24.0,36.5,29.4,86.3,1.3,246.0,5662,Nehru Nagar
2025-09-17 06:30:00+00:00,26.0,39.5,31.3,75.8,1.93,305.0,5662,Nehru Nagar
2025-09-17 07:30:00+00:00,21.0,32.0,32.6,66.5,2.1,286.0,5662,Nehru Nagar
2025-09-17 08:30:00+00:00,20.5,31.0,33.3,63.8,1.8,250.0,5662,Nehru Nagar
2025-09-17 09:30:00+00:00,25.5,38.5,32.7,65.8,1.8,248.0,5662,Nehru Nagar
2025-09-17 10:30:00+00:00,16.5,25.0,29.4,75.3,3.08,227.0,5662,Nehru Nagar
2025-09-17 11:30:00+00:00,10.5,16.0,28.9,78.3,1.25,218.0,5662,Nehru Nagar
2025-09-17 12:30:00+00:00,9.5,14.5,29.0,78.3,0.7,203.0,5662,Nehru Nagar
2025-09-17 13:30:00+00:00,10.0,15.0,29.0,79.0,0.95,159.0,5662,Nehru Nagar
2025-09-17 14:30:00+00:00,22.0,33.0,28.8,80.0,1.03,161.0,5662,Nehru Nagar
2025-09-17 15:30:00+00:00,22.7,34.0,28.7,81.0,1.23,135.0,5662,Nehru Nagar
2025-09-17 16:30:00+00:00,19.5,29.5,28.4,82.5,0.95,130.0,5662,Nehru Nagar
2025-09-17 17:30:00+00:00,22.0,33.3,28.3,83.3,1.0,88.7,5662,Nehru Nagar
2025-09-17 18:30:00+00:00,31.0,47.0,28.1,83.5,0.65,180.0,5662,Nehru Nagar
2025-09-17 19:30:00+00:00,24.5,37.0,27.8,83.0,1.05,122.0,5662,Nehru Nagar
2025-09-17 20:30:00+00:00,16.0,24.0,27.7,84.0,0.85,102.0,5662,Nehru Nagar
2025-09-17 21:30:00+00:00,19.0,28.5,27.7,84.0,0.725,184.0,5662,Nehru Nagar
2025-09-17 22:30:00+00:00,22.5,34.0,27.6,84.0,0.85,259.0,5662,Nehru Nagar
2025-09-17 23:30:00+00:00,44.3,66.7,26.8,84.0,0.933,267.0,5662,Nehru Nagar
2025-09-18 00:30:00+00:00,40.0,60.0,27.2,84.0,0.975,244.0,5662,Nehru Nagar
2025-09-18 01:30:00+00:00,20.0,30.0,27.7,84.0,1.13,194.0,5662,Nehru Nagar
2025-09-18 02:30:00+00:00,16.0,24.0,27.9,84.0,1.2,137.0,5662,Nehru Nagar
2025-09-18 08:30:00+00:00,38.0,57.0,27.7,85.5,0.85,198.0,5662,Nehru Nagar
2025-09-18 09:30:00+00:00,29.0,43.5,28.0,86.0,0.725,220.0,5662,Nehru Nagar
2025-09-18 10:30:00+00:00,20.0,30.0,28.2,85.8,0.85,86.5,5662,Nehru Nagar
2025-09-18 11:30:00+00:00,19.0,28.5,28.1,85.0,1.03,69.0,5662,Nehru Nagar
2025-09-18 12:30:00+00:00,22.5,34.0,27.6,85.0,0.775,121.0,5662,Nehru Nagar
2025-09-18 13:30:00+00:00,29.0,44.0,27.6,85.8,0.925,107.0,5662,Nehru Nagar
2025-09-18 14:30:00+00:00,25.7,39.0,27.6,86.0,0.9,98.0,5662,Nehru Nagar
2025-09-18 15:30:00+00:00,26.5,40.0,27.4,86.0,0.575,119.0,5662,Nehru Nagar
2025-09-18 16:30:00+00:00,28.0,42.0,27.3,86.0,0.525,179.0,5662,Nehru Nagar
2025-09-18 17:30:00+00:00,26.0,39.0,27.2,86.0,0.4,297.0,5662,Nehru Nagar
2025-09-18 18:30:00+00:00,21.0,32.0,27.1,86.0,0.6,162.0,5662,Nehru Nagar
2025-09-18 19:30:00+00:00,22.0,33.5,27.0,86.0,1.23,60.5,5662,Nehru Nagar
2025-09-18 20:30:00+00:00,20.5,31.0,26.8,86.0,0.8,139.0,5662,Nehru Nagar
2025-09-18 21:30:00+00:00,20.0,30.0,26.8,86.3,0.7,79.0,5662,Nehru Nagar
2025-09-18 22:30:00+00:00,34.0,51.0,26.8,86.5,1.1,317.0,5662,Nehru Nagar
2025-09-18 23:30:00+00:00,31.3,47.0,26.8,87.0,1.0,322.0,5662,Nehru Nagar
2025-09-19 00:30:00+00:00,19.0,28.5,26.9,87.0,0.775,216.0,5662,Nehru Nagar
2025-09-19 01:30:00+00:00,19.0,28.5,27.4,86.5,0.75,162.0,5662,Nehru Nagar
2025-09-19 02:30:00+00:00,39.0,58.5,28.2,85.5,0.925,179.0,5662,Nehru Nagar
2025-09-19 03:30:00+00:00,69.3,104.0,29.0,84.0,0.85,188.0,5662,Nehru Nagar
2025-09-19 04:30:00+00:00,57.5,86.5,31.5,77.0,1.25,279.0,5662,Nehru Nagar
2025-09-19 05:30:00+00:00,32.0,48.0,33.1,66.0,1.4,222.0,5662,Nehru Nagar
2025-09-19 06:30:00+00:00,26.5,40.0,34.1,56.8,1.15,223.0,5662,Nehru Nagar
2025-09-19 07:30:00+00:00,16.0,24.5,32.4,60.8,2.0,293.0,5662,Nehru Nagar
2025-09-19 08:30:00+00:00,4.5,7.0,32.5,63.3,2.35,322.0,5662,Nehru Nagar
2025-09-19 09:30:00+00:00,12.5,19.0,31.9,64.0,1.18,250.0,5662,Nehru Nagar
2025-09-19 10:30:00+00:00,25.0,38.0,32.4,63.5,0.5,263.0,5662,Nehru Nagar
2025-09-19 11:30:00+00:00,37.0,56.0,31.7,67.8,0.65,139.0,5662,Nehru Nagar
2025-09-19 12:30:00+00:00,33.5,50.5,30.6,71.8,0.625,87.8,5662,Nehru Nagar
2025-09-19 13:30:00+00:00,31.7,47.7,30.0,74.0,0.633,42.0,5662,Nehru Nagar
2025-09-19 14:30:00+00:00,39.5,59.5,29.6,75.3,0.725,74.0,5662,Nehru Nagar
2025-09-19 15:30:00+00:00,39.0,58.5,29.2,79.3,0.875,60.3,5662,Nehru Nagar
2025-09-19 16:30:00+00:00,45.5,68.5,28.9,82.5,0.675,68.0,5662,Nehru Nagar
2025-09-19 17:30:00+00:00,41.0,62.0,28.7,77.0,0.95,61.0,5662,Nehru Nagar
2025-09-19 18:30:00+00:00,28.0,42.0,28.2,76.5,0.95,259.0,5662,Nehru Nagar
2025-09-19 19:30:00+00:00,38.5,58.0,28.2,78.0,0.6,178.0,5662,Nehru Nagar
2025-09-19 20:30:00+00:00,55.7,84.0,28.2,80.0,0.433,39.7,5662,Nehru Nagar
2025-09-19 21:30:00+00:00,59.5,89.5,28.0,80.3,0.875,79.5,5662,Nehru Nagar
2025-09-19 22:30:00+00:00,47.5,71.5,27.7,84.5,0.85,133.0,5662,Nehru Nagar
2025-09-19 23:30:00+00:00,42.5,64.0,27.4,84.8,1.05,301.0,5662,Nehru Nagar
2025-09-20 00:30:00+00:00,46.5,70.0,27.7,84.0,0.65,324.0,5662,Nehru Nagar
2025-09-20 01:30:00+00:00,40.0,60.5,29.1,81.3,1.78,332.0,5662,Nehru Nagar
2025-09-20 02:30:00+00:00,37.0,56.0,31.1,75.0,1.57,318.0,5662,Nehru Nagar
2025-09-20 03:30:00+00:00,45.0,68.0,32.4,70.5,2.03,288.0,5662,Nehru Nagar
2025-09-20 04:30:00+00:00,54.0,81.5,32.9,69.0,2.53,285.0,5662,Nehru Nagar
2025-09-20 05:30:00+00:00,58.0,87.5,33.7,61.5,2.45,279.0,5662,Nehru Nagar
2025-09-20 06:30:00+00:00,52.0,78.5,34.7,53.0,2.15,293.0,5662,Nehru Nagar
2025-09-20 07:30:00+00:00,37.5,56.5,35.5,52.3,2.65,299.0,5662,Nehru Nagar
2025-09-20 08:30:00+00:00,39.0,58.5,35.6,52.0,2.7,302.0,5662,Nehru Nagar
2025-09-20 09:30:00+00:00,39.0,58.5,34.6,49.3,2.1,272.0,5662,Nehru Nagar
2025-09-20 10:30:00+00:00,34.7,52.0,34.0,57.0,2.3,324.0,5662,Nehru Nagar
2025-09-20 11:30:00+00:00,43.5,65.5,32.7,59.5,1.6,338.0,5662,Nehru Nagar
2025-09-20 12:30:00+00:00,45.0,68.0,32.0,57.5,0.575,346.0,5662,Nehru Nagar
2025-09-20 13:30:00+00:00,62.0,93.5,31.8,58.5,0.375,281.0,5662,Nehru Nagar
2025-09-20 14:30:00+00:00,70.0,106.0,31.5,57.5,0.35,285.0,5662,Nehru Nagar
2025-09-20 15:30:00+00:00,59.0,89.0,31.4,59.5,0.45,59.3,5662,Nehru Nagar
2025-09-20 16:30:00+00:00,78.0,118.0,30.9,70.0,0.55,54.3,5662,Nehru Nagar
2025-09-20 17:30:00+00:00,97.0,146.0,30.5,70.0,0.55,125.0,5662,Nehru Nagar
2025-09-20 18:30:00+00:00,58.0,87.0,29.9,71.5,0.4,54.0,5662,Nehru Nagar
2025-09-20 19:30:00+00:00,52.5,79.0,29.7,71.8,0.8,100.0,5662,Nehru Nagar
2025-09-20 20:30:00+00:00,50.0,75.5,29.3,71.5,0.65,37.5,5662,Nehru Nagar
2025-09-20 21:30:00+00:00,54.0,81.5,28.9,58.3,0.6,168.0,5662,Nehru Nagar
2025-09-20 22:30:00+00:00,59.0,89.0,28.6,78.8,0.7,269.0,5662,Nehru Nagar
2025-09-20 23:30:00+00:00,59.3,89.3,28.3,78.3,0.933,348.0,5662,Nehru Nagar
2025-09-21 00:30:00+00:00,47.0,71.0,29.0,75.5,1.8,333.0,5662,Nehru Nagar
2025-09-21 01:30:00+00:00,45.0,68.0,30.2,73.0,1.8,331.0,5662,Nehru Nagar
2025-09-21 02:30:00+00:00,49.0,73.7,32.0,67.0,1.83,304.0,5662,Nehru Nagar
2025-09-21 03:30:00+00:00,47.0,70.5,33.7,61.3,2.03,285.0,5662,Nehru Nagar
2025-09-21 04:30:00+00:00,47.0,70.5,34.4,58.0,2.98,307.0,5662,Nehru Nagar
2025-09-21 05:30:00+00:00,44.5,67.0,35.1,48.5,3.0,303.0,5662,Nehru Nagar
2025-09-21 06:30:00+00:00,37.0,56.0,35.7,37.5,2.9,294.0,5662,Nehru Nagar
2025-09-21 09:30:00+00:00,20.0,30.0,35.0,42.0,2.5,325.0,5662,Nehru Nagar
2025-09-21 10:30:00+00:00,22.0,33.0,34.5,39.3,2.53,335.0,5662,Nehru Nagar
2025-09-21 11:30:00+00:00,31.5,47.5,33.1,46.5,1.95,336.0,5662,Nehru Nagar
2025-09-21 12:30:00+00:00,31.5,47.5,32.3,51.0,1.35,324.0,5662,Nehru Nagar
2025-09-21 13:30:00+00:00,34.5,52.0,32.3,51.5,1.08,243.0,5662,Nehru Nagar
2025-09-21 14:30:00+00:00,48.0,72.5,31.8,54.0,0.875,231.0,5662,Nehru Nagar
2025-09-21 15:30:00+00:00,56.0,84.5,31.3,49.5,0.85,253.0,5662,Nehru Nagar
2025-09-21 16:30:00+00:00,66.5,100.0,30.9,51.5,1.1,333.0,5662,Nehru Nagar
2025-09-21 17:30:00+00:00,74.0,111.0,30.9,54.0,0.9,348.0,5662,Nehru Nagar
2025-09-21 18:30:00+00:00,58.0,87.0,30.4,52.5,1.1,342.0,5662,Nehru Nagar
2025-09-21 19:30:00+00:00,51.5,77.5,30.2,63.0,0.375,110.0,5662,Nehru Nagar
2025-09-21 20:30:00+00:00,56.0,84.5,29.7,66.0,0.625,148.0,5662,Nehru Nagar
2025-09-21 21:30:00+00:00,75.5,114.0,29.1,71.3,0.8,311.0,5662,Nehru Nagar
2025-09-21 22:30:00+00:00,68.5,103.0,29.1,73.3,1.15,295.0,5662,Nehru Nagar
2025-09-21 23:30:00+00:00,46.5,70.0,28.8,73.0,1.3,320.0,5662,Nehru Nagar
2025-09-22 00:30:00+00:00,42.0,63.0,29.3,72.3,1.35,335.0,5662,Nehru Nagar
2025-09-22 01:30:00+00:00,45.5,68.5,30.7,68.5,2.08,332.0,5662,Nehru Nagar
2025-09-22 02:30:00+00:00,48.5,73.0,32.3,65.0,2.23,313.0,5662,Nehru Nagar
2025-09-22 03:30:00+00:00,50.0,75.0,33.7,62.8,2.05,310.0,5662,Nehru Nagar
2025-09-22 04:30:00+00:00,51.0,76.5,34.9,58.0,2.65,315.0,5662,Nehru Nagar
2025-09-22 05:30:00+00:00,50.0,75.0,35.7,53.0,2.55,295.0,5662,Nehru Nagar
2025-09-22 06:30:00+00:00,49.5,74.5,36.1,49.8,2.68,284.0,5662,Nehru Nagar
2025-09-22 07:30:00+00:00,49.7,75.0,36.1,48.0,2.8,308.0,5662,Nehru Nagar
2025-09-22 08:30:00+00:00,41.5,62.5,35.7,51.3,3.13,317.0,5662,Nehru Nagar
2025-09-22 09:30:00+00:00,32.5,49.0,34.2,54.3,3.25,316.0,5662,Nehru Nagar
2025-09-22 10:30:00+00:00,29.0,44.0,33.8,55.5,2.7,346.0,5662,Nehru Nagar
2025-09-22 11:30:00+00:00,31.0,47.0,33.0,61.5,2.25,336.0,5662,Nehru Nagar
2025-09-22 12:30:00+00:00,40.5,61.0,32.3,65.8,1.7,342.0,5662,Nehru Nagar
2025-09-22 13:30:00+00:00,43.0,64.5,32.1,66.0,1.33,340.0,5662,Nehru Nagar
2025-09-22 14:30:00+00:00,47.5,71.5,32.0,66.0,0.525,261.0,5662,Nehru Nagar
2025-09-22 15:30:00+00:00,59.7,90.0,31.8,66.7,0.533,130.0,5662,Nehru Nagar
2025-09-22 16:30:00+00:00,64.0,96.5,31.4,67.8,0.35,118.0,5662,Nehru Nagar
2025-09-22 17:30:00+00:00,67.0,101.0,30.9,70.0,0.35,259.0,5662,Nehru Nagar
2025-09-22 18:30:00+00:00,80.0,120.0,30.8,68.0,0.7,350.0,5662,Nehru Nagar
2025-09-22 19:30:00+00:00,73.0,110.0,30.6,63.5,0.575,350.0,5662,Nehru Nagar
2025-09-22 20:30:00+00:00,66.0,99.0,30.3,68.3,0.6,336.0,5662,Nehru Nagar
2025-09-22 21:30:00+00:00,67.0,101.0,29.7,70.0,1.18,258.0,5662,Nehru Nagar
2025-09-22 22:30:00+00:00,58.5,88.0,29.3,68.0,0.95,215.0,5662,Nehru Nagar
2025-09-22 23:30:00+00:00,48.5,73.0,28.8,69.0,0.95,317.0,5662,Nehru Nagar
2025-09-23 00:30:00+00:00,48.0,72.0,29.1,71.5,1.1,320.0,5662,Nehru Nagar
2025-09-23 01:30:00+00:00,47.0,70.7,30.1,70.0,1.77,322.0,5662,Nehru Nagar
2025-09-23 02:30:00+00:00,47.0,71.0,31.6,66.3,2.1,314.0,5662,Nehru Nagar
2025-09-23 03:30:00+00:00,49.0,74.0,33.5,62.0,1.6,311.0,5662,Nehru Nagar
2025-09-23 04:30:00+00:00,61.5,92.5,34.7,57.5,2.35,304.0,5662,Nehru Nagar
2025-09-23 05:30:00+00:00,72.0,108.0,35.6,55.3,2.75,314.0,5662,Nehru Nagar
2025-09-23 06:30:00+00:00,65.5,98.5,36.0,52.0,2.38,295.0,5662,Nehru Nagar
2025-09-23 07:30:00+00:00,61.0,92.0,36.1,50.0,3.55,335.0,5662,Nehru Nagar
2025-09-23 08:30:00+00:00,47.5,71.5,36.1,47.5,2.83,337.0,5662,Nehru Nagar
2025-09-23 09:30:00+00:00,32.5,49.0,32.3,56.5,3.13,327.0,5662,Nehru Nagar
2025-09-23 10:30:00+00:00,34.0,51.5,32.9,56.3,1.98,316.0,5662,Nehru Nagar
2025-09-23 11:30:00+00:00,45.0,68.0,32.7,59.8,2.25,325.0,5662,Nehru Nagar
2025-09-23 12:30:00+00:00,47.5,71.5,31.8,65.5,1.18,316.0,5662,Nehru Nagar
2025-09-23 13:30:00+00:00,41.5,62.5,31.6,64.0,1.6,339.0,5662,Nehru Nagar
2025-09-23 14:30:00+00:00,44.5,67.0,31.4,62.5,1.55,353.0,5662,Nehru Nagar
2025-09-23 15:30:00+00:00,42.0,63.0,31.1,60.5,1.5,358.0,5662,Nehru Nagar
2025-09-23 16:30:00+00:00,36.5,55.0,30.7,62.0,1.68,358.0,5662,Nehru Nagar
2025-09-23 17:30:00+00:00,37.0,56.0,30.4,64.0,1.65,357.0,5662,Nehru Nagar
2025-09-23 20:30:00+00:00,41.5,62.5,29.3,64.8,1.28,359.0,5662,Nehru Nagar
2025-09-23 21:30:00+00:00,40.5,61.0,28.9,66.5,1.08,343.0,5662,Nehru Nagar
2025-09-23 22:30:00+00:00,46.0,69.5,28.7,66.8,1.25,355.0,5662,Nehru Nagar
2025-09-23 23:30:00+00:00,39.5,59.5,28.3,68.0,1.58,340.0,5662,Nehru Nagar
2025-09-24 00:30:00+00:00,27.5,41.5,28.2,69.8,1.8,352.0,5662,Nehru Nagar
2025-09-24 01:30:00+00:00,29.7,45.0,29.3,70.0,2.17,346.0,5662,Nehru Nagar
2025-09-24 02:30:00+00:00,39.5,59.5,31.0,66.5,2.2,345.0,5662,Nehru Nagar
2025-09-24 03:30:00+00:00,42.5,64.0,32.9,63.5,1.98,315.0,5662,Nehru Nagar
2025-09-24 04:30:00+00:00,47.5,71.5,34.3,61.0,1.95,325.0,5662,Nehru Nagar
2025-09-24 05:30:00+00:00,63.0,94.7,35.1,57.0,2.43,297.0,5662,Nehru Nagar
2025-09-24 06:30:00+00:00,63.0,95.0,35.4,56.0,3.0,323.0,5662,Nehru Nagar
2025-09-24 07:30:00+00:00,44.0,66.5,36.3,52.5,2.7,324.0,5662,Nehru Nagar
2025-09-24 08:30:00+00:00,44.0,66.5,36.1,53.0,3.2,331.0,5662,Nehru Nagar
2025-09-24 09:30:00+00:00,40.5,61.0,35.8,53.8,2.73,341.0,5662,Nehru Nagar
2025-09-24 10:30:00+00:00,38.5,58.0,34.6,57.3,3.03,338.0,5662,Nehru Nagar
2025-09-24 11:30:00+00:00,45.0,68.0,33.4,58.3,2.68,349.0,5662,Nehru Nagar
2025-09-24 12:30:00+00:00,49.5,74.5,32.4,60.0,2.83,355.0,5662,Nehru Nagar
2025-09-24 13:30:00+00:00,49.3,74.0,32.0,59.0,2.53,351.0,5662,Nehru Nagar
2025-09-24 14:30:00+00:00,42.7,64.0,31.2,58.7,2.67,340.0,5662,Nehru Nagar
2025-09-24 15:30:00+00:00,38.0,57.3,30.9,60.8,1.98,351.0,5662,Nehru Nagar
2025-09-24 18:30:00+00:00,40.0,60.0,30.3,65.5,1.45,358.0,5662,Nehru Nagar
2025-09-24 19:30:00+00:00,45.0,67.5,30.2,64.8,1.3,344.0,5662,Nehru Nagar
2025-09-24 20:30:00+00:00,51.0,76.5,30.0,66.3,1.13,316.0,5662,Nehru Nagar
2025-09-24 21:30:00+00:00,47.5,71.5,29.8,63.8,1.4,338.0,5662,Nehru Nagar
2025-09-24 22:30:00+00:00,42.7,64.3,29.2,65.0,1.4,344.0,5662,Nehru Nagar
2025-09-24 23:30:00+00:00,38.7,58.3,28.9,67.3,1.67,299.0,5662,Nehru Nagar
2025-09-25 00:30:00+00:00,47.5,71.5,28.9,68.8,1.5,241.0,5662,Nehru Nagar
2025-09-25 01:30:00+00:00,62.0,93.0,29.3,73.8,2.2,230.0,5662,Nehru Nagar
2025-09-25 02:30:00+00:00,64.5,97.0,31.3,73.3,1.4,186.0,5662,Nehru Nagar
2025-09-25 03:30:00+00:00,64.5,97.0,33.3,66.3,1.55,200.0,5662,Nehru Nagar
2025-09-25 04:30:00+00:00,63.0,94.5,34.6,61.3,1.68,241.0,5662,Nehru Nagar
2025-09-25 05:30:00+00:00,63.0,94.5,36.1,57.3,1.63,238.0,5662,Nehru Nagar
2025-09-25 06:30:00+00:00,64.0,96.0,36.1,53.8,1.88,281.0,5662,Nehru Nagar
2025-09-25 07:30:00+00:00,52.0,78.0,35.8,50.0,2.2,306.0,5662,Nehru Nagar
2025-09-25 08:30:00+00:00,54.0,81.0,36.6,48.0,2.2,286.0,5662,Nehru Nagar
2025-09-25 09:30:00+00:00,48.0,72.0,36.2,51.0,1.95,317.0,5662,Nehru Nagar
2025-09-25 10:30:00+00:00,43.0,64.5,34.9,56.0,1.53,335.0,5662,Nehru Nagar
2025-09-25 11:30:00+00:00,50.5,76.0,34.1,58.0,1.58,317.0,5662,Nehru Nagar
2025-09-25 15:30:00+00:00,69.5,105.0,32.1,64.8,1.05,350.0,5662,Nehru Nagar
2025-09-25 16:30:00+00:00,68.0,103.0,31.8,67.5,1.08,264.0,5662,Nehru Nagar
2025-09-25 21:30:00+00:00,68.0,102.0,29.7,73.5,0.95,330.0,5662,Nehru Nagar
2025-09-25 22:30:00+00:00,69.0,104.0,29.3,73.8,1.15,301.0,5662,Nehru Nagar
2025-09-25 23:30:00+00:00,67.3,101.0,29.2,74.7,0.767,341.0,5662,Nehru Nagar
2025-09-26 00:30:00+00:00,59.5,89.5,29.6,73.5,0.675,329.0,5662,Nehru Nagar
2025-09-26 01:30:00+00:00,55.3,83.0,31.4,67.0,1.3,313.0,5662,Nehru Nagar
2025-09-26 02:30:00+00:00,56.0,84.0,32.4,64.0,1.45,275.0,5662,Nehru Nagar
2025-09-26 03:30:00+00:00,59.5,89.5,34.3,58.5,1.85,318.0,5662,Nehru Nagar
2025-09-26 04:30:00+00:00,72.7,109.0,36.0,52.3,1.67,258.0,5662,Nehru Nagar
2025-09-26 05:30:00+00:00,68.5,103.0,36.8,47.3,2.18,302.0,5662,Nehru Nagar
2025-09-26 06:30:00+00:00,60.0,90.5,36.7,48.0,2.2,278.0,5662,Nehru Nagar
2025-09-26 07:30:00+00:00,60.0,90.5,37.1,46.3,2.45,281.0,5662,Nehru Nagar
2025-09-26 08:30:00+00:00,53.5,80.5,37.7,42.3,2.08,295.0,5662,Nehru Nagar
2025-09-26 09:30:00+00:00,46.0,69.0,38.1,44.0,1.4,321.0,5662,Nehru Nagar
2025-09-26 13:30:00+00:00,67.7,102.0,33.7,64.3,1.23,241.0,5662,Nehru Nagar
2025-09-26 14:30:00+00:00,63.0,94.0,33.1,65.8,1.35,249.0,5662,Nehru Nagar
2025-09-26 15:30:00+00:00,58.0,87.0,32.7,68.3,1.43,233.0,5662,Nehru Nagar
2025-09-26 16:30:00+00:00,57.0,86.0,32.2,69.3,1.6,251.0,5662,Nehru Nagar
2025-09-26 17:30:00+00:00,56.0,84.0,32.0,70.0,2.1,230.0,5662,Nehru Nagar
2025-09-26 19:30:00+00:00,50.0,74.0,30.8,73.0,1.65,234.0,5662,Nehru Nagar
2025-09-26 20:30:00+00:00,46.5,69.5,30.8,73.8,2.75,237.0,5662,Nehru Nagar
2025-09-26 21:30:00+00:00,33.5,50.5,30.4,70.3,1.98,236.0,5662,Nehru Nagar
2025-09-26 22:30:00+00:00,21.0,32.0,30.1,65.8,1.25,209.0,5662,Nehru Nagar
2025-09-26 23:30:00+00:00,16.0,24.0,29.8,63.0,1.18,213.0,5662,Nehru Nagar
2025-09-27 00:30:00+00:00,23.0,34.0,29.7,62.0,1.4,238.0,5662,Nehru Nagar
2025-09-27 01:30:00+00:00,22.5,33.5,29.9,57.5,1.68,156.0,5662,Nehru Nagar
2025-09-27 02:30:00+00:00,15.5,23.5,30.8,56.0,1.18,122.0,5662,Nehru Nagar
2025-09-27 03:30:00+00:00,17.0,26.0,31.6,55.3,1.25,221.0,5662,Nehru Nagar
2025-09-27 04:30:00+00:00,17.5,26.5,32.5,53.3,1.73,279.0,5662,Nehru Nagar
2025-09-27 05:30:00+00:00,20.0,30.0,33.4,52.8,1.9,289.0,5662,Nehru Nagar
2025-09-27 06:30:00+00:00,20.5,30.5,32.6,57.8,2.33,234.0,5662,Nehru Nagar
2025-09-27 07:30:00+00:00,17.5,26.5,33.4,55.3,3.4,246.0,5662,Nehru Nagar
2025-09-27 08:30:00+00:00,15.7,23.7,33.8,54.3,3.87,231.0,5662,Nehru Nagar
2025-09-27 09:30:00+00:00,15.5,23.5,33.2,57.5,3.55,259.0,5662,Nehru Nagar
2025-09-27 10:30:00+00:00,22.0,33.0,33.0,58.5,3.28,248.0,5662,Nehru Nagar
2025-09-27 11:30:00+00:00,38.5,57.5,32.2,62.8,2.25,241.0,5662,Nehru Nagar
2025-09-27 12:30:00+00:00,37.0,55.0,31.6,65.3,2.0,237.0,5662,Nehru Nagar
2025-09-27 13:30:00+00:00,28.5,42.5,31.2,65.5,2.85,244.0,5662,Nehru Nagar
2025-09-27 14:30:00+00:00,30.5,45.5,31.0,65.8,2.0,246.0,5662,Nehru Nagar
2025-09-27 15:30:00+00:00,32.5,48.5,30.8,67.5,2.53,249.0,5662,Nehru Nagar
2025-09-27 16:30:00+00:00,31.5,47.5,30.6,68.0,2.75,243.0,5662,Nehru Nagar
2025-09-27 17:30:00+00:00,28.0,42.0,30.2,68.5,2.3,230.0,5662,Nehru Nagar
2025-09-27 18:30:00+00:00,23.0,35.0,29.5,77.5,2.3,227.0,5662,Nehru Nagar
2025-09-27 19:30:00+00:00,23.0,35.0,29.2,78.0,2.7,236.0,5662,Nehru Nagar
2025-09-27 20:30:00+00:00,26.5,39.5,29.0,78.0,2.98,246.0,5662,Nehru Nagar
2025-09-27 21:30:00+00:00,26.5,39.5,28.9,77.0,3.33,244.0,5662,Nehru Nagar
2025-09-27 22:30:00+00:00,22.5,33.5,28.8,69.3,3.75,259.0,5662,Nehru Nagar
2025-09-27 23:30:00+00:00,24.0,36.0,28.7,71.3,4.0,253.0,5662,Nehru Nagar
2025-09-28 00:30:00+00:00,21.0,32.0,29.0,71.3,4.25,252.0,5662,Nehru Nagar
2025-09-28 01:30:00+00:00,17.5,26.5,29.9,66.8,4.75,258.0,5662,Nehru Nagar
2025-09-28 02:30:00+00:00,18.5,27.5,31.0,62.3,4.6,256.0,5662,Nehru Nagar
2025-09-28 03:30:00+00:00,17.0,25.0,32.2,58.5,4.38,252.0,5662,Nehru Nagar
2025-09-28 04:30:00+00:00,15.0,22.0,33.1,55.0,4.23,253.0,5662,Nehru Nagar
2025-09-28 05:30:00+00:00,19.0,28.0,33.6,52.0,4.05,250.0,5662,Nehru Nagar
2025-09-28 06:30:00+00:00,21.0,32.0,34.5,51.5,3.55,244.0,5662,Nehru Nagar
2025-09-28 07:30:00+00:00,20.0,31.0,34.7,53.5,4.63,250.0,5662,Nehru Nagar
2025-09-28 08:30:00+00:00,18.0,27.0,34.9,51.8,4.25,250.0,5662,Nehru Nagar
2025-09-28 09:30:00+00:00,22.0,32.0,35.2,51.3,3.48,244.0,5662,Nehru Nagar
2025-09-28 10:30:00+00:00,20.0,29.0,34.3,54.3,3.5,243.0,5662,Nehru Nagar
2025-09-28 11:30:00+00:00,8.0,12.0,33.0,57.3,3.33,250.0,5662,Nehru Nagar
2025-09-28 12:30:00+00:00,6.5,9.5,32.3,59.8,2.8,252.0,5662,Nehru Nagar
2025-09-28 13:30:00+00:00,11.5,16.5,31.5,64.3,2.08,227.0,5662,Nehru Nagar
2025-09-28 15:30:00+00:00,22.0,34.0,30.9,67.0,2.6,244.0,5662,Nehru Nagar
2025-09-28 16:30:00+00:00,22.5,34.5,30.7,67.3,2.83,245.0,5662,Nehru Nagar
2025-09-28 17:30:00+00:00,23.0,35.0,30.3,68.0,3.05,260.0,5662,Nehru Nagar
2025-09-28 18:30:00+00:00,23.0,35.0,29.8,71.0,2.25,236.0,5662,Nehru Nagar
2025-09-28 19:30:00+00:00,22.5,34.5,29.7,71.5,2.65,252.0,5662,Nehru Nagar
2025-09-28 20:30:00+00:00,22.0,34.0,29.5,73.0,2.23,245.0,5662,Nehru Nagar
2025-09-28 21:30:00+00:00,17.5,26.5,29.2,74.0,2.08,237.0,5662,Nehru Nagar
2025-09-28 22:30:00+00:00,19.5,28.5,28.9,76.8,1.88,242.0,5662,Nehru Nagar
2025-09-28 23:30:00+00:00,34.5,51.5,28.6,78.8,2.18,264.0,5662,Nehru Nagar
2025-09-29 00:30:00+00:00,39.0,59.0,28.9,78.3,2.48,251.0,5662,Nehru Nagar
2025-09-29 01:30:00+00:00,32.5,48.5,30.4,73.8,2.6,219.0,5662,Nehru Nagar
2025-09-29 02:30:00+00:00,33.0,49.0,31.9,68.8,3.0,232.0,5662,Nehru Nagar
2025-09-29 03:30:00+00:00,29.0,43.0,33.1,65.3,2.85,230.0,5662,Nehru Nagar
2025-09-29 04:30:00+00:00,26.0,39.0,34.2,61.0,3.1,219.0,5662,Nehru Nagar
2025-09-29 05:30:00+00:00,34.5,52.5,35.5,55.0,2.75,228.0,5662,Nehru Nagar
2025-09-29 06:30:00+00:00,32.0,48.0,35.7,54.0,2.78,219.0,5662,Nehru Nagar
2025-09-29 07:30:00+00:00,20.5,30.5,35.5,54.5,2.98,258.0,5662,Nehru Nagar
2025-09-29 08:30:00+00:00,14.5,21.5,35.4,54.3,2.6,250.0,5662,Nehru Nagar
2025-09-29 09:30:00+00:00,15.5,23.5,34.7,56.5,2.5,245.0,5662,Nehru Nagar
2025-09-29 10:30:00+00:00,16.0,24.0,33.8,59.5,2.05,172.0,5662,Nehru Nagar
2025-09-29 11:30:00+00:00,19.5,28.5,32.2,64.5,1.45,203.0,5662,Nehru Nagar
2025-09-29 12:30:00+00:00,29.5,44.5,32.0,63.3,0.975,173.0,5662,Nehru Nagar
2025-09-29 13:30:00+00:00,34.5,52.5,32.0,63.0,0.875,106.0,5662,Nehru Nagar
2025-09-29 14:30:00+00:00,31.5,47.5,31.9,65.8,0.6,148.0,5662,Nehru Nagar
2025-09-29 15:30:00+00:00,35.5,53.5,31.7,66.8,0.55,128.0,5662,Nehru Nagar
2025-09-29 16:30:00+00:00,40.5,60.5,31.5,67.5,0.65,176.0,5662,Nehru Nagar
2025-09-29 17:30:00+00:00,38.0,56.0,31.3,69.0,0.65,192.0,5662,Nehru Nagar
2025-09-29 18:30:00+00:00,32.0,48.0,31.1,68.0,0.4,229.0,5662,Nehru Nagar
2025-09-29 19:30:00+00:00,31.5,47.5,30.9,66.8,0.625,206.0,5662,Nehru Nagar
2025-09-29 20:30:00+00:00,33.5,50.5,30.3,74.8,1.1,206.0,5662,Nehru Nagar
2025-09-29 21:30:00+00:00,29.3,43.3,30.3,71.0,0.633,136.0,5662,Nehru Nagar
2025-09-29 22:30:00+00:00,24.7,36.7,30.4,70.7,0.4,201.0,5662,Nehru Nagar
2025-09-29 23:30:00+00:00,26.0,40.0,30.3,70.5,0.45,155.0,5662,Nehru Nagar
2025-09-30 00:30:00+00:00,35.5,53.5,30.5,72.5,0.675,113.0,5662,Nehru Nagar
2025-09-30 01:30:00+00:00,38.0,57.0,31.8,66.8,0.9,195.0,5662,Nehru Nagar
2025-09-30 02:30:00+00:00,39.5,59.5,32.4,66.0,1.58,271.0,5662,Nehru Nagar
2025-09-30 03:30:00+00:00,43.0,65.0,33.8,63.3,1.85,234.0,5662,Nehru Nagar
2025-09-30 04:30:00+00:00,44.5,67.5,30.3,72.5,2.1,253.0,5662,Nehru Nagar
2025-09-30 05:30:00+00:00,34.5,52.5,29.4,76.8,1.13,297.0,5662,Nehru Nagar
2025-09-30 06:30:00+00:00,20.0,31.0,29.3,74.0,2.4,295.0,5662,Nehru Nagar
2025-09-30 07:30:00+00:00,15.5,23.5,26.0,79.3,2.7,196.0,5662,Nehru Nagar
2025-09-30 08:30:00+00:00,11.0,16.0,25.3,79.8,2.55,347.0,5662,Nehru Nagar
2025-09-30 09:30:00+00:00,12.5,18.5,26.0,81.3,1.95,332.0,5662,Nehru Nagar
2025-09-30 10:30:00+00:00,9.5,14.5,25.9,82.0,1.3,309.0,5662,Nehru Nagar
2025-09-30 11:30:00+00:00,3.0,5.0,26.1,82.0,0.9,240.0,5662,Nehru Nagar
2025-09-30 12:30:00+00:00,20.5,30.5,26.4,83.0,1.3,127.0,5662,Nehru Nagar
2025-09-30 13:30:00+00:00,29.0,43.0,25.9,83.0,2.33,86.3,5662,Nehru Nagar
2025-09-30 14:30:00+00:00,18.0,27.0,26.0,82.8,1.88,106.0,5662,Nehru Nagar
2025-09-30 15:30:00+00:00,15.3,23.3,26.2,82.0,1.2,253.0,5662,Nehru Nagar
2025-09-30 16:30:00+00:00,16.0,24.0,26.2,82.0,2.0,283.0,5662,Nehru Nagar
2025-09-30 17:30:00+00:00,18.0,26.0,26.2,82.0,2.55,207.0,5662,Nehru Nagar
2025-09-30 18:30:00+00:00,13.0,19.0,26.3,83.0,0.9,285.0,5662,Nehru Nagar
2025-09-30 19:30:00+00:00,16.0,24.0,26.3,82.3,0.9,300.0,5662,Nehru Nagar
2025-09-30 20:30:00+00:00,19.5,29.5,26.4,82.8,1.05,350.0,5662,Nehru Nagar
2025-09-30 21:30:00+00:00,12.5,18.5,26.1,83.0,1.55,319.0,5662,Nehru Nagar
2025-09-30 22:30:00+00:00,8.0,12.0,25.9,83.0,1.65,334.0,5662,Nehru Nagar
2025-09-30 23:30:00+00:00,11.5,17.5,25.7,83.0,1.15,278.0,5662,Nehru Nagar
2025-10-01 00:30:00+00:00,12.5,18.5,24.7,83.0,1.15,260.0,5662,Nehru Nagar
2025-10-01 01:30:00+00:00,9.5,13.5,25.4,83.0,0.8,192.0,5662,Nehru Nagar
2025-10-01 02:30:00+00:00,19.5,29.5,26.6,81.8,0.5,107.0,5662,Nehru Nagar
2025-10-01 03:30:00+00:00,30.0,46.0,27.8,82.3,1.23,98.7,5662,Nehru Nagar
2025-10-01 04:30:00+00:00,26.0,39.3,31.1,73.3,1.2,115.0,5662,Nehru Nagar
2025-10-01 05:30:00+00:00,14.5,21.5,33.0,56.0,1.25,176.0,5662,Nehru Nagar
2025-10-01 06:30:00+00:00,12.5,19.5,33.9,54.0,1.33,171.0,5662,Nehru Nagar
2025-10-01 07:30:00+00:00,19.5,29.5,34.3,48.5,1.53,244.0,5662,Nehru Nagar
2025-10-01 08:30:00+00:00,24.0,35.3,33.1,53.0,1.47,314.0,5662,Nehru Nagar
2025-10-01 09:30:00+00:00,28.0,41.0,32.4,59.0,1.55,330.0,5662,Nehru Nagar
2025-10-01 10:30:00+00:00,24.0,35.0,31.3,65.3,1.33,358.0,5662,Nehru Nagar
2025-10-01 13:30:00+00:00,33.0,50.0,29.9,72.0,0.35,298.0,5662,Nehru Nagar
2025-10-01 14:30:00+00:00,46.0,70.0,29.9,72.3,0.3,115.0,5662,Nehru Nagar
2025-10-01 15:30:00+00:00,45.0,68.0,29.7,73.8,0.3,63.5,5662,Nehru Nagar
2025-10-01 16:30:00+00:00,45.7,68.3,29.4,67.3,0.4,95.3,5662,Nehru Nagar
2025-10-01 17:30:00+00:00,49.0,73.0,28.9,74.5,0.4,236.0,5662,Nehru Nagar
2025-10-01 18:30:00+00:00,74.0,110.0,29.0,75.0,0.4,66.0,5662,Nehru Nagar
2025-10-01 19:30:00+00:00,43.5,64.5,28.8,75.3,0.475,75.5,5662,Nehru Nagar
2025-10-01 20:30:00+00:00,13.5,19.5,28.6,76.8,0.5,97.5,5662,Nehru Nagar
2025-10-01 21:30:00+00:00,17.5,25.5,28.4,78.8,0.325,144.0,5662,Nehru Nagar
2025-10-01 22:30:00+00:00,20.5,30.5,28.2,80.5,0.6,296.0,5662,Nehru Nagar
2025-10-01 23:30:00+00:00,17.0,26.0,28.0,80.3,0.9,239.0,5662,Nehru Nagar
2025-10-02 00:30:00+00:00,16.5,25.5,28.0,78.0,0.875,232.0,5662,Nehru Nagar
2025-10-02 01:30:00+00:00,20.5,30.5,28.0,78.5,3.35,254.0,5662,Nehru Nagar
2025-10-02 02:30:00+00:00,16.0,23.0,28.4,74.8,3.58,247.0,5662,Nehru Nagar
2025-10-02 03:30:00+00:00,9.0,13.0,28.1,70.8,3.38,239.0,5662,Nehru Nagar
2025-10-02 04:30:00+00:00,6.0,9.0,28.1,71.5,3.08,247.0,5662,Nehru Nagar
2025-10-02 05:30:00+00:00,9.5,14.5,29.1,68.5,3.93,247.0,5662,Nehru Nagar
2025-10-02 06:30:00+00:00,9.5,14.5,29.6,67.0,3.65,240.0,5662,Nehru Nagar
2025-10-02 07:30:00+00:00,5.0,7.0,31.0,61.3,3.35,250.0,5662,Nehru Nagar
2025-10-02 08:30:00+00:00,10.0,14.0,30.8,61.8,2.03,227.0,5662,Nehru Nagar
2025-10-02 09:30:00+00:00,13.0,19.0,30.2,64.0,2.15,240.0,5662,Nehru Nagar
2025-10-02 10:30:00+00:00,13.0,20.0,29.8,67.8,2.03,242.0,5662,Nehru Nagar
2025-10-02 11:30:00+00:00,16.0,25.0,29.5,70.0,1.53,243.0,5662,Nehru Nagar
2025-10-02 12:30:00+00:00,19.0,29.0,28.9,73.0,1.38,224.0,5662,Nehru Nagar
2025-10-02 13:30:00+00:00,25.0,37.0,28.6,74.8,1.73,250.0,5662,Nehru Nagar
2025-10-02 14:30:00+00:00,25.5,37.5,28.5,74.3,2.65,250.0,5662,Nehru Nagar
2025-10-02 15:30:00+00:00,20.0,30.0,27.8,76.0,2.75,243.0,5662,Nehru Nagar
2025-10-02 16:30:00+00:00,21.0,32.0,27.4,77.3,2.15,231.0,5662,Nehru Nagar
2025-10-02 17:30:00+00:00,24.0,36.0,26.9,78.0,2.37,247.0,5662,Nehru Nagar
2025-10-02 18:30:00+00:00,16.0,24.0,26.6,77.0,1.9,249.0,5662,Nehru Nagar
2025-10-02 19:30:00+00:00,15.0,22.0,26.4,83.3,1.85,220.0,5662,Nehru Nagar
2025-10-02 20:30:00+00:00,14.0,20.0,26.3,84.0,1.93,238.0,5662,Nehru Nagar
2025-10-02 21:30:00+00:00,14.0,20.0,26.1,84.0,2.13,248.0,5662,Nehru Nagar
2025-10-02 22:30:00+00:00,19.5,28.5,25.9,84.0,2.0,220.0,5662,Nehru Nagar
2025-10-02 23:30:00+00:00,37.5,55.5,25.8,83.8,1.95,235.0,5662,Nehru Nagar
2025-10-03 00:30:00+00:00,36.0,54.0,25.8,85.0,1.75,229.0,5662,Nehru Nagar
2025-10-03 01:30:00+00:00,20.5,31.5,26.2,84.3,2.9,242.0,5662,Nehru Nagar
2025-10-03 02:30:00+00:00,18.5,27.5,26.9,82.8,2.65,226.0,5662,Nehru Nagar
2025-10-03 03:30:00+00:00,15.5,22.5,27.9,79.3,2.75,242.0,5662,Nehru Nagar
2025-10-03 04:30:00+00:00,17.0,25.0,28.8,74.8,2.4,225.0,5662,Nehru Nagar
2025-10-03 05:30:00+00:00,20.0,30.0,29.2,73.0,2.85,259.0,5662,Nehru Nagar
2025-10-03 06:30:00+00:00,18.5,28.5,30.4,71.3,2.45,234.0,5662,Nehru Nagar
2025-10-03 07:30:00+00:00,20.0,31.0,32.2,62.5,2.55,251.0,5662,Nehru Nagar
2025-10-03 08:30:00+00:00,18.0,27.0,32.0,58.3,3.1,222.0,5662,Nehru Nagar
2025-10-03 09:30:00+00:00,14.0,21.0,31.2,57.5,3.33,228.0,5662,Nehru Nagar
2025-10-03 10:30:00+00:00,16.0,24.0,30.8,58.8,2.3,238.0,5662,Nehru Nagar
2025-10-03 11:30:00+00:00,20.5,30.5,30.3,61.5,1.83,233.0,5662,Nehru Nagar
2025-10-03 12:30:00+00:00,16.5,24.5,26.7,75.5,2.65,258.0,5662,Nehru Nagar
2025-10-03 13:30:00+00:00,9.0,13.0,26.5,81.8,0.575,242.0,5662,Nehru Nagar
2025-10-03 14:30:00+00:00,12.5,18.5,26.8,82.8,1.1,207.0,5662,Nehru Nagar
2025-10-03 15:30:00+00:00,16.0,24.0,27.0,83.0,0.65,248.0,5662,Nehru Nagar
2025-10-03 16:30:00+00:00,13.0,20.0,27.1,83.0,1.78,248.0,5662,Nehru Nagar
2025-10-03 17:30:00+00:00,13.3,20.0,26.7,83.0,2.87,242.0,5662,Nehru Nagar
2025-10-03 18:30:00+00:00,5.0,7.0,26.2,83.0,1.05,258.0,5662,Nehru Nagar
2025-10-03 19:30:00+00:00,5.0,7.0,26.2,83.0,1.7,261.0,5662,Nehru Nagar
2025-10-03 20:30:00+00:00,5.5,7.5,26.1,84.0,1.93,280.0,5662,Nehru Nagar
2025-10-03 21:30:00+00:00,6.0,8.0,26.1,84.0,2.68,234.0,5662,Nehru Nagar
2025-10-03 22:30:00+00:00,5.5,7.5,25.6,83.5,1.35,232.0,5662,Nehru Nagar
2025-10-03 23:30:00+00:00,5.5,8.5,25.8,84.0,1.78,248.0,5662,Nehru Nagar
2025-10-04 00:30:00+00:00,6.0,9.0,25.8,84.0,1.68,254.0,5662,Nehru Nagar
2025-10-04 01:30:00+00:00,6.5,9.5,26.2,84.0,1.9,262.0,5662,Nehru Nagar
2025-10-04 02:30:00+00:00,8.5,12.5,26.1,84.0,2.6,230.0,5662,Nehru Nagar
2025-10-04 03:30:00+00:00,9.5,13.5,25.9,84.8,1.95,251.0,5662,Nehru Nagar
2025-10-04 04:30:00+00:00,15.0,22.0,27.0,84.8,0.675,258.0,5662,Nehru Nagar
2025-10-04 05:30:00+00:00,16.5,24.5,28.1,82.3,2.03,288.0,5662,Nehru Nagar
2025-10-04 06:30:00+00:00,9.0,14.0,26.9,81.5,1.8,273.0,5662,Nehru Nagar
2025-10-04 07:30:00+00:00,5.67,9.0,29.6,76.7,1.23,288.0,5662,Nehru Nagar
2025-10-04 08:30:00+00:00,4.33,6.33,32.6,62.3,1.4,259.0,5662,Nehru Nagar
2025-10-04 09:30:00+00:00,4.0,6.0,32.3,61.0,1.93,323.0,5662,Nehru Nagar
2025-10-04 12:30:00+00:00,17.0,25.0,29.1,73.3,0.525,236.0,5662,Nehru Nagar
2025-10-04 13:30:00+00:00,43.0,64.0,28.7,75.3,0.725,92.3,5662,Nehru Nagar
2025-10-04 14:30:00+00:00,47.5,70.5,28.2,76.3,0.825,101.0,5662,Nehru Nagar
2025-10-04 15:30:00+00:00,15.0,22.0,27.8,77.3,0.7,130.0,5662,Nehru Nagar
2025-10-04 16:30:00+00:00,9.5,14.5,27.6,78.0,0.725,101.0,5662,Nehru Nagar
2025-10-04 17:30:00+00:00,15.0,23.0,27.4,78.5,0.85,132.0,5662,Nehru Nagar
2025-10-04 18:30:00+00:00,10.0,16.0,27.1,80.0,0.85,144.0,5662,Nehru Nagar
2025-10-04 19:30:00+00:00,10.0,16.0,26.9,74.0,0.95,139.0,5662,Nehru Nagar
2025-10-04 20:30:00+00:00,10.0,15.0,26.6,76.5,1.05,129.0,5662,Nehru Nagar
2025-10-04 21:30:00+00:00,9.5,13.5,26.5,82.5,0.925,168.0,5662,Nehru Nagar
2025-10-04 22:30:00+00:00,20.0,30.0,26.3,83.0,0.8,167.0,5662,Nehru Nagar
2025-10-04 23:30:00+00:00,23.5,35.5,26.1,83.8,1.05,83.3,5662,Nehru Nagar
2025-10-05 00:30:00+00:00,11.0,17.0,26.5,83.8,0.9,168.0,5662,Nehru Nagar
2025-10-05 01:30:00+00:00,12.7,19.3,28.5,80.7,1.2,155.0,5662,Nehru Nagar
2025-10-05 02:30:00+00:00,13.0,19.0,30.3,73.3,1.78,195.0,5662,Nehru Nagar
2025-10-05 03:30:00+00:00,16.5,25.0,32.1,67.0,2.0,235.0,5662,Nehru Nagar
2025-10-05 04:30:00+00:00,24.0,36.5,33.5,60.3,2.08,235.0,5662,Nehru Nagar
2025-10-05 05:30:00+00:00,30.0,45.5,34.8,50.3,2.53,235.0,5662,Nehru Nagar
2025-10-05 06:30:00+00:00,30.0,45.5,35.1,42.0,3.18,292.0,5662,Nehru Nagar
2025-10-05 07:30:00+00:00,34.0,51.5,34.7,46.0,3.75,318.0,5662,Nehru Nagar
2025-10-05 08:30:00+00:00,42.5,64.0,34.4,50.3,3.63,321.0,5662,Nehru Nagar
2025-10-05 09:30:00+00:00,47.0,70.5,34.1,49.0,2.88,322.0,5662,Nehru Nagar
2025-10-05 10:30:00+00:00,46.0,69.0,33.2,54.5,2.13,310.0,5662,Nehru Nagar
2025-10-05 11:30:00+00:00,46.0,69.0,32.2,58.0,1.05,227.0,5662,Nehru Nagar
2025-10-05 12:30:00+00:00,56.0,84.0,31.6,61.0,0.8,167.0,5662,Nehru Nagar
2025-10-05 13:30:00+00:00,77.5,117.0,31.0,67.0,0.825,75.8,5662,Nehru Nagar
2025-10-05 14:30:00+00:00,89.0,134.0,30.6,67.3,0.9,112.0,5662,Nehru Nagar
2025-10-05 15:30:00+00:00,81.0,122.0,30.2,67.5,0.7,99.8,5662,Nehru Nagar
2025-10-05 16:30:00+00:00,72.0,109.0,29.8,67.5,0.375,50.3,5662,Nehru Nagar
2025-10-05 17:30:00+00:00,67.0,101.0,29.4,72.0,0.3,142.0,5662,Nehru Nagar
2025-10-05 18:30:00+00:00,69.0,104.0,29.4,71.0,1.15,158.0,5662,Nehru Nagar
2025-10-05 19:30:00+00:00,53.5,80.5,28.7,73.5,1.38,216.0,5662,Nehru Nagar
2025-10-05 20:30:00+00:00,37.5,56.5,28.1,73.8,2.2,289.0,5662,Nehru Nagar
2025-10-05 21:30:00+00:00,31.0,47.0,27.8,73.5,1.88,315.0,5662,Nehru Nagar
2025-10-05 22:30:00+00:00,27.5,41.5,27.4,75.5,1.33,351.0,5662,Nehru Nagar
2025-10-05 23:30:00+00:00,23.5,35.5,27.1,74.0,1.43,353.0,5662,Nehru Nagar
2025-10-06 00:30:00+00:00,19.5,29.5,27.1,75.8,1.2,330.0,5662,Nehru Nagar
2025-10-06 01:30:00+00:00,22.0,33.0,27.8,74.5,1.83,321.0,5662,Nehru Nagar
2025-10-06 02:30:00+00:00,26.0,39.0,29.8,66.0,2.23,307.0,5662,Nehru Nagar
2025-10-06 03:30:00+00:00,26.0,39.0,31.8,54.5,2.18,317.0,5662,Nehru Nagar
2025-10-06 04:30:00+00:00,20.0,30.0,32.9,52.0,2.2,290.0,5662,Nehru Nagar
2025-10-06 05:30:00+00:00,28.7,43.0,34.3,45.7,1.67,239.0,5662,Nehru Nagar
2025-10-06 06:30:00+00:00,36.0,54.0,35.7,41.0,1.33,232.0,5662,Nehru Nagar
2025-10-06 07:30:00+00:00,41.5,62.5,36.1,39.5,1.53,167.0,5662,Nehru Nagar
2025-10-06 08:30:00+00:00,41.0,62.0,36.3,43.0,1.88,168.0,5662,Nehru Nagar
2025-10-06 09:30:00+00:00,38.0,57.5,35.8,43.8,1.7,134.0,5662,Nehru Nagar
2025-10-06 10:30:00+00:00,34.0,51.5,33.9,49.5,1.5,141.0,5662,Nehru Nagar
2025-10-06 11:30:00+00:00,28.0,42.5,32.5,53.3,0.875,163.0,5662,Nehru Nagar
2025-10-06 12:30:00+00:00,33.5,50.5,31.4,59.0,1.9,275.0,5662,Nehru Nagar
2025-10-06 13:30:00+00:00,45.3,68.0,28.7,61.0,2.33,223.0,5662,Nehru Nagar
2025-10-06 14:30:00+00:00,42.0,63.0,27.1,67.5,1.5,294.0,5662,Nehru Nagar
2025-10-06 15:30:00+00:00,31.5,47.5,26.1,78.8,2.0,241.0,5662,Nehru Nagar
2025-10-06 16:30:00+00:00,25.5,38.5,25.8,81.0,1.78,238.0,5662,Nehru Nagar
2025-10-06 17:30:00+00:00,24.0,36.0,25.7,81.0,1.6,256.0,5662,Nehru Nagar
2025-10-06 18:30:00+00:00,32.0,48.0,25.7,78.5,1.95,203.0,5662,Nehru Nagar
2025-10-06 19:30:00+00:00,30.5,46.0,25.9,76.0,1.15,240.0,5662,Nehru Nagar
2025-10-06 20:30:00+00:00,27.0,41.0,25.5,76.3,2.2,240.0,5662,Nehru Nagar
2025-10-06 21:30:00+00:00,23.0,35.0,24.9,77.0,1.98,223.0,5662,Nehru Nagar
2025-10-06 22:30:00+00:00,23.5,35.5,24.5,79.8,1.73,208.0,5662,Nehru Nagar
2025-10-06 23:30:00+00:00,25.0,37.5,24.6,80.0,1.43,203.0,5662,Nehru Nagar
2025-10-07 00:30:00+00:00,26.0,39.0,25.0,80.8,1.13,231.0,5662,Nehru Nagar
2025-10-07 01:30:00+00:00,30.5,46.0,25.5,80.0,1.05,196.0,5662,Nehru Nagar
2025-10-07 02:30:00+00:00,41.5,62.5,27.7,76.8,1.48,173.0,5662,Nehru Nagar
2025-10-07 03:30:00+00:00,46.0,69.3,29.5,71.0,2.07,177.0,5662,Nehru Nagar
2025-10-07 04:30:00+00:00,40.0,60.5,30.4,67.0,2.03,163.0,5662,Nehru Nagar
2025-10-07 05:30:00+00:00,47.5,71.5,31.8,62.5,2.0,135.0,5662,Nehru Nagar
2025-10-07 06:30:00+00:00,44.5,67.0,32.7,59.0,1.83,178.0,5662,Nehru Nagar
2025-10-07 07:30:00+00:00,26.5,40.0,32.3,60.5,1.93,298.0,5662,Nehru Nagar
2025-10-07 08:30:00+00:00,19.0,28.5,32.8,57.5,1.88,283.0,5662,Nehru Nagar
2025-10-07 09:30:00+00:00,17.0,25.5,31.8,57.3,2.3,333.0,5662,Nehru Nagar
2025-10-07 10:30:00+00:00,19.5,29.5,30.9,59.0,1.63,347.0,5662,Nehru Nagar
2025-10-07 11:30:00+00:00,26.0,39.5,30.1,62.8,1.45,351.0,5662,Nehru Nagar
2025-10-07 12:30:00+00:00,42.0,63.5,29.3,68.8,1.58,316.0,5662,Nehru Nagar
2025-10-07 13:30:00+00:00,54.5,82.0,28.8,73.5,1.7,254.0,5662,Nehru Nagar
2025-10-07 14:30:00+00:00,56.0,84.3,28.2,74.3,1.97,211.0,5662,Nehru Nagar
2025-10-07 15:30:00+00:00,51.5,77.5,27.6,78.5,1.6,198.0,5662,Nehru Nagar
2025-10-07 16:30:00+00:00,46.0,69.0,27.1,79.8,1.28,201.0,5662,Nehru Nagar
2025-10-07 17:30:00+00:00,44.0,66.0,27.1,80.0,1.5,192.0,5662,Nehru Nagar
2025-10-07 18:30:00+00:00,51.0,77.0,27.2,77.0,1.05,191.0,5662,Nehru Nagar
2025-10-07 19:30:00+00:00,39.0,59.0,27.1,77.3,0.525,197.0,5662,Nehru Nagar
2025-10-07 20:30:00+00:00,26.5,40.0,26.7,81.5,0.875,133.0,5662,Nehru Nagar
2025-10-07 21:30:00+00:00,23.5,35.5,25.6,83.8,1.85,95.5,5662,Nehru Nagar
2025-10-07 22:30:00+00:00,18.5,28.0,25.3,84.8,0.975,156.0,5662,Nehru Nagar
2025-10-07 23:30:00+00:00,16.0,24.0,25.1,84.5,1.38,192.0,5662,Nehru Nagar
2025-10-08 00:30:00+00:00,26.5,40.0,25.1,82.3,1.45,221.0,5662,Nehru Nagar
2025-10-08 01:30:00+00:00,28.5,43.0,25.4,81.5,2.03,284.0,5662,Nehru Nagar
2025-10-08 02:30:00+00:00,18.0,27.0,26.0,79.8,1.38,320.0,5662,Nehru Nagar
2025-10-08 03:30:00+00:00,13.0,19.5,27.9,76.0,1.65,299.0,5662,Nehru Nagar
2025-10-08 04:30:00+00:00,13.5,20.5,29.9,70.3,1.7,249.0,5662,Nehru Nagar
2025-10-08 05:30:00+00:00,32.5,49.0,30.9,66.3,2.05,278.0,5662,Nehru Nagar
2025-10-08 06:30:00+00:00,36.0,54.0,30.9,64.3,2.05,280.0,5662,Nehru Nagar
2025-10-08 07:30:00+00:00,25.0,37.5,30.9,64.8,1.78,271.0,5662,Nehru Nagar
2025-10-08 08:30:00+00:00,30.5,46.0,32.2,57.3,2.33,252.0,5662,Nehru Nagar
2025-10-08 09:30:00+00:00,32.5,49.0,31.9,56.5,1.55,283.0,5662,Nehru Nagar
2025-10-08 10:30:00+00:00,35.0,52.5,30.7,63.5,1.2,244.0,5662,Nehru Nagar
2025-10-08 11:30:00+00:00,39.5,59.5,29.9,66.0,0.875,306.0,5662,Nehru Nagar
2025-10-08 12:30:00+00:00,41.5,62.5,29.0,68.5,1.68,345.0,5662,Nehru Nagar
2025-10-08 13:30:00+00:00,39.0,58.5,27.8,71.5,1.88,317.0,5662,Nehru Nagar
2025-10-08 14:30:00+00:00,36.5,55.0,27.8,70.3,1.0,268.0,5662,Nehru Nagar
2025-10-08 15:30:00+00:00,46.0,69.5,27.3,71.8,1.58,348.0,5662,Nehru Nagar
2025-10-08 16:30:00+00:00,43.0,65.0,26.8,72.0,1.85,342.0,5662,Nehru Nagar
2025-10-08 17:30:00+00:00,33.0,50.0,26.3,74.5,1.85,351.0,5662,Nehru Nagar
2025-10-08 18:30:00+00:00,41.0,62.0,25.5,77.5,1.6,332.0,5662,Nehru Nagar
2025-10-08 19:30:00+00:00,35.5,53.5,25.1,78.0,1.85,349.0,5662,Nehru Nagar
2025-10-08 20:30:00+00:00,31.0,46.7,24.7,78.0,1.97,349.0,5662,Nehru Nagar
2025-10-08 21:30:00+00:00,30.5,46.0,24.2,78.0,1.85,345.0,5662,Nehru Nagar
2025-10-08 22:30:00+00:00,32.0,48.0,24.0,78.0,1.45,343.0,5662,Nehru Nagar
2025-10-08 23:30:00+00:00,38.5,58.0,23.8,79.3,1.83,346.0,5662,Nehru Nagar
2025-10-09 00:30:00+00:00,38.5,58.0,24.0,80.8,1.53,329.0,5662,Nehru Nagar
2025-10-09 01:30:00+00:00,37.5,56.5,25.5,76.8,1.75,328.0,5662,Nehru Nagar
2025-10-09 02:30:00+00:00,37.0,56.0,27.2,70.0,2.23,313.0,5662,Nehru Nagar
2025-10-09 03:30:00+00:00,34.5,52.0,28.4,64.3,2.83,320.0,5662,Nehru Nagar
2025-10-09 04:30:00+00:00,33.5,50.5,29.5,59.5,2.9,325.0,5662,Nehru Nagar
2025-10-09 05:30:00+00:00,35.0,53.0,30.3,55.0,3.08,317.0,5662,Nehru Nagar
2025-10-09 06:30:00+00:00,46.5,70.0,31.0,49.0,3.1,313.0,5662,Nehru Nagar
2025-10-09 07:30:00+00:00,65.0,97.5,31.8,47.0,2.68,290.0,5662,Nehru Nagar
2025-10-09 08:30:00+00:00,63.5,95.5,31.6,46.3,2.98,312.0,5662,Nehru Nagar
2025-10-09 09:30:00+00:00,51.5,77.5,31.1,47.5,2.85,328.0,5662,Nehru Nagar
2025-10-09 10:30:00+00:00,54.0,81.0,30.0,47.7,2.5,327.0,5662,Nehru Nagar
2025-10-09 11:30:00+00:00,61.0,91.5,28.8,51.8,1.3,287.0,5662,Nehru Nagar
2025-10-09 12:30:00+00:00,73.5,111.0,28.1,55.5,0.95,177.0,5662,Nehru Nagar
2025-10-09 13:30:00+00:00,90.0,136.0,27.4,58.3,0.8,275.0,5662,Nehru Nagar
2025-10-09 14:30:00+00:00,89.5,135.0,26.9,59.8,0.8,267.0,5662,Nehru Nagar
2025-10-09 15:30:00+00:00,91.5,138.0,26.4,62.5,0.75,240.0,5662,Nehru Nagar
2025-10-09 16:30:00+00:00,88.0,133.0,25.8,65.3,0.45,293.0,5662,Nehru Nagar
2025-10-09 17:30:00+00:00,79.0,119.0,25.5,67.0,0.55,296.0,5662,Nehru Nagar
2025-10-09 18:30:00+00:00,56.0,84.0,24.8,70.5,0.5,294.0,5662,Nehru Nagar
2025-10-09 19:30:00+00:00,54.0,81.0,24.7,71.3,0.75,319.0,5662,Nehru Nagar
2025-10-09 20:30:00+00:00,54.0,81.0,24.3,72.5,0.85,331.0,5662,Nehru Nagar
2025-10-09 21:30:00+00:00,57.3,86.0,24.2,73.0,1.07,330.0,5662,Nehru Nagar
2025-10-09 22:30:00+00:00,50.5,76.0,24.0,73.0,1.43,343.0,5662,Nehru Nagar
2025-10-09 23:30:00+00:00,46.0,69.5,23.7,74.0,1.23,350.0,5662,Nehru Nagar
2025-10-10 00:30:00+00:00,52.5,79.0,24.0,75.0,1.08,316.0,5662,Nehru Nagar
2025-10-10 01:30:00+00:00,63.5,95.5,26.0,70.0,1.48,321.0,5662,Nehru Nagar
2025-10-10 02:30:00+00:00,61.0,92.0,27.7,63.8,1.7,321.0,5662,Nehru Nagar
2025-10-10 03:30:00+00:00,50.0,75.5,29.6,59.0,1.7,285.0,5662,Nehru Nagar
2025-10-10 04:30:00+00:00,45.7,68.7,30.5,51.3,2.6,316.0,5662,Nehru Nagar
2025-10-10 05:30:00+00:00,43.5,65.5,31.3,47.3,2.63,296.0,5662,Nehru Nagar
2025-10-10 06:30:00+00:00,39.0,59.0,31.5,45.5,2.4,313.0,5662,Nehru Nagar
2025-10-10 07:30:00+00:00,36.0,54.5,31.6,43.3,2.68,321.0,5662,Nehru Nagar
2025-10-10 08:30:00+00:00,44.3,66.7,31.6,42.7,2.53,327.0,5662,Nehru Nagar
2025-10-10 09:30:00+00:00,42.5,64.0,31.5,40.8,2.35,332.0,5662,Nehru Nagar
2025-10-10 10:30:00+00:00,37.0,56.0,31.1,44.0,2.0,337.0,5662,Nehru Nagar
2025-10-10 13:30:00+00:00,80.5,121.0,27.2,56.8,0.325,35.5,5662,Nehru Nagar
2025-10-10 14:30:00+00:00,103.0,154.0,26.7,59.5,0.375,175.0,5662,Nehru Nagar
2025-10-10 15:30:00+00:00,172.0,258.0,26.0,62.5,0.35,331.0,5662,Nehru Nagar
2025-10-10 16:30:00+00:00,207.0,311.0,25.6,65.3,0.675,351.0,5662,Nehru Nagar
2025-10-10 17:30:00+00:00,200.0,300.0,25.6,62.0,1.3,340.0,5662,Nehru Nagar
2025-10-10 19:30:00+00:00,58.0,87.0,24.4,62.0,1.2,349.0,5662,Nehru Nagar
2025-10-10 20:30:00+00:00,62.0,93.0,24.0,63.8,1.38,352.0,5662,Nehru Nagar
2025-10-10 21:30:00+00:00,64.0,96.3,23.4,66.3,0.5,349.0,5662,Nehru Nagar
2025-10-10 22:30:00+00:00,60.5,91.0,23.3,66.5,0.725,351.0,5662,Nehru Nagar
2025-10-10 23:30:00+00:00,53.5,80.5,22.8,67.3,0.375,350.0,5662,Nehru Nagar
2025-10-11 00:30:00+00:00,55.0,83.0,23.6,65.8,0.5,354.0,5662,Nehru Nagar
2025-10-11 01:30:00+00:00,62.5,94.0,26.4,55.5,0.9,343.0,5662,Nehru Nagar
2025-10-11 02:30:00+00:00,61.0,91.5,27.7,49.5,1.78,335.0,5662,Nehru Nagar
2025-10-11 03:30:00+00:00,54.5,82.0,29.6,45.3,1.75,307.0,5662,Nehru Nagar
2025-10-11 04:30:00+00:00,51.0,77.0,31.1,38.5,2.0,273.0,5662,Nehru Nagar
2025-10-11 05:30:00+00:00,47.0,71.0,31.5,37.0,2.38,291.0,5662,Nehru Nagar
2025-10-11 06:30:00+00:00,35.0,53.0,32.2,34.3,2.23,265.0,5662,Nehru Nagar
2025-10-11 07:30:00+00:00,28.0,42.5,32.0,33.3,2.68,292.0,5662,Nehru Nagar
2025-10-11 08:30:00+00:00,30.0,45.5,32.0,31.8,2.68,312.0,5662,Nehru Nagar
2025-10-11 09:30:00+00:00,34.5,52.0,31.5,32.0,2.53,336.0,5662,Nehru Nagar
2025-10-11 10:30:00+00:00,35.0,52.5,30.1,31.5,2.15,338.0,5662,Nehru Nagar
2025-10-11 11:30:00+00:00,37.0,55.5,28.5,35.0,1.28,352.0,5662,Nehru Nagar
2025-10-11 12:30:00+00:00,49.5,74.5,27.0,42.0,0.5,354.0,5662,Nehru Nagar
2025-10-11 13:30:00+00:00,83.5,126.0,25.7,50.8,0.3,354.0,5662,Nehru Nagar
2025-10-11 14:30:00+00:00,98.0,147.0,25.5,52.3,0.325,347.0,5662,Nehru Nagar
2025-10-11 15:30:00+00:00,104.0,156.0,25.0,57.5,0.325,290.0,5662,Nehru Nagar
2025-10-11 16:30:00+00:00,105.0,158.0,24.9,55.3,0.333,284.0,5662,Nehru Nagar
2025-10-11 17:30:00+00:00,97.0,146.0,24.4,56.0,0.3,354.0,5662,Nehru Nagar
2025-10-11 18:30:00+00:00,86.0,129.0,24.0,56.5,0.3,162.0,5662,Nehru Nagar
2025-10-11 19:30:00+00:00,95.5,144.0,23.7,57.3,0.3,193.0,5662,Nehru Nagar
2025-10-11 20:30:00+00:00,96.0,145.0,23.6,60.5,0.475,125.0,5662,Nehru Nagar
2025-10-11 21:30:00+00:00,122.0,183.0,23.3,59.8,0.575,125.0,5662,Nehru Nagar
2025-10-11 22:30:00+00:00,116.0,174.0,22.8,62.0,0.575,250.0,5662,Nehru Nagar
2025-10-11 23:30:00+00:00,98.7,148.0,22.3,65.7,0.833,225.0,5662,Nehru Nagar
2025-10-12 00:30:00+00:00,137.0,205.0,22.7,65.3,0.4,309.0,5662,Nehru Nagar
2025-10-12 01:30:00+00:00,112.0,168.0,25.9,51.0,0.633,225.0,5662,Nehru Nagar
2025-10-12 02:30:00+00:00,102.0,153.0,28.5,43.5,1.05,224.0,5662,Nehru Nagar
2025-10-12 03:30:00+00:00,105.0,157.0,30.0,40.8,1.3,295.0,5662,Nehru Nagar
2025-10-12 04:30:00+00:00,72.0,109.0,31.2,35.8,1.7,269.0,5662,Nehru Nagar
2025-10-12 05:30:00+00:00,50.5,76.0,31.7,35.3,2.0,284.0,5662,Nehru Nagar
2025-10-12 06:30:00+00:00,45.3,68.0,31.9,34.7,1.93,283.0,5662,Nehru Nagar
2025-10-12 07:30:00+00:00,44.0,66.0,32.4,34.8,1.9,289.0,5662,Nehru Nagar
2025-10-12 08:30:00+00:00,44.0,66.0,31.9,35.3,2.33,313.0,5662,Nehru Nagar
2025-10-12 09:30:00+00:00,45.0,67.5,31.7,35.8,1.93,322.0,5662,Nehru Nagar
2025-10-12 10:30:00+00:00,45.5,68.5,30.3,38.0,1.68,322.0,5662,Nehru Nagar
2025-10-12 11:30:00+00:00,52.5,79.0,28.7,42.5,0.95,346.0,5662,Nehru Nagar
2025-10-12 12:30:00+00:00,72.0,108.0,27.5,48.0,0.35,354.0,5662,Nehru Nagar
2025-10-12 13:30:00+00:00,102.0,153.0,26.5,54.0,0.325,342.0,5662,Nehru Nagar
2025-10-12 14:30:00+00:00,104.0,156.0,26.5,52.8,0.475,342.0,5662,Nehru Nagar
2025-10-12 15:30:00+00:00,104.0,156.0,25.7,57.3,0.35,332.0,5662,Nehru Nagar
2025-10-12 16:30:00+00:00,122.0,183.0,25.4,62.8,0.625,230.0,5662,Nehru Nagar
2025-10-12 17:30:00+00:00,128.0,192.0,24.8,67.5,0.35,269.0,5662,Nehru Nagar
2025-10-12 18:30:00+00:00,131.0,197.0,24.3,70.5,0.5,354.0,5662,Nehru Nagar
2025-10-12 19:30:00+00:00,121.0,182.0,24.3,69.3,0.6,241.0,5662,Nehru Nagar
2025-10-12 20:30:00+00:00,112.0,169.0,24.2,66.3,0.525,99.0,5662,Nehru Nagar
2025-10-12 21:30:00+00:00,99.0,149.0,24.0,63.3,0.4,127.0,5662,Nehru Nagar
2025-10-12 22:30:00+00:00,82.0,124.0,23.6,64.0,0.525,123.0,5662,Nehru Nagar
2025-10-12 23:30:00+00:00,70.0,106.0,23.2,64.8,0.575,126.0,5662,Nehru Nagar
2025-10-13 00:30:00+00:00,73.5,111.0,23.7,65.8,0.9,65.0,5662,Nehru Nagar
2025-10-13 01:30:00+00:00,81.5,123.0,25.8,59.5,1.18,77.8,5662,Nehru Nagar
2025-10-13 02:30:00+00:00,65.0,98.0,28.0,51.3,1.55,102.0,5662,Nehru Nagar
2025-10-13 03:30:00+00:00,54.0,81.5,30.0,47.3,1.58,91.0,5662,Nehru Nagar
2025-10-13 04:30:00+00:00,46.5,70.0,32.0,38.8,1.43,139.0,5662,Nehru Nagar
2025-10-13 05:30:00+00:00,44.0,66.3,32.8,35.7,1.6,247.0,5662,Nehru Nagar
2025-10-13 06:30:00+00:00,45.0,68.0,32.7,36.3,2.1,264.0,5662,Nehru Nagar
2025-10-13 07:30:00+00:00,44.0,66.5,33.0,34.3,2.03,260.0,5662,Nehru Nagar
2025-10-13 08:30:00+00:00,42.0,63.5,33.0,34.5,2.15,319.0,5662,Nehru Nagar
2025-10-13 09:30:00+00:00,39.0,59.0,32.4,37.0,2.1,315.0,5662,Nehru Nagar
2025-10-13 10:30:00+00:00,50.0,75.5,31.2,40.3,1.2,329.0,5662,Nehru Nagar
2025-10-13 11:30:00+00:00,58.5,88.3,29.6,46.0,0.475,345.0,5662,Nehru Nagar
2025-10-13 12:30:00+00:00,56.0,84.0,28.4,47.7,0.3,224.0,5662,Nehru Nagar
2025-10-13 13:30:00+00:00,65.5,97.5,27.8,50.8,0.575,218.0,5662,Nehru Nagar
2025-10-13 14:30:00+00:00,77.7,116.0,27.7,51.7,0.733,167.0,5662,Nehru Nagar
2025-10-13 15:30:00+00:00,84.3,126.0,26.6,56.3,0.5,192.0,5662,Nehru Nagar
2025-10-13 16:30:00+00:00,85.5,129.0,26.1,58.0,0.5,204.0,5662,Nehru Nagar
2025-10-13 17:30:00+00:00,85.7,129.0,25.7,60.0,0.5,251.0,5662,Nehru Nagar
2025-10-13 18:30:00+00:00,80.0,120.0,24.8,65.5,0.3,278.0,5662,Nehru Nagar
2025-10-13 19:30:00+00:00,80.5,121.0,24.4,67.8,0.55,320.0,5662,Nehru Nagar
2025-10-13 20:30:00+00:00,95.0,142.0,23.7,71.5,0.8,298.0,5662,Nehru Nagar
2025-10-13 21:30:00+00:00,103.0,154.0,23.3,73.5,0.85,350.0,5662,Nehru Nagar
2025-10-13 22:30:00+00:00,92.5,139.0,23.0,72.8,0.6,295.0,5662,Nehru Nagar
2025-10-13 23:30:00+00:00,86.5,130.0,23.0,72.5,0.425,262.0,5662,Nehru Nagar
2025-10-14 00:30:00+00:00,103.0,154.0,23.7,73.5,0.7,48.8,5662,Nehru Nagar
2025-10-14 01:30:00+00:00,134.0,200.0,25.5,67.3,0.95,74.0,5662,Nehru Nagar
2025-10-14 02:30:00+00:00,100.0,149.0,28.2,52.7,1.63,93.7,5662,Nehru Nagar
2025-10-14 03:30:00+00:00,57.5,86.5,29.7,47.3,2.3,95.3,5662,Nehru Nagar
2025-10-14 04:30:00+00:00,36.5,55.5,31.2,43.3,2.1,105.0,5662,Nehru Nagar
2025-10-14 05:30:00+00:00,37.0,56.0,32.4,39.3,1.88,169.0,5662,Nehru Nagar
2025-10-14 06:30:00+00:00,48.5,73.5,32.8,38.0,2.03,142.0,5662,Nehru Nagar
2025-10-14 07:30:00+00:00,44.0,67.0,33.2,37.8,1.9,134.0,5662,Nehru Nagar
2025-10-14 10:30:00+00:00,46.0,57.0,31.1,40.5,1.1,260.0,5662,Nehru Nagar
2025-10-14 11:30:00+00:00,47.5,62.0,29.4,43.5,0.775,350.0,5662,Nehru Nagar
2025-10-14 12:30:00+00:00,75.0,112.0,28.0,50.0,0.3,350.0,5662,Nehru Nagar
2025-10-14 13:30:00+00:00,95.5,143.0,27.3,53.8,0.3,350.0,5662,Nehru Nagar
2025-10-14 14:30:00+00:00,107.0,160.0,27.0,56.8,0.5,272.0,5662,Nehru Nagar
2025-10-14 15:30:00+00:00,123.0,185.0,26.3,62.0,0.3,350.0,5662,Nehru Nagar
2025-10-15 07:30:00+00:00,31.3,46.0,33.2,37.0,1.93,262.0,5662,Nehru Nagar
2025-10-15 08:30:00+00:00,33.0,49.0,33.0,35.0,2.3,260.0,5662,Nehru Nagar
2025-10-15 09:30:00+00:00,27.0,41.0,32.7,36.5,1.68,326.0,5662,Nehru Nagar
2025-10-15 10:30:00+00:00,27.5,41.5,30.9,39.5,1.55,343.0,5662,Nehru Nagar
2025-10-15 11:30:00+00:00,36.7,55.3,29.8,43.3,0.567,278.0,5662,Nehru Nagar
2025-10-15 14:30:00+00:00,109.0,164.0,26.6,60.7,0.3,49.0,5662,Nehru Nagar
2025-10-15 15:30:00+00:00,151.0,226.0,26.4,61.0,0.325,43.3,5662,Nehru Nagar
2025-10-15 16:30:00+00:00,185.0,277.0,25.8,64.0,0.367,167.0,5662,Nehru Nagar
2025-10-15 17:30:00+00:00,162.0,243.0,25.6,62.7,0.333,272.0,5662,Nehru Nagar
2025-10-15 18:30:00+00:00,132.0,198.0,25.5,60.5,0.45,181.0,5662,Nehru Nagar
2025-10-15 19:30:00+00:00,116.0,174.0,25.4,59.3,0.875,205.0,5662,Nehru Nagar
2025-10-15 20:30:00+00:00,97.0,145.0,24.9,61.0,0.95,202.0,5662,Nehru Nagar
2025-10-15 21:30:00+00:00,82.5,124.0,24.3,62.5,0.925,275.0,5662,Nehru Nagar
2025-10-15 22:30:00+00:00,69.0,104.0,23.8,65.3,0.6,312.0,5662,Nehru Nagar
2025-10-15 23:30:00+00:00,65.5,97.5,23.6,67.0,0.375,136.0,5662,Nehru Nagar
2025-10-16 00:30:00+00:00,76.0,114.0,24.2,68.0,0.3,314.0,5662,Nehru Nagar
2025-10-16 01:30:00+00:00,84.0,126.0,26.3,61.3,0.675,315.0,5662,Nehru Nagar
2025-10-16 02:30:00+00:00,86.5,130.0,28.6,52.5,1.38,321.0,5662,Nehru Nagar
2025-10-16 03:30:00+00:00,69.5,104.0,30.8,41.8,1.48,311.0,5662,Nehru Nagar
2025-10-16 04:30:00+00:00,50.5,75.5,32.2,36.0,2.33,306.0,5662,Nehru Nagar
2025-10-16 05:30:00+00:00,46.0,69.0,33.1,31.3,2.28,261.0,5662,Nehru Nagar
2025-10-16 06:30:00+00:00,46.5,69.5,33.6,30.0,2.23,296.0,5662,Nehru Nagar
2025-10-16 07:30:00+00:00,32.7,49.3,33.6,29.3,2.4,278.0,5662,Nehru Nagar
2025-10-16 08:30:00+00:00,28.0,42.0,33.9,29.8,1.88,310.0,5662,Nehru Nagar
2025-10-16 09:30:00+00:00,28.5,42.5,33.4,30.3,1.68,289.0,5662,Nehru Nagar
2025-10-16 10:30:00+00:00,34.5,51.5,31.6,34.0,1.15,334.0,5662,Nehru Nagar
2025-10-16 11:30:00+00:00,55.5,82.5,29.8,39.0,0.375,276.0,5662,Nehru Nagar
2025-10-16 12:30:00+00:00,85.5,128.0,28.3,45.8,0.3,205.0,5662,Nehru Nagar
2025-10-16 13:30:00+00:00,103.0,154.0,27.4,50.5,0.3,312.0,5662,Nehru Nagar
2025-10-16 14:30:00+00:00,101.0,152.0,27.3,48.5,0.375,138.0,5662,Nehru Nagar
2025-10-16 15:30:00+00:00,104.0,156.0,26.2,56.3,0.367,90.3,5662,Nehru Nagar
2025-10-16 16:30:00+00:00,127.0,191.0,25.2,64.5,0.325,109.0,5662,Nehru Nagar
2025-10-16 17:30:00+00:00,138.0,208.0,25.5,56.5,0.3,18.0,5662,Nehru Nagar
2025-10-16 18:30:00+00:00,97.0,145.0,24.2,61.5,0.3,350.0,5662,Nehru Nagar
2025-10-16 19:30:00+00:00,95.5,143.0,24.3,59.0,0.425,314.0,5662,Nehru Nagar
2025-10-16 20:30:00+00:00,105.0,157.0,24.1,57.0,0.525,176.0,5662,Nehru Nagar
2025-10-16 21:30:00+00:00,107.0,161.0,23.8,57.0,0.475,220.0,5662,Nehru Nagar
2025-10-16 22:30:00+00:00,96.5,145.0,23.4,57.5,0.4,215.0,5662,Nehru Nagar
2025-10-16 23:30:00+00:00,94.0,140.0,23.4,57.3,0.3,108.0,5662,Nehru Nagar
2025-10-17 00:30:00+00:00,95.5,143.0,23.6,57.5,0.325,348.0,5662,Nehru Nagar
2025-10-17 01:30:00+00:00,102.0,153.0,25.7,51.0,1.05,332.0,5662,Nehru Nagar
2025-10-17 02:30:00+00:00,97.0,146.0,28.2,45.7,1.27,319.0,5662,Nehru Nagar
2025-10-17 03:30:00+00:00,87.5,132.0,30.4,44.3,1.3,304.0,5662,Nehru Nagar
2025-10-17 04:30:00+00:00,78.3,118.0,32.1,43.0,1.47,266.0,5662,Nehru Nagar
2025-10-17 05:30:00+00:00,70.5,106.0,33.5,36.3,1.7,243.0,5662,Nehru Nagar
2025-10-17 06:30:00+00:00,58.5,87.5,34.1,30.8,1.85,253.0,5662,Nehru Nagar
2025-10-17 07:30:00+00:00,45.0,67.0,34.4,31.8,1.7,241.0,5662,Nehru Nagar
2025-10-17 08:30:00+00:00,55.0,83.0,34.2,32.3,1.57,268.0,5662,Nehru Nagar
2025-10-17 09:30:00+00:00,54.5,81.5,34.1,31.8,0.975,231.0,5662,Nehru Nagar
2025-10-17 10:30:00+00:00,58.0,87.0,32.2,34.5,0.5,274.0,5662,Nehru Nagar
2025-10-17 11:30:00+00:00,70.0,106.0,30.1,39.8,0.375,318.0,5662,Nehru Nagar
2025-10-17 12:30:00+00:00,116.0,175.0,28.5,47.8,0.3,350.0,5662,Nehru Nagar
2025-10-17 13:30:00+00:00,155.0,233.0,27.5,52.7,0.3,350.0,5662,Nehru Nagar
2025-10-17 14:30:00+00:00,176.0,264.0,26.7,58.3,0.3,350.0,5662,Nehru Nagar
2025-10-17 15:30:00+00:00,198.0,297.0,26.1,62.0,0.3,350.0,5662,Nehru Nagar
2025-10-17 16:30:00+00:00,217.0,325.0,25.6,65.3,0.3,350.0,5662,Nehru Nagar
2025-10-17 17:30:00+00:00,233.0,349.0,25.3,67.0,0.3,350.0,5662,Nehru Nagar
2025-10-17 18:30:00+00:00,197.0,295.0,25.1,67.5,0.4,351.0,5662,Nehru Nagar
2025-10-17 19:30:00+00:00,202.0,302.0,25.0,68.8,0.375,187.0,5662,Nehru Nagar
2025-10-17 20:30:00+00:00,231.0,346.0,24.9,67.5,0.5,91.5,5662,Nehru Nagar
2025-10-17 21:30:00+00:00,231.0,347.0,24.4,64.8,0.6,125.0,5662,Nehru Nagar
2025-10-17 22:30:00+00:00,181.0,272.0,23.8,65.8,0.35,111.0,5662,Nehru Nagar
2025-10-17 23:30:00+00:00,125.0,188.0,23.8,62.3,0.467,104.0,5662,Nehru Nagar
2025-10-18 00:30:00+00:00,98.0,147.0,24.2,59.5,0.375,87.3,5662,Nehru Nagar
2025-10-18 01:30:00+00:00,140.0,209.0,26.0,55.3,0.575,344.0,5662,Nehru Nagar
2025-10-18 02:30:00+00:00,178.0,266.0,28.3,49.5,1.0,329.0,5662,Nehru Nagar
2025-10-18 03:30:00+00:00,146.0,218.0,30.8,44.5,0.925,260.0,5662,Nehru Nagar
2025-10-18 04:30:00+00:00,117.0,175.0,32.8,38.7,1.47,300.0,5662,Nehru Nagar
2025-10-18 05:30:00+00:00,97.0,146.0,33.9,34.8,1.18,134.0,5662,Nehru Nagar
2025-10-18 06:30:00+00:00,70.5,106.0,34.5,34.5,1.28,199.0,5662,Nehru Nagar
2025-10-18 07:30:00+00:00,62.0,93.0,33.8,36.5,1.25,278.0,5662,Nehru Nagar
2025-10-18 08:30:00+00:00,61.5,92.5,33.3,37.8,1.13,266.0,5662,Nehru Nagar
2025-10-18 09:30:00+00:00,61.0,91.0,33.2,38.3,0.95,320.0,5662,Nehru Nagar
2025-10-18 10:30:00+00:00,72.0,108.0,32.0,42.3,0.325,196.0,5662,Nehru Nagar
2025-10-18 11:30:00+00:00,95.0,143.0,29.9,50.3,0.3,104.0,5662,Nehru Nagar
2025-10-18 12:30:00+00:00,124.0,186.0,28.7,55.8,0.3,108.0,5662,Nehru Nagar
2025-10-18 13:30:00+00:00,155.0,233.0,28.1,59.8,0.3,106.0,5662,Nehru Nagar
2025-10-18 14:30:00+00:00,175.0,263.0,27.9,58.8,0.475,133.0,5662,Nehru Nagar
2025-10-18 15:30:00+00:00,192.0,288.0,27.2,62.8,0.3,134.0,5662,Nehru Nagar
2025-10-18 16:30:00+00:00,203.0,305.0,26.9,64.8,0.325,179.0,5662,Nehru Nagar
2025-10-18 17:30:00+00:00,191.0,286.0,26.8,63.0,0.4,267.0,5662,Nehru Nagar
2025-10-18 18:30:00+00:00,172.0,258.0,26.4,65.0,0.75,246.0,5662,Nehru Nagar
2025-10-18 19:30:00+00:00,209.0,313.0,25.6,71.3,0.6,352.0,5662,Nehru Nagar
2025-10-18 20:30:00+00:00,188.0,282.0,25.3,73.8,0.5,174.0,5662,Nehru Nagar
2025-10-18 21:30:00+00:00,117.0,176.0,25.2,75.0,0.367,133.0,5662,Nehru Nagar
2025-10-18 22:30:00+00:00,106.0,159.0,24.9,74.8,0.3,109.0,5662,Nehru Nagar
2025-10-18 23:30:00+00:00,153.0,229.0,24.5,76.0,0.3,116.0,5662,Nehru Nagar
2025-10-19 00:30:00+00:00,172.0,258.0,24.8,75.3,0.4,56.0,5662,Nehru Nagar
2025-10-19 01:30:00+00:00,149.0,223.0,26.6,70.3,0.7,88.3,5662,Nehru Nagar
2025-10-19 02:30:00+00:00,149.0,223.0,29.8,53.8,0.7,249.0,5662,Nehru Nagar
2025-10-19 03:30:00+00:00,133.0,201.0,31.0,48.0,1.37,300.0,5662,Nehru Nagar
2025-10-19 04:30:00+00:00,110.0,165.0,32.7,42.5,1.25,253.0,5662,Nehru Nagar
2025-10-19 05:30:00+00:00,82.0,122.0,33.3,38.8,1.53,196.0,5662,Nehru Nagar
2025-10-19 06:30:00+00:00,56.0,84.0,33.5,36.3,1.53,252.0,5662,Nehru Nagar
2025-10-19 07:30:00+00:00,49.0,74.0,34.1,36.3,1.55,208.0,5662,Nehru Nagar
2025-10-19 08:30:00+00:00,58.0,87.0,33.3,38.3,1.2,214.0,5662,Nehru Nagar
2025-10-19 09:30:00+00:00,65.0,98.0,32.5,40.8,1.28,195.0,5662,Nehru Nagar
2025-10-19 10:30:00+00:00,61.0,92.0,31.4,44.3,0.975,159.0,5662,Nehru Nagar
2025-10-19 11:30:00+00:00,79.0,119.0,29.7,51.0,0.3,144.0,5662,Nehru Nagar
2025-10-19 12:30:00+00:00,112.0,169.0,28.6,55.0,0.475,251.0,5662,Nehru Nagar
2025-10-19 13:30:00+00:00,149.0,224.0,27.7,61.3,0.3,351.0,5662,Nehru Nagar
2025-10-19 14:30:00+00:00,177.0,266.0,27.6,60.0,0.35,113.0,5662,Nehru Nagar
2025-10-19 15:30:00+00:00,177.0,266.0,27.8,57.8,0.4,93.8,5662,Nehru Nagar
2025-10-19 16:30:00+00:00,159.0,238.0,27.4,57.8,0.35,73.8,5662,Nehru Nagar
2025-10-19 17:30:00+00:00,142.0,212.0,27.0,59.5,0.35,56.0,5662,Nehru Nagar
2025-10-19 18:30:00+00:00,117.0,175.0,26.1,61.0,0.3,85.5,5662,Nehru Nagar
2025-10-19 19:30:00+00:00,113.0,169.0,25.8,64.0,0.45,119.0,5662,Nehru Nagar
2025-10-19 20:30:00+00:00,107.0,160.0,25.3,66.8,0.425,185.0,5662,Nehru Nagar
2025-10-19 21:30:00+00:00,96.5,145.0,25.1,67.3,0.425,98.3,5662,Nehru Nagar
2025-10-19 22:30:00+00:00,96.0,144.0,24.7,67.8,0.3,109.0,5662,Nehru Nagar
2025-10-19 23:30:00+00:00,97.5,146.0,24.6,69.8,0.3,109.0,5662,Nehru Nagar
2025-10-20 00:30:00+00:00,110.0,165.0,24.8,72.8,0.475,323.0,5662,Nehru Nagar
2025-10-20 01:30:00+00:00,133.0,200.0,26.3,71.8,0.9,249.0,5662,Nehru Nagar
2025-10-20 02:30:00+00:00,125.0,188.0,29.0,64.3,0.9,198.0,5662,Nehru Nagar
2025-10-20 03:30:00+00:00,111.0,167.0,30.8,55.0,1.4,236.0,5662,Nehru Nagar
2025-10-20 08:30:00+00:00,33.0,50.0,33.5,42.0,1.5,212.0,5662,Nehru Nagar
2025-10-20 09:30:00+00:00,33.0,50.0,32.8,44.5,1.48,215.0,5662,Nehru Nagar
2025-10-20 10:30:00+00:00,40.0,60.0,31.3,48.0,1.13,179.0,5662,Nehru Nagar
2025-10-20 11:30:00+00:00,68.0,102.0,29.7,55.8,0.325,138.0,5662,Nehru Nagar
2025-10-20 12:30:00+00:00,102.0,152.0,28.6,61.3,0.325,159.0,5662,Nehru Nagar
2025-10-20 13:30:00+00:00,144.0,216.0,27.9,65.3,0.325,161.0,5662,Nehru Nagar
2025-10-20 16:30:00+00:00,542.0,433.0,27.5,64.0,0.567,206.0,5662,Nehru Nagar
2025-10-20 17:30:00+00:00,335.0,502.0,27.3,64.0,0.45,165.0,5662,Nehru Nagar
2025-10-20 18:30:00+00:00,168.0,252.0,26.8,65.0,0.6,176.0,5662,Nehru Nagar
2025-10-20 19:30:00+00:00,152.0,227.0,26.3,66.8,0.325,299.0,5662,Nehru Nagar
2025-10-20 20:30:00+00:00,205.0,307.0,25.7,71.8,0.35,148.0,5662,Nehru Nagar
2025-10-20 21:30:00+00:00,178.0,267.0,25.4,74.0,0.35,243.0,5662,Nehru Nagar
2025-10-20 22:30:00+00:00,101.0,151.0,25.0,75.3,0.925,178.0,5662,Nehru Nagar
2025-10-20 23:30:00+00:00,71.7,108.0,24.6,78.0,1.3,155.0,5662,Nehru Nagar
2025-10-21 00:30:00+00:00,66.0,99.7,24.6,78.0,1.13,177.0,5662,Nehru Nagar
2025-10-21 01:30:00+00:00,87.0,131.0,26.8,71.8,0.75,178.0,5662,Nehru Nagar
2025-10-21 02:30:00+00:00,79.0,119.0,28.5,63.3,1.47,192.0,5662,Nehru Nagar
2025-10-21 03:30:00+00:00,60.5,91.0,30.6,57.5,1.75,215.0,5662,Nehru Nagar
2025-10-21 04:30:00+00:00,56.0,83.7,31.8,52.3,1.63,196.0,5662,Nehru Nagar
2025-10-21 05:30:00+00:00,54.5,81.5,32.3,51.8,1.58,220.0,5662,Nehru Nagar
2025-10-21 06:30:00+00:00,57.5,86.5,32.9,49.5,1.53,234.0,5662,Nehru Nagar
2025-10-21 07:30:00+00:00,58.0,87.0,33.3,48.0,1.4,248.0,5662,Nehru Nagar
2025-10-21 08:30:00+00:00,59.5,89.5,32.6,49.8,1.05,326.0,5662,Nehru Nagar
2025-10-21 09:30:00+00:00,60.0,90.3,31.8,52.7,1.27,306.0,5662,Nehru Nagar
2025-10-21 10:30:00+00:00,62.5,94.0,30.5,59.0,1.43,349.0,5662,Nehru Nagar
2025-10-21 11:30:00+00:00,69.0,104.0,29.9,61.3,0.85,351.0,5662,Nehru Nagar
2025-10-21 12:30:00+00:00,97.0,145.0,29.5,65.3,0.5,192.0,5662,Nehru Nagar
2025-10-21 13:30:00+00:00,142.0,213.0,28.9,68.5,0.375,319.0,5662,Nehru Nagar
2025-10-21 14:30:00+00:00,211.0,316.0,28.7,69.7,0.333,245.0,5662,Nehru Nagar
2025-10-21 15:30:00+00:00,254.0,382.0,28.1,72.0,0.333,295.0,5662,Nehru Nagar
2025-10-21 16:30:00+00:00,257.0,386.0,27.8,73.3,0.425,189.0,5662,Nehru Nagar
2025-10-21 17:30:00+00:00,275.0,413.0,27.5,73.5,0.35,320.0,5662,Nehru Nagar
2025-10-21 18:30:00+00:00,188.0,282.0,27.1,76.5,0.55,275.0,5662,Nehru Nagar
2025-10-21 19:30:00+00:00,156.0,234.0,27.1,77.0,0.4,345.0,5662,Nehru Nagar
2025-10-21 20:30:00+00:00,118.0,177.0,26.6,77.8,1.1,347.0,5662,Nehru Nagar
2025-10-21 21:30:00+00:00,97.7,147.0,27.2,78.8,1.28,351.0,5662,Nehru Nagar
2025-10-21 22:30:00+00:00,80.3,121.0,25.6,80.0,0.975,350.0,5662,Nehru Nagar
2025-10-21 23:30:00+00:00,86.3,130.0,25.5,80.0,1.05,344.0,5662,Nehru Nagar
2025-10-22 00:30:00+00:00,90.3,136.0,25.7,79.3,0.925,351.0,5662,Nehru Nagar
2025-10-22 01:30:00+00:00,90.3,135.0,26.8,76.0,1.13,349.0,5662,Nehru Nagar
2025-10-22 02:30:00+00:00,96.7,145.0,28.5,69.8,1.28,326.0,5662,Nehru Nagar
2025-10-22 03:30:00+00:00,89.3,134.0,31.0,60.0,1.38,238.0,5662,Nehru Nagar
2025-10-22 04:30:00+00:00,69.0,104.0,33.2,50.7,1.2,247.0,5662,Nehru Nagar
2025-10-22 05:30:00+00:00,59.7,90.0,33.3,50.5,1.35,270.0,5662,Nehru Nagar
2025-10-22 06:30:00+00:00,60.0,90.3,33.9,46.5,1.53,302.0,5662,Nehru Nagar
2025-10-22 07:30:00+00:00,59.7,89.7,33.9,43.5,1.28,309.0,5662,Nehru Nagar
2025-10-22 09:30:00+00:00,42.3,63.7,33.8,43.8,1.23,348.0,5662,Nehru Nagar
2025-10-22 10:30:00+00:00,44.0,66.3,32.3,48.0,0.675,351.0,5662,Nehru Nagar
2025-10-22 11:30:00+00:00,49.3,73.7,30.6,56.0,0.3,351.0,5662,Nehru Nagar
2025-10-22 12:30:00+00:00,61.7,91.7,30.2,58.8,0.35,315.0,5662,Nehru Nagar
2025-10-22 13:30:00+00:00,88.7,132.0,29.6,60.8,0.3,329.0,5662,Nehru Nagar
2025-10-22 14:30:00+00:00,128.0,192.0,29.0,62.3,0.467,351.0,5662,Nehru Nagar
2025-10-22 15:30:00+00:00,147.0,221.0,28.7,61.3,0.725,351.0,5662,Nehru Nagar
2025-10-22 16:30:00+00:00,149.0,224.0,28.3,62.3,0.875,330.0,5662,Nehru Nagar
2025-10-22 17:30:00+00:00,146.0,219.0,28.0,63.0,0.85,351.0,5662,Nehru Nagar
2025-10-22 18:30:00+00:00,94.0,141.0,27.1,66.5,0.3,352.0,5662,Nehru Nagar
2025-10-22 19:30:00+00:00,95.0,143.0,26.6,70.0,0.325,347.0,5662,Nehru Nagar
2025-10-22 20:30:00+00:00,90.5,136.0,26.4,72.0,0.35,222.0,5662,Nehru Nagar
2025-10-22 21:30:00+00:00,81.0,121.0,26.0,72.8,0.3,342.0,5662,Nehru Nagar
2025-10-22 22:30:00+00:00,78.0,117.0,25.6,74.5,0.3,352.0,5662,Nehru Nagar
2025-10-22 23:30:00+00:00,75.5,113.0,25.7,74.8,0.375,352.0,5662,Nehru Nagar
2025-10-23 00:30:00+00:00,78.5,117.0,25.8,74.3,0.375,351.0,5662,Nehru Nagar
2025-10-23 01:30:00+00:00,82.0,123.0,27.3,68.8,0.6,338.0,5662,Nehru Nagar
2025-10-23 02:30:00+00:00,78.0,117.0,29.2,58.0,1.3,240.0,5662,Nehru Nagar
2025-10-23 03:30:00+00:00,71.0,106.0,31.6,53.3,0.925,265.0,5662,Nehru Nagar
2025-10-23 04:30:00+00:00,62.5,93.0,33.4,48.5,1.1,259.0,5662,Nehru Nagar
2025-10-23 05:30:00+00:00,56.5,84.5,34.4,42.3,1.25,218.0,5662,Nehru Nagar
2025-10-23 06:30:00+00:00,52.5,79.0,34.7,40.0,1.6,258.0,5662,Nehru Nagar
2025-10-23 07:30:00+00:00,49.0,73.5,34.8,40.0,1.73,244.0,5662,Nehru Nagar
2025-10-23 08:30:00+00:00,46.0,68.5,34.4,40.3,1.73,294.0,5662,Nehru Nagar
2025-10-23 09:30:00+00:00,45.5,67.5,34.4,38.3,0.9,310.0,5662,Nehru Nagar
2025-10-23 10:30:00+00:00,42.0,62.5,32.5,43.0,0.825,351.0,5662,Nehru Nagar
2025-10-23 11:30:00+00:00,46.5,69.5,30.6,51.3,0.3,351.0,5662,Nehru Nagar
2025-10-23 12:30:00+00:00,64.5,97.0,29.4,59.0,0.3,351.0,5662,Nehru Nagar
2025-10-23 13:30:00+00:00,107.0,161.0,28.5,63.5,0.3,351.0,5662,Nehru Nagar
2025-10-23 14:30:00+00:00,151.0,227.0,28.1,64.0,0.3,351.0,5662,Nehru Nagar
2025-10-23 15:30:00+00:00,173.0,260.0,27.9,61.8,0.3,351.0,5662,Nehru Nagar
2025-10-23 16:30:00+00:00,214.0,320.0,27.5,64.8,0.325,329.0,5662,Nehru Nagar
2025-10-23 17:30:00+00:00,244.0,365.0,27.4,65.0,0.35,309.0,5662,Nehru Nagar
2025-10-23 18:30:00+00:00,104.0,156.0,26.8,65.0,0.55,352.0,5662,Nehru Nagar
2025-10-23 19:30:00+00:00,93.5,141.0,26.1,67.0,0.3,352.0,5662,Nehru Nagar
2025-10-23 20:30:00+00:00,80.0,121.0,26.0,69.0,0.35,278.0,5662,Nehru Nagar
2025-10-23 21:30:00+00:00,74.0,111.0,25.8,69.5,0.575,216.0,5662,Nehru Nagar
2025-10-23 22:30:00+00:00,69.5,104.0,25.3,69.5,0.55,352.0,5662,Nehru Nagar
2025-10-23 23:30:00+00:00,73.5,110.0,24.9,69.8,0.875,250.0,5662,Nehru Nagar
2025-10-24 00:30:00+00:00,81.5,122.0,24.8,71.8,0.75,256.0,5662,Nehru Nagar
2025-10-24 01:30:00+00:00,83.0,124.0,26.3,67.3,1.03,212.0,5662,Nehru Nagar
2025-10-24 02:30:00+00:00,78.0,117.0,28.7,60.5,1.03,264.0,5662,Nehru Nagar
2025-10-24 03:30:00+00:00,70.0,105.0,31.2,52.8,1.3,242.0,5662,Nehru Nagar
2025-10-24 04:30:00+00:00,62.0,92.0,32.5,48.8,1.65,266.0,5662,Nehru Nagar
2025-10-24 05:30:00+00:00,50.7,76.0,33.5,39.3,2.17,231.0,5662,Nehru Nagar
2025-10-24 06:30:00+00:00,41.0,61.5,34.5,33.8,2.05,241.0,5662,Nehru Nagar
2025-10-24 07:30:00+00:00,35.5,53.0,35.0,34.3,1.93,262.0,5662,Nehru Nagar
2025-10-24 08:30:00+00:00,34.0,51.0,34.9,34.3,1.6,267.0,5662,Nehru Nagar
2025-10-24 09:30:00+00:00,33.0,49.0,34.0,37.0,1.35,231.0,5662,Nehru Nagar
2025-10-24 10:30:00+00:00,34.5,51.0,32.1,42.0,1.05,186.0,5662,Nehru Nagar
2025-10-24 11:30:00+00:00,39.0,58.5,30.6,47.0,0.6,128.0,5662,Nehru Nagar
2025-10-24 12:30:00+00:00,55.0,83.0,29.4,52.3,0.333,137.0,5662,Nehru Nagar
2025-10-24 13:30:00+00:00,72.0,109.0,28.6,57.0,0.3,110.0,5662,Nehru Nagar
2025-10-24 14:30:00+00:00,96.0,144.0,27.9,62.0,0.325,113.0,5662,Nehru Nagar
2025-10-24 15:30:00+00:00,110.0,165.0,27.5,63.5,0.475,126.0,5662,Nehru Nagar
2025-10-24 16:30:00+00:00,88.5,132.0,27.1,64.5,0.625,246.0,5662,Nehru Nagar
2025-10-24 17:30:00+00:00,66.0,98.0,26.7,66.5,0.85,211.0,5662,Nehru Nagar
2025-10-24 18:30:00+00:00,56.0,84.0,27.0,64.0,0.7,176.0,5662,Nehru Nagar
2025-10-24 19:30:00+00:00,51.5,77.5,26.9,63.5,0.575,228.0,5662,Nehru Nagar
2025-10-24 20:30:00+00:00,49.5,74.5,26.5,64.5,0.65,256.0,5662,Nehru Nagar
2025-10-24 21:30:00+00:00,49.5,74.0,25.8,66.0,0.85,174.0,5662,Nehru Nagar
2025-10-24 22:30:00+00:00,54.0,80.5,25.6,62.0,0.65,170.0,5662,Nehru Nagar
2025-10-24 23:30:00+00:00,75.0,112.0,25.3,61.5,0.575,251.0,5662,Nehru Nagar
2025-10-25 00:30:00+00:00,77.5,116.0,25.2,61.3,0.9,171.0,5662,Nehru Nagar
2025-10-25 01:30:00+00:00,61.5,92.0,26.7,57.5,1.15,200.0,5662,Nehru Nagar
2025-10-25 02:30:00+00:00,53.5,80.5,28.6,48.8,1.68,206.0,5662,Nehru Nagar
2025-10-25 03:30:00+00:00,47.0,70.5,30.1,45.0,1.85,206.0,5662,Nehru Nagar
2025-10-25 04:30:00+00:00,41.3,61.3,31.4,40.3,2.47,226.0,5662,Nehru Nagar
2025-10-25 05:30:00+00:00,37.5,55.5,32.7,36.5,2.08,204.0,5662,Nehru Nagar
2025-10-25 06:30:00+00:00,35.5,52.5,33.8,32.3,1.88,225.0,5662,Nehru Nagar
2025-10-25 07:30:00+00:00,32.5,48.0,34.0,31.3,1.85,223.0,5662,Nehru Nagar
2025-10-25 08:30:00+00:00,32.5,48.0,33.8,32.5,1.95,229.0,5662,Nehru Nagar
2025-10-25 09:30:00+00:00,34.5,51.0,32.7,34.8,2.05,217.0,5662,Nehru Nagar
2025-10-25 10:30:00+00:00,36.3,53.7,31.1,39.0,1.37,241.0,5662,Nehru Nagar
2025-10-25 11:30:00+00:00,44.0,65.0,29.7,43.5,1.2,222.0,5662,Nehru Nagar
2025-10-25 12:30:00+00:00,49.0,73.0,28.6,45.5,1.1,198.0,5662,Nehru Nagar
2025-10-25 13:30:00+00:00,49.5,74.0,28.2,46.8,0.925,194.0,5662,Nehru Nagar
2025-10-25 14:30:00+00:00,50.0,75.0,27.8,49.5,0.95,202.0,5662,Nehru Nagar
2025-10-25 15:30:00+00:00,49.5,74.5,27.3,50.3,1.23,207.0,5662,Nehru Nagar
2025-10-25 16:30:00+00:00,50.0,75.0,26.7,52.3,1.0,188.0,5662,Nehru Nagar
2025-10-25 17:30:00+00:00,50.0,75.0,26.4,54.0,1.05,203.0,5662,Nehru Nagar
2025-10-25 18:30:00+00:00,51.0,77.0,25.8,56.5,1.15,193.0,5662,Nehru Nagar
2025-10-25 19:30:00+00:00,53.0,80.0,25.3,60.5,0.7,161.0,5662,Nehru Nagar
2025-10-25 20:30:00+00:00,53.5,80.5,25.1,59.5,0.85,160.0,5662,Nehru Nagar
2025-10-25 21:30:00+00:00,54.5,81.5,25.2,55.3,1.6,210.0,5662,Nehru Nagar
2025-10-25 22:30:00+00:00,57.5,85.5,24.8,54.8,1.55,206.0,5662,Nehru Nagar
2025-10-25 23:30:00+00:00,56.5,84.0,24.3,57.5,1.68,214.0,5662,Nehru Nagar
2025-10-26 00:30:00+00:00,51.0,76.0,24.4,55.3,2.2,219.0,5662,Nehru Nagar
2025-10-26 01:30:00+00:00,43.0,64.0,26.0,50.8,1.95,200.0,5662,Nehru Nagar
2025-10-26 02:30:00+00:00,40.0,60.0,26.8,51.0,1.78,193.0,5662,Nehru Nagar
2025-10-26 03:30:00+00:00,44.0,66.0,28.6,47.3,2.4,205.0,5662,Nehru Nagar
2025-10-26 04:30:00+00:00,47.0,70.0,29.7,43.0,2.9,198.0,5662,Nehru Nagar
2025-10-26 20:30:00+00:00,65.0,97.0,25.0,64.0,0.9,153.0,5662,Nehru Nagar
2025-10-26 21:30:00+00:00,60.0,89.0,25.2,58.0,1.1,174.0,5662,Nehru Nagar
2025-10-26 22:30:00+00:00,64.7,97.0,24.9,59.7,1.33,217.0,5662,Nehru Nagar
2025-10-26 23:30:00+00:00,69.7,104.0,24.6,64.0,1.03,231.0,5662,Nehru Nagar
2025-10-27 00:30:00+00:00,76.0,114.0,25.0,63.0,1.25,199.0,5662,Nehru Nagar
2025-10-27 01:30:00+00:00,82.0,123.0,25.9,58.0,2.0,180.0,5662,Nehru Nagar
2025-10-27 02:30:00+00:00,76.5,115.0,26.4,57.3,0.975,122.0,5662,Nehru Nagar
2025-10-27 03:30:00+00:00,68.5,103.0,27.3,56.0,1.23,121.0,5662,Nehru Nagar
2025-10-27 04:30:00+00:00,58.0,87.5,28.1,46.3,1.75,196.0,5662,Nehru Nagar
2025-10-27 05:30:00+00:00,51.5,77.0,28.0,51.0,1.63,188.0,5662,Nehru Nagar
2025-10-27 06:30:00+00:00,57.0,85.0,27.8,50.0,1.28,220.0,5662,Nehru Nagar
2025-10-27 07:30:00+00:00,60.3,90.3,27.0,57.0,0.433,195.0,5662,Nehru Nagar
2025-10-27 08:30:00+00:00,61.0,91.7,26.5,58.7,0.433,264.0,5662,Nehru Nagar
2025-10-27 09:30:00+00:00,58.0,87.0,25.4,63.8,0.825,99.0,5662,Nehru Nagar
2025-10-27 10:30:00+00:00,61.5,92.0,24.4,67.5,1.25,232.0,5662,Nehru Nagar
2025-10-27 11:30:00+00:00,67.5,101.0,24.0,68.0,1.55,334.0,5662,Nehru Nagar
2025-10-27 12:30:00+00:00,65.7,98.0,24.0,68.0,1.8,308.0,5662,Nehru Nagar
2025-10-27 13:30:00+00:00,80.5,120.0,23.7,69.5,2.48,270.0,5662,Nehru Nagar
2025-10-27 14:30:00+00:00,88.3,132.0,23.9,68.8,2.53,295.0,5662,Nehru Nagar
2025-10-27 15:30:00+00:00,62.0,93.0,24.3,61.5,1.88,278.0,5662,Nehru Nagar
2025-10-27 16:30:00+00:00,49.0,73.0,24.1,59.5,1.33,279.0,5662,Nehru Nagar
2025-10-27 17:30:00+00:00,47.0,70.0,23.9,61.0,1.2,194.0,5662,Nehru Nagar
2025-10-27 18:30:00+00:00,40.0,60.0,23.6,63.5,1.35,245.0,5662,Nehru Nagar
2025-10-27 19:30:00+00:00,44.0,66.0,22.8,70.3,1.75,267.0,5662,Nehru Nagar
2025-10-27 20:30:00+00:00,49.0,73.5,22.5,76.0,2.33,248.0,5662,Nehru Nagar
2025-10-27 21:30:00+00:00,50.5,75.5,22.3,76.5,1.75,201.0,5662,Nehru Nagar
2025-10-27 22:30:00+00:00,53.7,80.0,22.1,78.0,2.3,201.0,5662,Nehru Nagar
2025-10-27 23:30:00+00:00,55.5,83.0,21.9,78.3,2.58,205.0,5662,Nehru Nagar
2025-10-28 00:30:00+00:00,54.0,81.0,21.7,79.3,3.2,220.0,5662,Nehru Nagar
2025-10-28 01:30:00+00:00,48.5,73.0,22.1,78.3,3.28,227.0,5662,Nehru Nagar
2025-10-28 02:30:00+00:00,36.5,55.0,23.0,71.0,3.95,224.0,5662,Nehru Nagar
2025-10-28 03:30:00+00:00,26.3,39.3,23.8,67.7,4.6,228.0,5662,Nehru Nagar
2025-10-28 04:30:00+00:00,23.0,34.0,25.4,64.0,4.1,192.0,5662,Nehru Nagar
2025-10-28 06:30:00+00:00,26.0,39.0,25.9,62.5,2.85,212.0,5662,Nehru Nagar
2025-10-28 07:30:00+00:00,27.0,40.0,25.8,63.3,3.18,209.0,5662,Nehru Nagar
2025-10-28 08:30:00+00:00,27.0,39.5,25.6,62.8,2.78,245.0,5662,Nehru Nagar
2025-10-28 09:30:00+00:00,19.5,29.0,23.9,71.5,2.43,267.0,5662,Nehru Nagar
2025-10-28 10:30:00+00:00,13.5,20.5,23.3,71.8,3.85,227.0,5662,Nehru Nagar
2025-10-28 11:30:00+00:00,22.3,33.3,22.8,73.3,3.7,231.0,5662,Nehru Nagar
2025-10-28 12:30:00+00:00,19.0,29.0,22.4,76.5,2.8,228.0,5662,Nehru Nagar
2025-10-28 13:30:00+00:00,20.5,31.0,22.3,77.8,2.18,262.0,5662,Nehru Nagar
2025-10-28 15:30:00+00:00,13.0,20.0,22.1,78.0,2.6,223.0,5662,Nehru Nagar
2025-10-28 16:30:00+00:00,15.0,22.0,21.7,78.5,1.85,210.0,5662,Nehru Nagar
2025-10-28 17:30:00+00:00,15.0,22.0,21.8,79.0,1.4,200.0,5662,Nehru Nagar
2025-10-28 18:30:00+00:00,11.0,17.0,21.5,80.0,2.25,260.0,5662,Nehru Nagar
2025-10-28 19:30:00+00:00,11.0,17.0,21.5,81.0,1.68,254.0,5662,Nehru Nagar
2025-10-28 20:30:00+00:00,12.3,18.7,21.4,81.8,1.65,274.0,5662,Nehru Nagar
2025-10-28 21:30:00+00:00,13.0,19.3,21.4,82.0,2.15,271.0,5662,Nehru Nagar
2025-10-28 22:30:00+00:00,10.3,15.7,21.7,80.5,1.93,248.0,5662,Nehru Nagar
2025-10-28 23:30:00+00:00,12.3,18.3,21.9,79.3,1.68,276.0,5662,Nehru Nagar
2025-10-29 00:30:00+00:00,11.3,17.3,21.9,78.8,1.65,250.0,5662,Nehru Nagar
2025-10-29 01:30:00+00:00,13.0,19.3,22.4,77.8,1.3,246.0,5662,Nehru Nagar
2025-10-29 02:30:00+00:00,15.0,22.0,23.3,75.0,2.55,200.0,5662,Nehru Nagar
2025-10-29 03:30:00+00:00,14.3,21.0,25.0,68.3,2.18,216.0,5662,Nehru Nagar
2025-10-29 04:30:00+00:00,18.0,27.0,25.8,64.3,2.13,212.0,5662,Nehru Nagar
2025-10-29 05:30:00+00:00,17.5,26.5,27.5,60.5,2.38,243.0,5662,Nehru Nagar
2025-10-29 06:30:00+00:00,12.0,17.5,29.2,57.0,2.23,250.0,5662,Nehru Nagar
2025-10-29 07:30:00+00:00,12.5,18.5,29.3,59.5,2.0,253.0,5662,Nehru Nagar
2025-10-29 08:30:00+00:00,14.0,21.5,30.4,56.8,1.9,264.0,5662,Nehru Nagar
2025-10-29 09:30:00+00:00,16.0,24.5,30.0,56.5,2.08,220.0,5662,Nehru Nagar
2025-10-29 10:30:00+00:00,18.0,27.0,29.0,59.5,1.2,286.0,5662,Nehru Nagar
2025-10-29 11:30:00+00:00,24.0,36.0,28.0,65.0,0.875,252.0,5662,Nehru Nagar
2025-10-29 12:30:00+00:00,34.5,51.5,27.6,63.8,2.05,227.0,5662,Nehru Nagar
2025-10-29 13:30:00+00:00,41.0,61.0,27.2,60.5,1.85,217.0,5662,Nehru Nagar
2025-10-29 14:30:00+00:00,39.0,58.5,26.8,62.0,1.58,229.0,5662,Nehru Nagar
2025-10-29 15:30:00+00:00,38.0,56.5,26.3,63.0,1.33,201.0,5662,Nehru Nagar
2025-10-29 16:30:00+00:00,43.0,63.5,25.8,67.5,1.25,204.0,5662,Nehru Nagar
2025-10-29 17:30:00+00:00,46.0,68.0,25.6,70.5,1.55,235.0,5662,Nehru Nagar
2025-10-29 18:30:00+00:00,39.0,59.0,25.5,72.0,2.1,236.0,5662,Nehru Nagar
2025-10-29 19:30:00+00:00,36.3,55.0,25.2,74.0,1.73,226.0,5662,Nehru Nagar
2025-10-29 20:30:00+00:00,37.5,56.5,24.8,76.5,1.6,217.0,5662,Nehru Nagar
2025-10-29 21:30:00+00:00,38.5,57.5,24.6,77.0,1.53,227.0,5662,Nehru Nagar
2025-10-29 22:30:00+00:00,39.5,58.5,24.1,81.3,2.1,210.0,5662,Nehru Nagar
2025-10-29 23:30:00+00:00,38.5,57.5,23.8,83.8,2.15,238.0,5662,Nehru Nagar
2025-10-30 00:30:00+00:00,33.0,49.5,23.8,85.0,2.23,220.0,5662,Nehru Nagar
2025-10-30 01:30:00+00:00,30.5,45.0,23.8,85.3,2.15,216.0,5662,Nehru Nagar
2025-10-30 02:30:00+00:00,29.0,42.5,24.1,85.8,2.4,222.0,5662,Nehru Nagar
2025-10-30 03:30:00+00:00,25.0,36.7,24.1,85.0,2.8,222.0,5662,Nehru Nagar
2025-10-30 04:30:00+00:00,18.0,27.0,24.0,85.0,2.7,223.0,5662,Nehru Nagar
2025-10-30 05:30:00+00:00,15.0,22.5,23.6,85.0,3.08,225.0,5662,Nehru Nagar
2025-10-30 06:30:00+00:00,12.0,18.0,22.8,85.3,3.45,232.0,5662,Nehru Nagar
2025-10-30 07:30:00+00:00,11.0,16.5,22.5,86.0,3.6,211.0,5662,Nehru Nagar
2025-10-30 08:30:00+00:00,10.0,14.5,22.7,87.0,3.83,214.0,5662,Nehru Nagar
2025-10-30 11:30:00+00:00,3.0,5.0,22.2,87.0,3.77,199.0,5662,Nehru Nagar
2025-10-30 12:30:00+00:00,3.5,5.5,22.3,87.0,3.05,209.0,5662,Nehru Nagar
2025-10-30 13:30:00+00:00,6.0,8.5,22.2,87.0,2.78,211.0,5662,Nehru Nagar
2025-10-30 14:30:00+00:00,5.5,7.5,22.4,87.0,2.73,221.0,5662,Nehru Nagar
2025-10-30 15:30:00+00:00,2.5,3.0,22.4,86.5,2.3,216.0,5662,Nehru Nagar
2025-10-30 16:30:00+00:00,2.0,2.5,22.6,86.0,1.45,218.0,5662,Nehru Nagar
2025-10-30 17:30:00+00:00,2.0,3.0,22.6,86.0,2.05,189.0,5662,Nehru Nagar
2025-10-30 18:30:00+00:00,1.0,2.0,22.4,86.0,1.85,286.0,5662,Nehru Nagar
2025-10-30 19:30:00+00:00,1.0,2.0,22.2,87.0,2.78,256.0,5662,Nehru Nagar
2025-10-31 00:30:00+00:00,2.0,3.0,22.1,88.0,2.0,254.0,5662,Nehru Nagar
2025-10-31 01:30:00+00:00,4.0,5.67,22.4,88.0,2.13,264.0,5662,Nehru Nagar
2025-10-31 02:30:00+00:00,3.0,4.5,23.0,87.3,2.18,241.0,5662,Nehru Nagar
2025-10-31 03:30:00+00:00,1.0,2.0,24.3,86.3,2.35,225.0,5662,Nehru Nagar
2025-10-31 04:30:00+00:00,5.0,8.0,24.9,82.5,2.7,250.0,5662,Nehru Nagar
2025-10-31 05:30:00+00:00,5.0,8.0,25.4,78.0,2.98,225.0,5662,Nehru Nagar
2025-10-31 06:30:00+00:00,6.5,9.5,25.8,75.5,2.88,209.0,5662,Nehru Nagar
2025-10-31 07:30:00+00:00,4.67,6.33,25.3,77.0,1.7,223.0,5662,Nehru Nagar
2025-10-31 08:30:00+00:00,3.5,5.0,25.8,76.5,1.0,264.0,5662,Nehru Nagar
2025-10-31 09:30:00+00:00,5.0,7.5,26.1,75.3,0.9,271.0,5662,Nehru Nagar
2025-10-31 10:30:00+00:00,7.0,11.0,26.0,74.0,0.6,325.0,5662,Nehru Nagar
2025-10-31 11:30:00+00:00,8.0,12.0,25.6,76.3,0.325,333.0,5662,Nehru Nagar
2025-10-31 12:30:00+00:00,13.7,20.3,25.5,78.7,0.633,177.0,5662,Nehru Nagar
2025-10-31 13:30:00+00:00,16.0,24.0,25.2,80.3,0.375,199.0,5662,Nehru Nagar
2025-10-31 14:30:00+00:00,22.0,33.0,24.9,81.8,0.4,139.0,5662,Nehru Nagar
2025-10-31 15:30:00+00:00,27.0,40.5,24.8,83.0,0.525,182.0,5662,Nehru Nagar
2025-10-31 16:30:00+00:00,30.0,44.3,24.6,83.0,0.3,292.0,5662,Nehru Nagar
2025-10-31 17:30:00+00:00,32.0,47.0,24.5,83.0,0.3,296.0,5662,Nehru Nagar
2025-10-31 18:30:00+00:00,22.0,32.0,24.0,84.0,0.3,297.0,5662,Nehru Nagar
2025-10-31 19:30:00+00:00,22.7,33.0,23.8,84.7,0.4,336.0,5662,Nehru Nagar
2025-10-31 20:30:00+00:00,9.0,13.0,23.5,85.5,1.0,281.0,5662,Nehru Nagar
2025-10-31 21:30:00+00:00,11.7,17.0,23.3,86.0,0.833,333.0,5662,Nehru Nagar
2025-10-31 23:30:00+00:00,18.0,27.0,22.8,87.0,0.45,213.0,5662,Nehru Nagar
2025-11-01 00:30:00+00:00,18.5,27.5,22.9,87.0,0.625,336.0,5662,Nehru Nagar
2025-11-01 01:30:00+00:00,22.0,33.0,23.7,86.5,1.25,339.0,5662,Nehru Nagar
2025-11-01 02:30:00+00:00,24.5,36.5,25.1,84.3,2.2,320.0,5662,Nehru Nagar
2025-11-01 03:30:00+00:00,18.0,26.5,27.2,74.3,2.28,313.0,5662,Nehru Nagar
2025-11-01 04:30:00+00:00,13.5,20.5,28.5,66.5,2.43,318.0,5662,Nehru Nagar
2025-11-01 05:30:00+00:00,15.5,23.5,29.0,64.8,1.93,308.0,5662,Nehru Nagar
2025-11-01 06:30:00+00:00,18.7,27.3,30.7,59.0,1.43,251.0,5662,Nehru Nagar
2025-11-01 07:30:00+00:00,22.0,32.5,30.9,57.5,1.83,287.0,5662,Nehru Nagar
2025-11-01 08:30:00+00:00,26.5,39.5,30.7,57.0,1.48,325.0,5662,Nehru Nagar
2025-11-01 09:30:00+00:00,27.5,40.5,30.5,57.0,1.3,322.0,5662,Nehru Nagar
2025-11-01 10:30:00+00:00,27.5,41.0,29.4,61.3,0.8,219.0,5662,Nehru Nagar
2025-11-01 11:30:00+00:00,36.0,54.0,28.3,65.0,0.325,145.0,5662,Nehru Nagar
2025-11-01 12:30:00+00:00,53.0,79.0,27.6,68.7,0.5,142.0,5662,Nehru Nagar
2025-11-01 13:30:00+00:00,68.5,102.0,27.0,72.3,0.8,144.0,5662,Nehru Nagar
2025-11-01 14:30:00+00:00,65.5,98.0,26.6,74.5,0.85,174.0,5662,Nehru Nagar
2025-11-01 15:30:00+00:00,65.0,97.5,26.2,76.3,0.675,167.0,5662,Nehru Nagar
2025-11-01 16:30:00+00:00,58.0,87.0,25.6,79.0,0.575,142.0,5662,Nehru Nagar
2025-11-01 17:30:00+00:00,54.7,82.0,25.3,80.3,0.567,162.0,5662,Nehru Nagar
2025-11-01 18:30:00+00:00,61.0,92.0,24.8,81.5,1.05,302.0,5662,Nehru Nagar
2025-11-01 19:30:00+00:00,50.5,75.5,24.6,80.8,0.5,188.0,5662,Nehru Nagar
2025-11-01 20:30:00+00:00,39.0,57.5,24.2,81.3,0.425,271.0,5662,Nehru Nagar
2025-11-01 21:30:00+00:00,35.5,53.0,23.9,82.5,0.675,195.0,5662,Nehru Nagar
2025-11-01 22:30:00+00:00,32.0,48.0,23.6,80.8,0.75,207.0,5662,Nehru Nagar
2025-11-01 23:30:00+00:00,35.0,52.5,23.4,79.0,0.825,228.0,5662,Nehru Nagar
2025-11-02 00:30:00+00:00,41.0,62.0,23.4,81.3,0.8,188.0,5662,Nehru Nagar
2025-11-02 01:30:00+00:00,45.7,69.0,24.2,81.0,1.13,237.0,5662,Nehru Nagar
2025-11-02 02:30:00+00:00,51.0,76.5,25.8,76.0,1.28,271.0,5662,Nehru Nagar
2025-11-02 03:30:00+00:00,48.5,72.0,28.5,63.3,1.08,256.0,5662,Nehru Nagar
2025-11-02 04:30:00+00:00,41.0,60.5,29.0,60.8,2.43,302.0,5662,Nehru Nagar
2025-11-02 05:30:00+00:00,36.5,54.5,30.2,57.0,2.13,288.0,5662,Nehru Nagar
2025-11-02 06:30:00+00:00,34.0,51.5,30.6,50.8,3.03,291.0,5662,Nehru Nagar
2025-11-02 07:30:00+00:00,33.0,49.5,31.1,54.0,2.9,287.0,5662,Nehru Nagar
2025-11-02 08:30:00+00:00,30.5,45.5,30.9,55.5,2.45,307.0,5662,Nehru Nagar
2025-11-02 09:30:00+00:00,32.0,48.0,30.5,55.3,1.88,241.0,5662,Nehru Nagar
2025-11-02 10:30:00+00:00,39.3,58.7,29.3,55.0,1.37,293.0,5662,Nehru Nagar
2025-11-02 11:30:00+00:00,57.5,85.5,27.7,63.8,0.475,179.0,5662,Nehru Nagar
2025-11-02 12:30:00+00:00,70.5,105.0,26.7,68.3,0.425,202.0,5662,Nehru Nagar
2025-11-02 13:30:00+00:00,80.5,120.0,26.2,68.0,0.65,219.0,5662,Nehru Nagar
2025-11-02 14:30:00+00:00,80.5,121.0,25.8,68.8,0.725,181.0,5662,Nehru Nagar
2025-11-02 15:30:00+00:00,77.0,116.0,25.2,70.5,0.625,217.0,5662,Nehru Nagar
2025-11-02 16:30:00+00:00,78.0,117.0,24.7,71.3,0.633,134.0,5662,Nehru Nagar
2025-11-02 17:30:00+00:00,78.0,116.0,24.4,71.0,0.7,258.0,5662,Nehru Nagar
2025-11-02 19:30:00+00:00,69.0,103.0,23.2,60.0,0.8,248.0,5662,Nehru Nagar
2025-11-02 20:30:00+00:00,70.0,105.0,23.3,54.8,0.725,195.0,5662,Nehru Nagar
2025-11-02 21:30:00+00:00,70.5,105.0,22.8,66.8,0.675,147.0,5662,Nehru Nagar
2025-11-02 22:30:00+00:00,72.5,109.0,22.4,66.3,0.7,124.0,5662,Nehru Nagar
2025-11-02 23:30:00+00:00,77.0,116.0,22.2,65.3,0.733,95.3,5662,Nehru Nagar
2025-11-03 00:30:00+00:00,86.0,129.0,22.3,67.5,0.85,248.0,5662,Nehru Nagar
2025-11-03 01:30:00+00:00,89.0,134.0,23.2,64.5,1.33,271.0,5662,Nehru Nagar
2025-11-03 02:30:00+00:00,86.0,129.0,25.1,58.3,1.53,240.0,5662,Nehru Nagar
2025-11-03 03:30:00+00:00,80.0,120.0,27.2,51.8,1.98,257.0,5662,Nehru Nagar
2025-11-03 04:30:00+00:00,74.0,112.0,29.2,46.3,2.28,277.0,5662,Nehru Nagar
2025-11-03 05:30:00+00:00,65.5,98.0,30.9,41.0,2.55,249.0,5662,Nehru Nagar
2025-11-03 07:30:00+00:00,37.0,56.0,32.1,30.0,3.45,293.0,5662,Nehru Nagar
2025-11-03 08:30:00+00:00,41.5,62.0,32.1,30.3,2.83,311.0,5662,Nehru Nagar
2025-11-03 09:30:00+00:00,43.7,64.7,31.5,31.3,2.43,335.0,5662,Nehru Nagar
2025-11-03 10:30:00+00:00,39.0,58.0,30.4,34.0,1.1,330.0,5662,Nehru Nagar
2025-11-03 11:30:00+00:00,39.0,58.5,28.1,44.3,0.55,134.0,5662,Nehru Nagar
2025-11-03 12:30:00+00:00,58.0,86.3,27.1,49.7,0.433,112.0,5662,Nehru Nagar
2025-11-03 13:30:00+00:00,80.0,119.0,26.4,54.0,0.3,100.0,5662,Nehru Nagar
2025-11-04 03:30:00+00:00,80.0,119.0,29.5,39.0,1.5,266.0,5662,Nehru Nagar
2025-11-04 04:30:00+00:00,55.3,82.3,30.8,34.3,1.77,234.0,5662,Nehru Nagar
2025-11-04 05:30:00+00:00,37.7,56.3,31.7,31.7,2.47,252.0,5662,Nehru Nagar
2025-11-04 08:30:00+00:00,11.5,18.0,31.8,27.5,1.9,332.0,5662,Nehru Nagar
2025-11-04 09:30:00+00:00,12.0,19.0,30.7,30.0,1.65,347.0,5662,Nehru Nagar
2025-11-04 10:30:00+00:00,15.0,23.5,29.4,36.0,1.05,350.0,5662,Nehru Nagar
2025-11-04 11:30:00+00:00,21.3,33.0,27.7,44.3,0.533,350.0,5662,Nehru Nagar
2025-11-04 12:30:00+00:00,36.0,54.3,26.4,49.0,0.3,350.0,5662,Nehru Nagar
2025-11-04 13:30:00+00:00,55.5,83.0,25.6,58.5,0.3,350.0,5662,Nehru Nagar
2025-11-04 14:30:00+00:00,83.0,125.0,25.4,62.5,0.6,290.0,5662,Nehru Nagar
2025-11-04 15:30:00+00:00,106.0,159.0,24.8,66.8,0.4,111.0,5662,Nehru Nagar
2025-11-04 16:30:00+00:00,91.0,136.0,25.2,64.5,0.5,148.0,5662,Nehru Nagar
2025-11-04 17:30:00+00:00,70.7,105.0,25.3,62.0,0.3,325.0,5662,Nehru Nagar
2025-11-04 18:30:00+00:00,78.0,118.0,24.4,66.0,0.5,304.0,5662,Nehru Nagar
2025-11-04 19:30:00+00:00,75.0,113.0,24.0,67.8,0.375,235.0,5662,Nehru Nagar
2025-11-04 20:30:00+00:00,73.0,110.0,23.3,69.5,0.3,351.0,5662,Nehru Nagar
2025-11-04 21:30:00+00:00,74.5,112.0,22.8,70.3,0.4,323.0,5662,Nehru Nagar
2025-11-04 22:30:00+00:00,88.3,132.0,22.9,69.0,0.633,351.0,5662,Nehru Nagar
2025-11-04 23:30:00+00:00,105.0,158.0,23.2,68.7,0.5,293.0,5662,Nehru Nagar
2025-11-05 00:30:00+00:00,103.0,154.0,23.0,68.0,0.375,350.0,5662,Nehru Nagar
2025-11-05 01:30:00+00:00,108.0,162.0,24.8,63.5,0.5,271.0,5662,Nehru Nagar
2025-11-05 02:30:00+00:00,117.0,176.0,27.0,55.5,0.75,313.0,5662,Nehru Nagar
2025-11-05 03:30:00+00:00,110.0,165.0,29.6,47.0,0.975,305.0,5662,Nehru Nagar
2025-11-05 04:30:00+00:00,77.0,117.0,30.7,39.0,1.93,319.0,5662,Nehru Nagar
2025-11-05 05:30:00+00:00,48.0,73.0,31.8,36.3,1.75,296.0,5662,Nehru Nagar
2025-11-05 06:30:00+00:00,35.0,52.5,32.5,35.3,1.73,297.0,5662,Nehru Nagar
2025-11-05 07:30:00+00:00,32.0,47.5,32.7,35.0,1.78,286.0,5662,Nehru Nagar
2025-11-05 08:30:00+00:00,31.0,46.5,32.6,36.5,1.63,325.0,5662,Nehru Nagar
2025-11-05 09:30:00+00:00,31.0,46.5,31.7,39.8,1.6,341.0,5662,Nehru Nagar
2025-11-05 10:30:00+00:00,32.0,47.3,30.0,44.7,0.967,345.0,5662,Nehru Nagar
2025-11-05 11:30:00+00:00,38.0,56.3,28.2,54.0,0.367,350.0,5662,Nehru Nagar
2025-11-05 12:30:00+00:00,55.5,83.5,27.2,57.3,0.425,350.0,5662,Nehru Nagar
2025-11-05 13:30:00+00:00,63.0,95.0,27.0,58.8,0.375,350.0,5662,Nehru Nagar
2025-11-05 14:30:00+00:00,70.5,106.0,26.5,64.8,0.375,233.0,5662,Nehru Nagar
2025-11-05 15:30:00+00:00,78.5,117.0,26.1,67.3,0.45,182.0,5662,Nehru Nagar
2025-11-05 16:30:00+00:00,77.0,115.0,25.3,70.8,0.3,51.0,5662,Nehru Nagar
2025-11-05 17:30:00+00:00,82.0,123.0,24.9,74.0,0.3,267.0,5662,Nehru Nagar
2025-11-05 18:30:00+00:00,64.0,96.0,24.4,74.0,0.55,349.0,5662,Nehru Nagar
2025-11-05 19:30:00+00:00,58.5,87.5,24.2,72.5,0.375,344.0,5662,Nehru Nagar
2025-11-05 20:30:00+00:00,52.5,78.5,23.9,74.5,0.375,267.0,5662,Nehru Nagar
2025-11-05 21:30:00+00:00,50.0,75.5,23.4,75.3,0.4,344.0,5662,Nehru Nagar
2025-11-05 22:30:00+00:00,47.0,70.5,23.2,75.3,1.28,349.0,5662,Nehru Nagar
2025-11-05 23:30:00+00:00,44.0,66.0,22.8,75.0,1.48,339.0,5662,Nehru Nagar
2025-11-06 00:30:00+00:00,42.0,63.0,22.8,72.5,1.8,344.0,5662,Nehru Nagar
2025-11-06 01:30:00+00:00,43.5,64.5,23.3,69.0,2.28,334.0,5662,Nehru Nagar
2025-11-06 02:30:00+00:00,46.5,69.5,24.7,62.3,2.33,319.0,5662,Nehru Nagar
2025-11-06 03:30:00+00:00,46.5,70.0,26.8,54.0,2.33,315.0,5662,Nehru Nagar
2025-11-06 04:30:00+00:00,40.5,61.5,28.2,46.0,2.93,326.0,5662,Nehru Nagar
2025-11-06 05:30:00+00:00,31.5,47.5,29.7,38.0,2.6,312.0,5662,Nehru Nagar
2025-11-06 06:30:00+00:00,28.0,42.0,30.4,35.5,3.05,314.0,5662,Nehru Nagar
2025-11-06 07:30:00+00:00,28.5,43.0,30.8,34.0,2.48,315.0,5662,Nehru Nagar
2025-11-06 08:30:00+00:00,27.0,40.0,30.5,32.0,2.95,325.0,5662,Nehru Nagar
2025-11-06 09:30:00+00:00,26.7,39.7,29.7,33.0,2.77,331.0,5662,Nehru Nagar
2025-11-06 11:30:00+00:00,32.0,49.0,26.6,34.0,1.4,335.0,5662,Nehru Nagar
2025-11-06 12:30:00+00:00,39.0,59.0,25.9,33.8,1.9,318.0,5662,Nehru Nagar
2025-11-06 13:30:00+00:00,50.0,75.0,25.2,31.5,1.83,324.0,5662,Nehru Nagar
2025-11-06 14:30:00+00:00,61.5,92.0,24.2,34.0,1.53,325.0,5662,Nehru Nagar
2025-11-06 15:30:00+00:00,77.5,116.0,23.2,34.3,1.0,312.0,5662,Nehru Nagar
2025-11-06 16:30:00+00:00,83.5,125.0,22.5,36.8,1.03,337.0,5662,Nehru Nagar
2025-11-06 17:30:00+00:00,81.0,121.0,21.8,38.0,1.2,291.0,5662,Nehru Nagar
2025-11-06 18:30:00+00:00,78.0,118.0,21.1,42.0,0.85,303.0,5662,Nehru Nagar
2025-11-06 19:30:00+00:00,70.5,107.0,20.6,43.5,0.625,305.0,5662,Nehru Nagar
2025-11-06 20:30:00+00:00,59.5,89.0,20.1,45.5,0.725,338.0,5662,Nehru Nagar
2025-11-06 21:30:00+00:00,52.0,78.3,19.7,46.3,0.633,350.0,5662,Nehru Nagar
2025-11-06 22:30:00+00:00,48.0,72.0,19.2,49.0,0.45,209.0,5662,Nehru Nagar
2025-11-06 23:30:00+00:00,63.5,95.0,18.4,54.3,0.55,88.5,5662,Nehru Nagar
2025-11-07 00:30:00+00:00,78.5,118.0,18.5,53.5,0.75,229.0,5662,Nehru Nagar
2025-11-07 01:30:00+00:00,82.0,123.0,20.2,49.5,0.975,238.0,5662,Nehru Nagar
2025-11-07 02:30:00+00:00,81.0,121.0,22.1,44.3,2.1,259.0,5662,Nehru Nagar
2025-11-07 03:30:00+00:00,57.5,85.5,24.4,37.8,3.03,293.0,5662,Nehru Nagar
2025-11-07 04:30:00+00:00,35.0,52.5,26.5,36.3,2.28,259.0,5662,Nehru Nagar
2025-11-07 05:30:00+00:00,32.3,48.7,28.1,34.0,1.97,250.0,5662,Nehru Nagar
2025-11-07 06:30:00+00:00,44.5,66.5,29.1,32.0,2.13,283.0,5662,Nehru Nagar
2025-11-07 07:30:00+00:00,41.0,61.5,29.6,28.8,1.95,307.0,5662,Nehru Nagar
2025-11-07 08:30:00+00:00,32.0,48.0,29.4,29.0,1.8,303.0,5662,Nehru Nagar
2025-11-07 10:30:00+00:00,32.0,48.0,26.7,34.5,0.8,240.0,5662,Nehru Nagar
2025-11-07 11:30:00+00:00,415.0,48.0,25.1,38.8,0.35,309.0,5662,Nehru Nagar
2025-11-07 12:30:00+00:00,434.0,104.0,24.2,41.3,0.525,203.0,5662,Nehru Nagar
2025-11-07 13:30:00+00:00,78.0,117.0,23.3,45.0,0.5,231.0,5662,Nehru Nagar
2025-11-07 14:30:00+00:00,96.0,144.0,22.8,46.5,0.675,263.0,5662,Nehru Nagar
2025-11-07 15:30:00+00:00,99.0,148.0,22.3,46.8,0.8,274.0,5662,Nehru Nagar
2025-11-07 16:30:00+00:00,93.3,140.0,21.7,48.7,0.567,185.0,5662,Nehru Nagar
2025-11-08 04:30:00+00:00,798.0,,27.0,38.0,1.8,272.0,5662,Nehru Nagar
2025-11-08 05:30:00+00:00,455.0,166.0,28.5,35.8,1.48,272.0,5662,Nehru Nagar
2025-11-08 06:30:00+00:00,102.0,153.0,29.8,32.0,1.48,242.0,5662,Nehru Nagar
2025-11-08 07:30:00+00:00,99.5,150.0,29.6,29.8,2.08,307.0,5662,Nehru Nagar
2025-11-08 08:30:00+00:00,75.0,114.0,29.8,30.3,1.55,293.0,5662,Nehru Nagar
2025-11-08 09:30:00+00:00,36.0,55.0,29.3,31.5,1.08,335.0,5662,Nehru Nagar
2025-11-08 10:30:00+00:00,31.0,46.5,27.1,38.8,0.475,349.0,5662,Nehru Nagar
2025-11-08 11:30:00+00:00,43.0,64.5,24.8,46.3,0.325,349.0,5662,Nehru Nagar
2025-11-08 12:30:00+00:00,68.5,104.0,24.3,47.8,0.975,256.0,5662,Nehru Nagar
2025-11-08 13:30:00+00:00,113.0,169.0,23.9,44.8,1.95,322.0,5662,Nehru Nagar
2025-11-08 14:30:00+00:00,145.0,217.0,23.4,42.5,2.08,318.0,5662,Nehru Nagar
2025-11-08 15:30:00+00:00,147.0,221.0,22.7,43.3,1.48,335.0,5662,Nehru Nagar
2025-11-08 16:30:00+00:00,150.0,225.0,21.9,44.8,0.95,317.0,5662,Nehru Nagar
2025-11-08 17:30:00+00:00,154.0,232.0,21.3,46.7,0.867,323.0,5662,Nehru Nagar
2025-11-08 18:30:00+00:00,153.0,229.0,20.5,50.5,0.8,332.0,5662,Nehru Nagar
2025-11-08 19:30:00+00:00,144.0,216.0,20.4,49.3,1.1,313.0,5662,Nehru Nagar
2025-11-08 20:30:00+00:00,123.0,184.0,19.9,48.3,1.03,326.0,5662,Nehru Nagar
2025-11-08 21:30:00+00:00,115.0,172.0,19.2,51.5,0.675,313.0,5662,Nehru Nagar
2025-11-08 22:30:00+00:00,119.0,179.0,18.7,52.8,0.425,320.0,5662,Nehru Nagar
2025-11-08 23:30:00+00:00,117.0,176.0,18.3,55.0,0.575,224.0,5662,Nehru Nagar
2025-11-09 00:30:00+00:00,112.0,169.0,17.9,55.0,0.85,216.0,5662,Nehru Nagar
2025-11-09 01:30:00+00:00,103.0,155.0,18.8,52.8,1.13,244.0,5662,Nehru Nagar
2025-11-09 02:30:00+00:00,91.0,136.0,20.7,46.3,1.95,274.0,5662,Nehru Nagar
2025-11-09 03:30:00+00:00,85.0,128.0,23.0,41.5,1.98,277.0,5662,Nehru Nagar
2025-11-09 04:30:00+00:00,81.5,122.0,25.2,38.8,1.95,291.0,5662,Nehru Nagar
2025-11-09 05:30:00+00:00,81.0,122.0,27.0,35.5,2.08,299.0,5662,Nehru Nagar
2025-11-09 06:30:00+00:00,78.0,117.0,28.1,31.5,2.23,320.0,5662,Nehru Nagar
2025-11-09 10:30:00+00:00,798.0,,26.1,32.3,0.5,334.0,5662,Nehru Nagar
2025-11-09 11:30:00+00:00,59.0,89.0,23.4,39.5,0.3,21.0,5662,Nehru Nagar
2025-11-09 12:30:00+00:00,63.0,94.0,22.8,41.8,0.325,56.0,5662,Nehru Nagar
2025-11-09 13:30:00+00:00,99.0,148.0,21.9,47.5,0.3,122.0,5662,Nehru Nagar
2025-11-09 14:30:00+00:00,111.0,167.0,21.2,50.5,0.3,101.0,5662,Nehru Nagar
2025-11-09 15:30:00+00:00,124.0,186.0,20.8,52.0,0.375,261.0,5662,Nehru Nagar
2025-11-09 16:30:00+00:00,128.0,193.0,20.1,55.8,0.3,352.0,5662,Nehru Nagar
2025-11-09 17:30:00+00:00,135.0,203.0,19.8,57.5,0.3,352.0,5662,Nehru Nagar
2025-11-09 18:30:00+00:00,136.0,204.0,19.4,58.5,0.35,260.0,5662,Nehru Nagar
2025-11-09 19:30:00+00:00,140.0,211.0,18.8,60.3,0.3,353.0,5662,Nehru Nagar
2025-11-09 20:30:00+00:00,139.0,209.0,18.3,61.3,0.3,274.0,5662,Nehru Nagar
2025-11-09 21:30:00+00:00,134.0,200.0,18.0,61.0,0.3,339.0,5662,Nehru Nagar
2025-11-09 22:30:00+00:00,130.0,195.0,17.8,59.3,0.333,310.0,5662,Nehru Nagar
2025-11-09 23:30:00+00:00,116.0,175.0,17.9,58.8,0.3,195.0,5662,Nehru Nagar
2025-11-10 00:30:00+00:00,109.0,163.0,18.0,59.0,0.5,187.0,5662,Nehru Nagar
2025-11-10 01:30:00+00:00,128.0,193.0,19.5,54.8,0.775,254.0,5662,Nehru Nagar
2025-11-10 02:30:00+00:00,148.0,222.0,21.5,49.3,1.23,235.0,5662,Nehru Nagar
2025-11-10 03:30:00+00:00,111.0,166.0,25.0,41.7,1.03,223.0,5662,Nehru Nagar
2025-11-10 04:30:00+00:00,91.0,137.0,26.7,37.5,1.35,230.0,5662,Nehru Nagar
2025-11-10 13:30:00+00:00,99.0,149.0,22.0,49.5,0.3,321.0,5662,Nehru Nagar
2025-11-10 14:30:00+00:00,126.0,189.0,21.2,53.3,0.3,321.0,5662,Nehru Nagar
2025-11-10 15:30:00+00:00,130.0,194.0,20.6,55.8,0.3,352.0,5662,Nehru Nagar
2025-11-10 16:30:00+00:00,146.0,219.0,20.5,53.5,0.55,352.0,5662,Nehru Nagar
2025-11-10 17:30:00+00:00,137.0,206.0,20.4,53.0,0.7,352.0,5662,Nehru Nagar
2025-11-10 18:30:00+00:00,140.0,210.0,19.4,54.5,0.35,352.0,5662,Nehru Nagar
2025-11-10 19:30:00+00:00,168.0,252.0,19.1,56.3,0.3,249.0,5662,Nehru Nagar
2025-11-10 20:30:00+00:00,148.0,221.0,18.7,58.0,0.375,156.0,5662,Nehru Nagar
2025-11-10 21:30:00+00:00,155.0,233.0,18.2,58.5,0.425,336.0,5662,Nehru Nagar
2025-11-10 22:30:00+00:00,144.0,216.0,17.6,60.3,0.3,345.0,5662,Nehru Nagar
2025-11-10 23:30:00+00:00,141.0,211.0,17.9,58.3,0.475,171.0,5662,Nehru Nagar
2025-11-11 00:30:00+00:00,131.0,196.0,17.6,59.3,0.65,207.0,5662,Nehru Nagar
2025-11-11 01:30:00+00:00,136.0,203.0,18.7,55.8,1.23,280.0,5662,Nehru Nagar
2025-11-11 02:30:00+00:00,124.0,186.0,21.0,48.5,1.6,269.0,5662,Nehru Nagar
2025-11-11 03:30:00+00:00,103.0,155.0,23.8,40.8,1.9,287.0,5662,Nehru Nagar
2025-11-11 04:30:00+00:00,85.0,127.0,25.7,37.3,1.93,274.0,5662,Nehru Nagar
2025-11-11 05:30:00+00:00,74.0,110.0,27.5,34.5,2.0,301.0,5662,Nehru Nagar
2025-11-11 06:30:00+00:00,67.0,100.0,28.3,31.5,2.45,313.0,5662,Nehru Nagar
2025-11-11 07:30:00+00:00,60.0,90.0,29.0,29.3,2.25,325.0,5662,Nehru Nagar
2025-11-11 08:30:00+00:00,53.0,80.0,28.9,29.0,2.23,330.0,5662,Nehru Nagar
2025-11-11 09:30:00+00:00,57.0,85.0,27.9,29.7,1.67,345.0,5662,Nehru Nagar
2025-11-11 10:30:00+00:00,57.0,85.0,26.1,35.0,0.625,352.0,5662,Nehru Nagar
2025-11-11 11:30:00+00:00,71.0,107.0,23.4,45.0,0.3,287.0,5662,Nehru Nagar
2025-11-11 12:30:00+00:00,106.0,160.0,22.6,48.5,0.3,129.0,5662,Nehru Nagar
2025-11-11 13:30:00+00:00,123.0,184.0,22.2,49.0,0.3,351.0,5662,Nehru Nagar
2025-11-11 14:30:00+00:00,159.0,239.0,21.6,51.3,0.35,260.0,5662,Nehru Nagar
2025-11-11 15:30:00+00:00,166.0,250.0,21.1,51.7,0.3,345.0,5662,Nehru Nagar
2025-11-11 16:30:00+00:00,176.0,263.0,20.7,53.3,0.45,330.0,5662,Nehru Nagar
2025-11-11 17:30:00+00:00,157.0,236.0,20.4,53.0,0.433,267.0,5662,Nehru Nagar
2025-11-11 18:30:00+00:00,159.0,239.0,19.6,54.5,0.3,146.0,5662,Nehru Nagar
2025-11-11 19:30:00+00:00,146.0,220.0,19.0,56.8,0.375,307.0,5662,Nehru Nagar
2025-11-11 20:30:00+00:00,148.0,222.0,19.1,52.8,1.2,346.0,5662,Nehru Nagar
2025-11-11 21:30:00+00:00,128.0,192.0,18.9,51.5,0.85,340.0,5662,Nehru Nagar
2025-11-11 22:30:00+00:00,119.0,179.0,18.6,53.0,0.475,83.8,5662,Nehru Nagar
2025-11-11 23:30:00+00:00,115.0,173.0,17.8,56.5,0.525,304.0,5662,Nehru Nagar
2025-11-12 00:30:00+00:00,110.0,165.0,17.8,55.8,0.7,214.0,5662,Nehru Nagar
2025-11-12 01:30:00+00:00,112.0,169.0,18.9,53.5,1.18,267.0,5662,Nehru Nagar
2025-11-12 02:30:00+00:00,118.0,176.0,21.4,48.3,1.15,273.0,5662,Nehru Nagar
2025-11-12 03:30:00+00:00,115.0,173.0,24.0,41.5,1.83,323.0,5662,Nehru Nagar
2025-11-12 04:30:00+00:00,80.0,119.0,26.4,36.5,1.65,316.0,5662,Nehru Nagar
2025-11-12 05:30:00+00:00,64.0,97.0,28.0,34.8,2.0,289.0,5662,Nehru Nagar
2025-11-12 06:30:00+00:00,57.0,85.0,28.7,30.8,2.68,315.0,5662,Nehru Nagar
2025-11-12 07:30:00+00:00,53.0,80.0,29.1,26.7,3.07,326.0,5662,Nehru Nagar
2025-11-12 10:30:00+00:00,549.0,76.0,26.0,33.7,0.967,349.0,5662,Nehru Nagar
2025-11-12 11:30:00+00:00,433.0,101.0,23.6,40.5,0.3,349.0,5662,Nehru Nagar
2025-11-12 12:30:00+00:00,85.0,127.0,21.6,50.8,0.3,349.0,5662,Nehru Nagar
2025-11-12 13:30:00+00:00,107.0,160.0,21.0,55.0,0.3,349.0,5662,Nehru Nagar
2025-11-12 14:30:00+00:00,134.0,201.0,20.8,53.5,0.3,26.0,5662,Nehru Nagar
2025-11-12 15:30:00+00:00,141.0,211.0,20.9,51.3,0.325,43.5,5662,Nehru Nagar
2025-11-12 16:30:00+00:00,161.0,241.0,20.0,53.8,0.3,192.0,5662,Nehru Nagar
2025-11-12 17:30:00+00:00,174.0,261.0,19.4,56.5,0.3,349.0,5662,Nehru Nagar
2025-11-12 18:30:00+00:00,160.0,239.0,19.2,53.0,0.4,348.0,5662,Nehru Nagar
2025-11-12 19:30:00+00:00,151.0,225.0,18.6,55.8,0.375,349.0,5662,Nehru Nagar
2025-11-12 20:30:00+00:00,137.0,204.0,18.7,52.8,0.4,349.0,5662,Nehru Nagar
2025-11-12 21:30:00+00:00,123.0,185.0,18.5,53.5,0.3,186.0,5662,Nehru Nagar
2025-11-12 22:30:00+00:00,119.0,179.0,18.0,57.3,0.333,127.0,5662,Nehru Nagar
2025-11-12 23:30:00+00:00,140.0,210.0,17.6,58.3,0.55,139.0,5662,Nehru Nagar
2025-11-13 00:30:00+00:00,150.0,225.0,17.6,59.0,0.525,228.0,5662,Nehru Nagar
2025-11-13 01:30:00+00:00,140.0,209.0,19.2,55.3,0.85,238.0,5662,Nehru Nagar
2025-11-13 02:30:00+00:00,124.0,185.0,21.4,49.0,1.4,270.0,5662,Nehru Nagar
2025-11-13 03:30:00+00:00,95.5,143.0,24.5,41.5,1.2,280.0,5662,Nehru Nagar
2025-11-13 04:30:00+00:00,73.5,110.0,26.5,38.3,1.4,279.0,5662,Nehru Nagar
2025-11-13 05:30:00+00:00,65.0,97.5,27.8,33.5,2.0,269.0,5662,Nehru Nagar
2025-11-13 06:30:00+00:00,51.0,76.5,28.7,31.0,2.03,317.0,5662,Nehru Nagar
2025-11-13 07:30:00+00:00,43.0,64.5,29.6,29.5,1.7,329.0,5662,Nehru Nagar
2025-11-13 08:30:00+00:00,40.0,60.0,29.1,28.0,1.9,331.0,5662,Nehru Nagar
2025-11-13 09:30:00+00:00,36.5,55.0,28.2,29.0,1.28,348.0,5662,Nehru Nagar
2025-11-13 10:30:00+00:00,38.0,57.0,26.0,37.5,0.375,349.0,5662,Nehru Nagar
2025-11-13 11:30:00+00:00,47.0,70.5,23.1,45.5,0.3,310.0,5662,Nehru Nagar
2025-11-13 12:30:00+00:00,54.0,80.5,22.0,49.5,0.3,192.0,5662,Nehru Nagar
2025-11-13 13:30:00+00:00,61.5,91.5,21.5,51.0,0.35,343.0,5662,Nehru Nagar
2025-11-13 14:30:00+00:00,90.0,135.0,21.2,53.0,0.325,349.0,5662,Nehru Nagar
2025-11-13 15:30:00+00:00,118.0,176.0,20.8,54.0,0.3,219.0,5662,Nehru Nagar
2025-11-13 16:30:00+00:00,120.0,180.0,20.3,52.3,0.433,349.0,5662,Nehru Nagar
2025-11-13 17:30:00+00:00,116.0,175.0,19.4,56.0,0.3,349.0,5662,Nehru Nagar
2025-11-13 19:30:00+00:00,90.0,135.0,19.1,52.5,0.85,349.0,5662,Nehru Nagar
2025-11-13 20:30:00+00:00,88.0,133.0,18.4,56.0,0.325,349.0,5662,Nehru Nagar
2025-11-13 21:30:00+00:00,85.7,129.0,17.8,61.0,0.3,349.0,5662,Nehru Nagar
2025-11-13 22:30:00+00:00,88.5,132.0,17.8,60.5,0.7,349.0,5662,Nehru Nagar
2025-11-13 23:30:00+00:00,89.0,133.0,17.4,59.3,0.325,349.0,5662,Nehru Nagar
2025-11-14 00:30:00+00:00,92.5,139.0,17.2,61.5,0.475,133.0,5662,Nehru Nagar
2025-11-14 01:30:00+00:00,106.0,159.0,18.1,59.0,0.867,316.0,5662,Nehru Nagar
2025-11-14 09:30:00+00:00,37.0,55.0,27.7,32.0,0.4,271.0,5662,Nehru Nagar
2025-11-14 10:30:00+00:00,40.7,60.7,25.6,38.0,0.333,328.0,5662,Nehru Nagar
2025-11-14 11:30:00+00:00,63.5,95.0,22.6,50.3,0.3,349.0,5662,Nehru Nagar
2025-11-14 12:30:00+00:00,73.0,109.0,21.6,52.5,0.3,349.0,5662,Nehru Nagar
2025-11-14 13:30:00+00:00,65.0,97.5,21.0,52.8,0.3,349.0,5662,Nehru Nagar
2025-11-14 14:30:00+00:00,109.0,163.0,20.1,55.3,0.3,349.0,5662,Nehru Nagar
2025-11-14 15:30:00+00:00,150.0,224.0,19.6,57.5,0.325,349.0,5662,Nehru Nagar
2025-11-14 16:30:00+00:00,139.0,208.0,19.8,55.5,0.45,327.0,5662,Nehru Nagar
2025-11-14 17:30:00+00:00,132.0,198.0,19.0,58.5,0.3,349.0,5662,Nehru Nagar
2025-11-14 18:30:00+00:00,136.0,204.0,18.3,60.5,0.3,349.0,5662,Nehru Nagar
2025-11-14 19:30:00+00:00,141.0,212.0,18.0,62.8,0.325,349.0,5662,Nehru Nagar
2025-11-14 20:30:00+00:00,119.0,178.0,17.7,62.3,0.3,274.0,5662,Nehru Nagar
2025-11-14 21:30:00+00:00,87.5,131.0,17.6,61.3,0.325,197.0,5662,Nehru Nagar
2025-11-14 22:30:00+00:00,82.0,123.0,17.2,61.0,0.65,283.0,5662,Nehru Nagar
2025-11-14 23:30:00+00:00,81.0,121.0,16.5,61.8,0.325,287.0,5662,Nehru Nagar
2025-11-15 00:30:00+00:00,81.5,122.0,16.5,64.5,0.3,221.0,5662,Nehru Nagar
2025-11-15 01:30:00+00:00,97.5,147.0,18.2,58.0,0.4,81.0,5662,Nehru Nagar
2025-11-15 02:30:00+00:00,143.0,215.0,20.9,49.5,0.475,237.0,5662,Nehru Nagar
2025-11-15 03:30:00+00:00,149.0,222.0,23.6,40.0,0.7,283.0,5662,Nehru Nagar
2025-11-15 04:30:00+00:00,109.0,163.0,25.8,36.0,0.95,266.0,5662,Nehru Nagar
2025-11-15 05:30:00+00:00,78.5,118.0,27.8,30.5,1.08,208.0,5662,Nehru Nagar
2025-11-15 06:30:00+00:00,55.0,83.0,28.4,26.5,1.3,227.0,5662,Nehru Nagar
2025-11-15 07:30:00+00:00,45.0,68.3,28.5,27.3,1.37,263.0,5662,Nehru Nagar
2025-11-15 08:30:00+00:00,44.5,67.5,28.1,29.3,1.43,310.0,5662,Nehru Nagar
2025-11-15 09:30:00+00:00,47.0,71.0,27.0,33.5,0.9,325.0,5662,Nehru Nagar
2025-11-15 10:30:00+00:00,49.0,74.0,25.7,37.0,0.9,330.0,5662,Nehru Nagar
2025-11-15 11:30:00+00:00,64.0,95.5,22.2,49.0,0.3,6.75,5662,Nehru Nagar
2025-11-15 12:30:00+00:00,72.0,108.0,20.8,56.5,0.3,73.0,5662,Nehru Nagar
2025-11-15 13:30:00+00:00,75.5,113.0,20.1,57.5,0.3,349.0,5662,Nehru Nagar
2025-11-15 14:30:00+00:00,79.0,119.0,20.0,57.5,0.3,349.0,5662,Nehru Nagar
2025-11-15 15:30:00+00:00,79.0,119.0,19.6,60.3,0.467,333.0,5662,Nehru Nagar
2025-11-15 16:30:00+00:00,103.0,154.0,19.1,60.8,0.3,101.0,5662,Nehru Nagar
2025-11-15 17:30:00+00:00,122.0,183.0,18.7,63.5,0.35,72.5,5662,Nehru Nagar
2025-11-15 18:30:00+00:00,121.0,181.0,17.5,67.5,0.3,107.0,5662,Nehru Nagar
2025-11-15 19:30:00+00:00,111.0,166.0,17.5,67.5,0.3,274.0,5662,Nehru Nagar
2025-11-15 20:30:00+00:00,97.5,147.0,17.2,67.5,0.3,349.0,5662,Nehru Nagar
2025-11-15 21:30:00+00:00,95.0,143.0,17.3,65.0,0.45,349.0,5662,Nehru Nagar
2025-11-15 22:30:00+00:00,96.5,145.0,16.7,65.5,0.625,349.0,5662,Nehru Nagar
2025-11-15 23:30:00+00:00,101.0,151.0,16.3,67.3,0.925,349.0,5662,Nehru Nagar
2025-11-16 00:30:00+00:00,97.5,147.0,16.3,68.0,0.575,346.0,5662,Nehru Nagar
2025-11-16 01:30:00+00:00,82.5,124.0,18.1,63.8,1.05,349.0,5662,Nehru Nagar
2025-11-16 02:30:00+00:00,69.0,104.0,20.7,54.5,1.55,311.0,5662,Nehru Nagar
2025-11-16 03:30:00+00:00,63.0,95.0,23.0,48.5,1.43,262.0,5662,Nehru Nagar
2025-11-16 04:30:00+00:00,55.5,84.0,25.4,41.8,1.48,291.0,5662,Nehru Nagar
2025-11-16 05:30:00+00:00,45.5,68.5,27.8,34.5,1.15,269.0,5662,Nehru Nagar
2025-11-16 06:30:00+00:00,34.5,52.0,29.0,29.0,1.23,192.0,5662,Nehru Nagar
2025-11-16 07:30:00+00:00,24.5,36.5,29.1,29.5,1.35,224.0,5662,Nehru Nagar
2025-11-16 08:30:00+00:00,20.0,29.3,28.8,30.3,1.43,308.0,5662,Nehru Nagar
2025-11-16 09:30:00+00:00,21.0,31.0,28.2,32.0,1.23,349.0,5662,Nehru Nagar
2025-11-16 10:30:00+00:00,21.0,31.0,24.9,41.0,0.3,349.0,5662,Nehru Nagar
2025-11-16 11:30:00+00:00,36.5,54.5,22.8,50.3,0.3,349.0,5662,Nehru Nagar
2025-11-16 12:30:00+00:00,57.5,86.5,21.4,57.3,0.3,349.0,5662,Nehru Nagar
2025-11-16 13:30:00+00:00,70.0,106.0,20.6,62.0,0.3,349.0,5662,Nehru Nagar
2025-11-16 14:30:00+00:00,82.0,124.0,20.2,64.5,0.325,349.0,5662,Nehru Nagar
2025-11-16 15:30:00+00:00,87.5,131.0,20.5,59.5,0.4,232.0,5662,Nehru Nagar
2025-11-16 16:30:00+00:00,95.0,142.0,19.6,61.3,0.3,231.0,5662,Nehru Nagar
2025-11-16 17:30:00+00:00,99.3,149.0,18.8,63.0,0.3,349.0,5662,Nehru Nagar
2025-11-16 18:30:00+00:00,93.0,140.0,18.3,70.0,0.3,349.0,5662,Nehru Nagar
2025-11-16 19:30:00+00:00,89.5,135.0,18.0,72.0,0.3,349.0,5662,Nehru Nagar
2025-11-16 20:30:00+00:00,82.0,123.0,17.7,71.5,0.325,349.0,5662,Nehru Nagar
2025-11-16 21:30:00+00:00,76.5,115.0,17.8,66.0,0.4,307.0,5662,Nehru Nagar
2025-11-16 22:30:00+00:00,72.0,108.0,17.4,65.3,0.575,348.0,5662,Nehru Nagar
2025-11-16 23:30:00+00:00,78.5,118.0,17.2,63.5,0.5,349.0,5662,Nehru Nagar
2025-11-17 00:30:00+00:00,78.5,118.0,17.2,65.3,0.725,337.0,5662,Nehru Nagar
2025-11-17 01:30:00+00:00,70.0,105.0,18.4,63.3,0.825,346.0,5662,Nehru Nagar
2025-11-17 02:30:00+00:00,70.5,106.0,21.4,54.8,1.0,262.0,5662,Nehru Nagar
2025-11-17 03:30:00+00:00,61.0,91.0,24.1,45.5,1.13,241.0,5662,Nehru Nagar
2025-11-17 04:30:00+00:00,49.5,74.0,26.2,43.8,1.3,232.0,5662,Nehru Nagar
2025-11-17 05:30:00+00:00,47.0,71.0,28.0,40.5,1.18,243.0,5662,Nehru Nagar
2025-11-17 06:30:00+00:00,35.5,53.5,29.1,31.8,1.38,243.0,5662,Nehru Nagar
2025-11-17 07:30:00+00:00,24.0,36.0,29.0,32.0,1.3,217.0,5662,Nehru Nagar
2025-11-17 08:30:00+00:00,23.7,35.3,29.0,32.3,0.933,244.0,5662,Nehru Nagar
2025-11-17 09:30:00+00:00,24.5,36.5,28.6,33.3,0.55,237.0,5662,Nehru Nagar
2025-11-17 10:30:00+00:00,32.5,49.0,26.0,42.0,0.3,127.0,5662,Nehru Nagar
2025-11-17 11:30:00+00:00,48.5,73.0,23.2,51.8,0.3,129.0,5662,Nehru Nagar
2025-11-17 12:30:00+00:00,63.0,95.0,22.0,57.8,0.3,123.0,5662,Nehru Nagar
2025-11-17 13:30:00+00:00,73.5,111.0,21.1,63.0,0.3,127.0,5662,Nehru Nagar
2025-11-17 14:30:00+00:00,87.7,131.0,20.9,65.0,0.5,191.0,5662,Nehru Nagar
2025-11-17 15:30:00+00:00,101.0,151.0,20.0,69.0,0.367,217.0,5662,Nehru Nagar
2025-11-17 16:30:00+00:00,97.0,145.0,19.7,69.5,0.4,235.0,5662,Nehru Nagar
2025-11-17 17:30:00+00:00,88.7,133.0,19.4,70.7,0.6,239.0,5662,Nehru Nagar
2025-11-17 18:30:00+00:00,54.0,81.0,18.8,67.0,0.3,349.0,5662,Nehru Nagar
2025-11-17 19:30:00+00:00,50.5,75.5,18.8,66.3,0.35,349.0,5662,Nehru Nagar
2025-11-17 20:30:00+00:00,43.5,65.0,18.4,65.0,0.35,349.0,5662,Nehru Nagar
2025-11-17 21:30:00+00:00,39.5,59.5,17.9,66.0,0.3,349.0,5662,Nehru Nagar
2025-11-17 22:30:00+00:00,41.5,62.0,17.9,66.0,0.35,349.0,5662,Nehru Nagar
2025-11-17 23:30:00+00:00,43.0,64.0,17.8,65.0,0.775,349.0,5662,Nehru Nagar
2025-11-18 00:30:00+00:00,43.3,65.0,17.6,65.7,0.867,349.0,5662,Nehru Nagar
2025-11-18 01:30:00+00:00,47.0,70.0,19.1,60.8,1.08,349.0,5662,Nehru Nagar
2025-11-18 02:30:00+00:00,48.5,72.0,22.1,50.8,1.28,256.0,5662,Nehru Nagar
2025-11-18 03:30:00+00:00,44.7,66.3,23.7,46.0,1.93,231.0,5662,Nehru Nagar
2025-11-18 04:30:00+00:00,39.5,58.5,26.5,41.0,1.6,307.0,5662,Nehru Nagar
2025-11-18 11:30:00+00:00,40.7,60.3,23.2,50.3,0.3,349.0,5662,Nehru Nagar
2025-11-18 12:30:00+00:00,62.0,93.0,22.0,56.8,0.3,349.0,5662,Nehru Nagar
2025-11-18 13:30:00+00:00,74.7,112.0,21.6,61.3,0.3,252.0,5662,Nehru Nagar
2025-11-18 14:30:00+00:00,76.0,113.0,21.6,61.0,0.3,48.0,5662,Nehru Nagar
2025-11-18 15:30:00+00:00,103.0,154.0,21.3,57.8,0.3,320.0,5662,Nehru Nagar
2025-11-18 16:30:00+00:00,92.0,138.0,20.8,56.8,0.375,349.0,5662,Nehru Nagar
2025-11-18 17:30:00+00:00,88.0,132.0,20.3,57.7,0.367,349.0,5662,Nehru Nagar
2025-11-18 18:30:00+00:00,86.0,128.0,19.9,56.5,0.55,349.0,5662,Nehru Nagar
2025-11-18 19:30:00+00:00,82.5,123.0,19.5,58.8,0.375,349.0,5662,Nehru Nagar
2025-11-18 20:30:00+00:00,79.5,119.0,18.8,61.0,0.3,288.0,5662,Nehru Nagar
2025-11-18 21:30:00+00:00,74.0,112.0,17.9,66.5,0.3,349.0,5662,Nehru Nagar
2025-11-18 22:30:00+00:00,71.0,107.0,17.6,69.0,0.3,349.0,5662,Nehru Nagar
2025-11-18 23:30:00+00:00,69.0,103.0,17.4,70.5,0.3,349.0,5662,Nehru Nagar
2025-11-19 00:30:00+00:00,64.5,97.0,17.6,71.0,0.325,336.0,5662,Nehru Nagar
2025-11-19 01:30:00+00:00,80.5,121.0,19.2,70.3,0.675,217.0,5662,Nehru Nagar
2025-11-19 02:30:00+00:00,86.0,129.0,21.6,59.5,1.08,208.0,5662,Nehru Nagar
2025-11-19 03:30:00+00:00,67.7,101.0,23.5,52.0,1.37,220.0,5662,Nehru Nagar
2025-11-19 04:30:00+00:00,50.5,75.5,25.4,48.3,1.75,225.0,5662,Nehru Nagar
2025-11-19 05:30:00+00:00,51.5,77.0,26.9,44.0,2.03,217.0,5662,Nehru Nagar
2025-11-19 06:30:00+00:00,44.5,66.5,27.5,40.3,2.23,226.0,5662,Nehru Nagar
2025-11-19 07:30:00+00:00,36.5,54.5,27.9,37.8,2.05,214.0,5662,Nehru Nagar
2025-11-19 08:30:00+00:00,39.0,58.3,27.4,38.0,1.67,219.0,5662,Nehru Nagar
2025-11-19 09:30:00+00:00,137.0,206.0,26.8,39.3,1.43,207.0,5662,Nehru Nagar
2025-11-19 10:30:00+00:00,97.0,146.0,25.0,42.5,0.85,175.0,5662,Nehru Nagar
2025-11-19 11:30:00+00:00,68.0,103.0,22.8,52.0,0.3,220.0,5662,Nehru Nagar
2025-11-19 12:30:00+00:00,108.0,162.0,21.3,61.3,0.3,349.0,5662,Nehru Nagar
2025-11-19 13:30:00+00:00,123.0,184.0,20.9,65.0,0.3,349.0,5662,Nehru Nagar
2025-11-19 14:30:00+00:00,125.0,188.0,20.2,68.0,0.3,349.0,5662,Nehru Nagar
2025-11-19 15:30:00+00:00,109.0,164.0,19.6,70.3,0.3,349.0,5662,Nehru Nagar
2025-11-19 16:30:00+00:00,100.0,150.0,19.2,71.0,0.3,349.0,5662,Nehru Nagar
2025-11-19 17:30:00+00:00,95.3,143.0,18.8,70.3,0.3,349.0,5662,Nehru Nagar
2025-11-19 18:30:00+00:00,83.0,124.0,18.5,71.0,0.3,349.0,5662,Nehru Nagar
2025-11-19 19:30:00+00:00,84.0,126.0,18.3,72.3,0.3,349.0,5662,Nehru Nagar
2025-11-19 20:30:00+00:00,86.0,129.0,18.4,74.8,0.5,349.0,5662,Nehru Nagar
2025-11-19 21:30:00+00:00,85.5,129.0,18.0,74.3,0.325,349.0,5662,Nehru Nagar
2025-11-19 22:30:00+00:00,81.5,123.0,17.6,76.0,0.3,349.0,5662,Nehru Nagar
2025-11-19 23:30:00+00:00,131.0,196.0,17.2,77.5,0.3,349.0,5662,Nehru Nagar
2025-11-20 00:30:00+00:00,148.0,222.0,17.2,78.8,0.3,349.0,5662,Nehru Nagar
2025-11-20 01:30:00+00:00,113.0,169.0,19.1,79.3,0.3,349.0,5662,Nehru Nagar
2025-11-20 02:30:00+00:00,120.0,180.0,22.1,67.8,0.475,126.0,5662,Nehru Nagar
2025-11-20 03:30:00+00:00,106.0,160.0,25.1,48.7,1.0,212.0,5662,Nehru Nagar
2025-11-20 04:30:00+00:00,87.7,132.0,26.3,44.3,1.13,224.0,5662,Nehru Nagar
2025-11-20 05:30:00+00:00,59.7,89.7,27.7,39.0,1.4,257.0,5662,Nehru Nagar
2025-11-20 06:30:00+00:00,50.3,76.0,28.0,39.7,1.5,194.0,5662,Nehru Nagar
2025-11-20 07:30:00+00:00,46.0,69.0,28.0,40.5,1.23,201.0,5662,Nehru Nagar
2025-11-20 08:30:00+00:00,47.7,71.0,28.3,41.0,0.867,276.0,5662,Nehru Nagar
2025-11-20 09:30:00+00:00,49.5,73.5,27.5,42.3,0.4,329.0,5662,Nehru Nagar
2025-11-20 10:30:00+00:00,53.0,78.5,25.6,49.5,0.55,349.0,5662,Nehru Nagar
2025-11-20 11:30:00+00:00,110.0,164.0,23.3,60.5,0.3,349.0,5662,Nehru Nagar
2025-11-20 12:30:00+00:00,191.0,285.0,22.1,65.5,0.3,349.0,5662,Nehru Nagar
2025-11-20 13:30:00+00:00,198.0,296.0,21.8,67.3,0.3,349.0,5662,Nehru Nagar
2025-11-20 14:30:00+00:00,208.0,311.0,21.2,69.0,0.3,349.0,5662,Nehru Nagar
2025-11-20 15:30:00+00:00,249.0,373.0,20.5,69.8,0.3,349.0,5662,Nehru Nagar
2025-11-20 16:30:00+00:00,223.0,334.0,19.9,72.0,0.3,349.0,5662,Nehru Nagar
2025-11-20 17:30:00+00:00,175.0,262.0,19.4,73.5,0.3,349.0,5662,Nehru Nagar
2025-11-20 18:30:00+00:00,134.0,200.0,19.0,75.5,0.3,349.0,5662,Nehru Nagar
2025-11-20 19:30:00+00:00,127.0,191.0,18.6,76.3,0.3,349.0,5662,Nehru Nagar
2025-11-20 20:30:00+00:00,123.0,184.0,18.3,77.8,0.3,349.0,5662,Nehru Nagar
2025-11-20 21:30:00+00:00,133.0,199.0,18.0,78.8,0.3,349.0,5662,Nehru Nagar
2025-11-20 22:30:00+00:00,143.0,215.0,17.9,80.0,0.3,349.0,5662,Nehru Nagar
2025-11-20 23:30:00+00:00,145.0,217.0,17.9,79.3,0.3,349.0,5662,Nehru Nagar
2025-11-21 00:30:00+00:00,151.0,226.0,18.0,79.3,0.3,287.0,5662,Nehru Nagar
2025-11-21 01:30:00+00:00,133.0,199.0,19.6,73.5,0.6,283.0,5662,Nehru Nagar
2025-11-21 02:30:00+00:00,94.0,141.0,21.7,61.8,1.6,274.0,5662,Nehru Nagar
2025-11-21 03:30:00+00:00,73.5,111.0,24.1,55.0,1.28,287.0,5662,Nehru Nagar
2025-11-21 04:30:00+00:00,61.0,91.5,26.6,47.8,1.08,205.0,5662,Nehru Nagar
2025-11-21 05:30:00+00:00,53.0,79.3,27.8,44.3,1.27,287.0,5662,Nehru Nagar
2025-11-21 06:30:00+00:00,52.0,78.0,28.4,41.3,1.55,283.0,5662,Nehru Nagar
2025-11-21 07:30:00+00:00,46.5,69.5,29.0,40.0,1.15,222.0,5662,Nehru Nagar
2025-11-21 08:30:00+00:00,41.0,61.0,28.9,40.3,1.1,282.0,5662,Nehru Nagar
2025-11-21 09:30:00+00:00,41.0,61.5,27.8,42.5,0.9,323.0,5662,Nehru Nagar
2025-11-21 10:30:00+00:00,42.3,63.7,26.2,40.3,0.7,349.0,5662,Nehru Nagar
2025-11-21 11:30:00+00:00,60.5,90.5,23.8,54.0,0.3,349.0,5662,Nehru Nagar
2025-11-21 12:30:00+00:00,81.0,121.0,22.5,59.5,0.3,349.0,5662,Nehru Nagar
2025-11-21 13:30:00+00:00,88.5,132.0,21.7,69.0,0.3,349.0,5662,Nehru Nagar
2025-11-21 14:30:00+00:00,103.0,154.0,21.4,68.0,0.325,349.0,5662,Nehru Nagar
2025-11-21 15:30:00+00:00,109.0,164.0,20.8,73.5,0.3,349.0,5662,Nehru Nagar
2025-11-21 16:30:00+00:00,104.0,156.0,20.8,74.5,0.425,349.0,5662,Nehru Nagar
2025-11-21 17:30:00+00:00,101.0,151.0,20.4,74.0,0.3,349.0,5662,Nehru Nagar
2025-11-21 18:30:00+00:00,87.0,130.0,20.0,72.0,0.3,349.0,5662,Nehru Nagar
2025-11-21 19:30:00+00:00,85.0,127.0,19.6,72.3,0.35,349.0,5662,Nehru Nagar
2025-11-21 20:30:00+00:00,75.0,112.0,19.9,69.5,0.8,348.0,5662,Nehru Nagar
2025-11-21 21:30:00+00:00,62.0,92.5,19.6,66.5,0.675,349.0,5662,Nehru Nagar
2025-11-21 22:30:00+00:00,56.0,83.5,19.1,69.3,0.55,324.0,5662,Nehru Nagar
2025-11-21 23:30:00+00:00,56.0,84.0,18.7,72.5,0.425,349.0,5662,Nehru Nagar
2025-11-22 00:30:00+00:00,64.0,96.5,18.3,74.8,0.3,349.0,5662,Nehru Nagar
2025-11-22 01:30:00+00:00,75.0,113.0,19.7,75.8,0.3,349.0,5662,Nehru Nagar
2025-11-22 02:30:00+00:00,88.5,132.0,22.5,68.3,0.425,266.0,5662,Nehru Nagar
2025-11-22 03:30:00+00:00,113.0,168.0,25.3,54.0,0.5,242.0,5662,Nehru Nagar
2025-11-22 04:30:00+00:00,102.0,153.0,27.1,47.8,0.7,199.0,5662,Nehru Nagar
2025-11-22 05:30:00+00:00,63.0,95.0,26.8,48.0,1.83,312.0,5662,Nehru Nagar
2025-11-22 06:30:00+00:00,43.3,65.0,28.0,41.3,1.73,305.0,5662,Nehru Nagar
2025-11-22 07:30:00+00:00,34.0,50.5,28.5,40.5,1.48,290.0,5662,Nehru Nagar
2025-11-22 08:30:00+00:00,31.5,46.5,28.2,40.8,1.38,307.0,5662,Nehru Nagar
2025-11-22 09:30:00+00:00,33.7,49.7,27.6,42.7,0.867,302.0,5662,Nehru Nagar
2025-11-22 10:30:00+00:00,51.0,76.0,24.8,53.5,0.3,349.0,5662,Nehru Nagar
2025-11-22 11:30:00+00:00,59.5,88.5,23.1,58.5,0.3,349.0,5662,Nehru Nagar
2025-11-22 12:30:00+00:00,75.5,113.0,22.1,65.5,0.3,349.0,5662,Nehru Nagar
2025-11-22 13:30:00+00:00,125.0,186.0,21.5,68.8,0.3,349.0,5662,Nehru Nagar
2025-11-22 14:30:00+00:00,174.0,260.0,20.7,71.0,0.3,348.0,5662,Nehru Nagar
2025-11-22 15:30:00+00:00,167.0,250.0,20.3,73.3,0.3,349.0,5662,Nehru Nagar
2025-11-22 16:30:00+00:00,137.0,206.0,19.6,75.0,0.3,349.0,5662,Nehru Nagar
2025-11-22 17:30:00+00:00,122.0,184.0,19.7,77.0,0.3,349.0,5662,Nehru Nagar
2025-11-22 18:30:00+00:00,151.0,226.0,19.3,78.0,0.3,349.0,5662,Nehru Nagar
2025-11-22 19:30:00+00:00,168.0,251.0,19.0,76.5,0.3,165.0,5662,Nehru Nagar
2025-11-22 20:30:00+00:00,177.0,265.0,18.8,78.0,0.3,40.0,5662,Nehru Nagar
2025-11-22 21:30:00+00:00,163.0,244.0,18.5,77.5,0.3,247.0,5662,Nehru Nagar
2025-11-22 22:30:00+00:00,154.0,230.0,18.3,78.0,0.325,109.0,5662,Nehru Nagar
2025-11-22 23:30:00+00:00,135.0,203.0,17.8,78.3,0.6,245.0,5662,Nehru Nagar
2025-11-23 00:30:00+00:00,103.0,154.0,17.3,81.8,0.425,287.0,5662,Nehru Nagar
2025-11-23 01:30:00+00:00,91.5,137.0,18.7,82.0,0.325,349.0,5662,Nehru Nagar
2025-11-23 02:30:00+00:00,102.0,153.0,21.3,75.8,0.975,309.0,5662,Nehru Nagar
2025-11-23 03:30:00+00:00,108.0,163.0,24.1,57.0,1.1,241.0,5662,Nehru Nagar
2025-11-23 04:30:00+00:00,96.5,145.0,26.1,48.5,1.4,133.0,5662,Nehru Nagar
2025-11-23 05:30:00+00:00,79.0,119.0,27.0,44.8,1.85,266.0,5662,Nehru Nagar
2025-11-23 06:30:00+00:00,67.0,101.0,28.1,39.3,1.63,279.0,5662,Nehru Nagar
2025-11-23 07:30:00+00:00,57.0,86.0,28.4,34.5,1.68,288.0,5662,Nehru Nagar
2025-11-23 08:30:00+00:00,50.5,76.0,28.3,31.5,1.55,322.0,5662,Nehru Nagar
2025-11-23 09:30:00+00:00,46.7,70.0,27.4,32.3,1.2,341.0,5662,Nehru Nagar
2025-11-23 12:30:00+00:00,182.0,273.0,20.4,59.5,0.3,349.0,5662,Nehru Nagar
2025-11-23 13:30:00+00:00,185.0,278.0,20.3,59.5,0.3,349.0,5662,Nehru Nagar
2025-11-23 14:30:00+00:00,198.0,297.0,19.6,63.3,0.3,349.0,5662,Nehru Nagar
2025-11-23 15:30:00+00:00,188.0,282.0,19.1,67.3,0.3,349.0,5662,Nehru Nagar
2025-11-23 16:30:00+00:00,164.0,245.0,19.0,69.8,0.3,309.0,5662,Nehru Nagar
2025-11-23 17:30:00+00:00,162.0,243.0,18.8,70.3,0.3,56.7,5662,Nehru Nagar
2025-11-23 18:30:00+00:00,169.0,253.0,18.2,70.5,0.3,349.0,5662,Nehru Nagar
2025-11-23 19:30:00+00:00,164.0,246.0,17.9,68.3,0.325,349.0,5662,Nehru Nagar
2025-11-23 20:30:00+00:00,148.0,223.0,17.6,68.5,0.3,289.0,5662,Nehru Nagar
2025-11-23 21:30:00+00:00,131.0,197.0,17.4,72.8,0.35,180.0,5662,Nehru Nagar
2025-11-23 22:30:00+00:00,107.0,161.0,16.9,76.3,0.325,231.0,5662,Nehru Nagar
2025-11-23 23:30:00+00:00,84.5,127.0,16.7,77.0,0.325,44.8,5662,Nehru Nagar
2025-11-24 00:30:00+00:00,88.5,132.0,16.7,77.0,0.3,43.3,5662,Nehru Nagar
2025-11-24 01:30:00+00:00,124.0,186.0,18.3,76.0,0.3,190.0,5662,Nehru Nagar
2025-11-24 02:30:00+00:00,136.0,204.0,22.2,61.0,0.35,219.0,5662,Nehru Nagar
2025-11-24 03:30:00+00:00,130.0,194.0,25.4,46.8,0.375,150.0,5662,Nehru Nagar
2025-11-24 04:30:00+00:00,124.0,186.0,27.1,38.5,0.75,210.0,5662,Nehru Nagar
2025-11-24 05:30:00+00:00,95.5,144.0,28.2,33.8,0.9,261.0,5662,Nehru Nagar
2025-11-24 06:30:00+00:00,73.0,110.0,28.2,30.0,1.47,248.0,5662,Nehru Nagar
2025-11-24 07:30:00+00:00,55.0,83.0,28.4,28.0,1.63,230.0,5662,Nehru Nagar
2025-11-24 08:30:00+00:00,42.0,63.0,28.4,28.8,1.23,218.0,5662,Nehru Nagar
2025-11-24 09:30:00+00:00,32.0,47.5,27.2,32.3,0.75,204.0,5662,Nehru Nagar
2025-11-24 10:30:00+00:00,47.0,70.5,24.6,41.0,0.3,336.0,5662,Nehru Nagar
2025-11-24 11:30:00+00:00,73.0,110.0,22.1,52.0,0.3,349.0,5662,Nehru Nagar
2025-11-24 12:30:00+00:00,86.5,130.0,21.0,57.5,0.35,349.0,5662,Nehru Nagar
2025-11-24 13:30:00+00:00,87.5,131.0,20.6,58.8,0.4,306.0,5662,Nehru Nagar
2025-11-24 14:30:00+00:00,86.5,130.0,19.7,60.3,0.3,130.0,5662,Nehru Nagar
2025-11-24 15:30:00+00:00,88.0,132.0,19.2,62.5,0.3,349.0,5662,Nehru Nagar
2025-11-24 16:30:00+00:00,85.5,128.0,18.5,64.0,0.3,349.0,5662,Nehru Nagar
2025-11-24 17:30:00+00:00,79.0,118.0,18.4,69.0,0.3,349.0,5662,Nehru Nagar
2025-11-24 18:30:00+00:00,77.0,115.0,18.2,69.0,0.65,344.0,5662,Nehru Nagar
2025-11-24 19:30:00+00:00,76.0,114.0,17.8,67.0,0.775,340.0,5662,Nehru Nagar
2025-11-24 20:30:00+00:00,69.0,103.0,17.2,64.3,0.625,349.0,5662,Nehru Nagar
2025-11-24 21:30:00+00:00,57.5,86.0,17.0,62.8,0.525,349.0,5662,Nehru Nagar
2025-11-24 22:30:00+00:00,49.0,73.5,16.8,62.5,0.625,349.0,5662,Nehru Nagar
2025-11-24 23:30:00+00:00,46.0,69.0,16.4,64.0,0.325,349.0,5662,Nehru Nagar
2025-11-25 00:30:00+00:00,62.5,94.0,16.1,67.3,0.3,349.0,5662,Nehru Nagar
2025-11-25 01:30:00+00:00,81.0,122.0,17.7,64.8,0.75,349.0,5662,Nehru Nagar
2025-11-25 02:30:00+00:00,73.0,110.0,20.0,57.3,1.13,307.0,5662,Nehru Nagar
2025-11-25 03:30:00+00:00,63.0,94.5,22.8,47.5,1.1,228.0,5662,Nehru Nagar
2025-11-25 04:30:00+00:00,63.5,95.0,24.8,43.3,1.23,273.0,5662,Nehru Nagar
2025-11-25 05:30:00+00:00,63.0,94.0,26.2,40.3,1.2,268.0,5662,Nehru Nagar
2025-11-25 06:30:00+00:00,61.0,91.0,27.1,39.0,1.38,267.0,5662,Nehru Nagar
2025-11-25 07:30:00+00:00,53.3,80.0,27.0,36.0,2.27,317.0,5662,Nehru Nagar
2025-11-25 08:30:00+00:00,45.0,67.5,26.6,32.8,1.88,301.0,5662,Nehru Nagar
2025-11-25 09:30:00+00:00,38.0,57.0,25.7,33.0,1.25,317.0,5662,Nehru Nagar
2025-11-25 10:30:00+00:00,34.0,50.5,23.8,38.3,0.8,346.0,5662,Nehru Nagar
2025-11-25 11:30:00+00:00,36.0,53.5,22.1,41.8,0.8,348.0,5662,Nehru Nagar
2025-11-25 12:30:00+00:00,40.5,60.5,21.2,40.8,0.775,349.0,5662,Nehru Nagar
2025-11-25 13:30:00+00:00,53.0,79.0,20.0,45.8,0.325,349.0,5662,Nehru Nagar
2025-11-25 14:30:00+00:00,80.5,121.0,19.4,49.5,0.35,349.0,5662,Nehru Nagar
2025-11-25 15:30:00+00:00,95.0,143.0,19.0,51.5,0.475,349.0,5662,Nehru Nagar
2025-11-25 16:30:00+00:00,83.0,125.0,18.2,55.3,0.3,348.0,5662,Nehru Nagar
2025-11-25 17:30:00+00:00,76.7,115.0,17.7,58.7,0.3,349.0,5662,Nehru Nagar
2025-11-25 18:30:00+00:00,92.0,137.0,16.9,64.0,0.3,274.0,5662,Nehru Nagar
2025-11-25 19:30:00+00:00,90.0,135.0,16.9,63.5,0.325,277.0,5662,Nehru Nagar
2025-11-25 20:30:00+00:00,89.0,134.0,17.0,61.3,0.4,144.0,5662,Nehru Nagar
2025-11-25 21:30:00+00:00,90.0,135.0,16.5,62.8,0.5,242.0,5662,Nehru Nagar
2025-11-25 22:30:00+00:00,83.5,126.0,16.2,63.3,0.675,298.0,5662,Nehru Nagar
2025-11-25 23:30:00+00:00,70.0,105.0,15.8,64.0,0.55,349.0,5662,Nehru Nagar
2025-11-26 00:30:00+00:00,65.0,97.0,15.5,65.5,0.3,291.0,5662,Nehru Nagar
2025-11-26 01:30:00+00:00,86.5,129.0,17.0,63.0,0.575,348.0,5662,Nehru Nagar
2025-11-26 02:30:00+00:00,81.5,122.0,19.8,51.5,1.33,348.0,5662,Nehru Nagar
2025-11-26 03:30:00+00:00,54.5,81.5,22.1,45.8,1.73,273.0,5662,Nehru Nagar
2025-11-26 04:30:00+00:00,50.0,74.5,24.0,44.0,1.6,285.0,5662,Nehru Nagar
2025-11-26 05:30:00+00:00,44.5,66.5,25.6,35.5,2.18,248.0,5662,Nehru Nagar
2025-11-26 06:30:00+00:00,35.3,52.7,26.5,28.3,2.43,259.0,5662,Nehru Nagar
2025-11-26 07:30:00+00:00,19.0,29.0,26.8,27.5,2.5,247.0,5662,Nehru Nagar
2025-11-26 08:30:00+00:00,19.0,29.0,26.5,28.0,2.5,236.0,5662,Nehru Nagar
2025-11-26 09:30:00+00:00,22.0,33.7,26.0,29.0,1.33,253.0,5662,Nehru Nagar
2025-11-26 10:30:00+00:00,27.7,41.7,24.2,35.7,0.4,180.0,5662,Nehru Nagar
2025-11-26 11:30:00+00:00,64.3,96.3,20.6,50.3,0.3,112.0,5662,Nehru Nagar
2025-11-26 12:30:00+00:00,74.0,111.0,19.7,51.7,0.3,293.0,5662,Nehru Nagar
2025-11-26 13:30:00+00:00,82.7,124.0,19.0,58.3,0.3,349.0,5662,Nehru Nagar
2025-11-26 14:30:00+00:00,100.0,151.0,18.8,59.3,0.6,221.0,5662,Nehru Nagar
2025-11-26 15:30:00+00:00,93.5,140.0,18.2,62.8,0.4,349.0,5662,Nehru Nagar
2025-11-26 16:30:00+00:00,85.0,127.0,17.8,64.8,0.325,312.0,5662,Nehru Nagar
2025-11-26 17:30:00+00:00,79.0,118.0,17.3,66.5,0.35,286.0,5662,Nehru Nagar
2025-11-26 18:30:00+00:00,68.0,103.0,16.4,70.0,0.3,349.0,5662,Nehru Nagar
2025-11-26 19:30:00+00:00,58.0,87.0,16.5,68.3,0.333,208.0,5662,Nehru Nagar
2025-11-26 20:30:00+00:00,49.7,74.3,16.6,68.3,0.6,213.0,5662,Nehru Nagar
2025-11-26 21:30:00+00:00,49.0,73.5,16.3,68.8,0.5,307.0,5662,Nehru Nagar
2025-11-26 22:30:00+00:00,47.0,70.0,16.3,63.8,0.575,334.0,5662,Nehru Nagar
2025-11-26 23:30:00+00:00,42.5,63.0,16.1,63.8,0.425,338.0,5662,Nehru Nagar
2025-11-27 00:30:00+00:00,49.5,74.0,16.0,66.8,1.13,229.0,5662,Nehru Nagar
2025-11-27 01:30:00+00:00,53.5,80.0,16.1,66.5,0.825,275.0,5662,Nehru Nagar
2025-11-27 02:30:00+00:00,65.5,97.5,18.2,59.8,1.65,174.0,5662,Nehru Nagar
2025-11-27 03:30:00+00:00,63.0,94.0,21.7,46.8,1.88,202.0,5662,Nehru Nagar
2025-11-27 04:30:00+00:00,43.0,64.5,24.4,41.5,1.63,237.0,5662,Nehru Nagar
2025-11-27 05:30:00+00:00,39.0,58.5,26.1,36.3,1.9,286.0,5662,Nehru Nagar
2025-11-27 06:30:00+00:00,34.0,51.0,26.8,34.3,1.93,283.0,5662,Nehru Nagar
2025-11-27 07:30:00+00:00,27.0,40.5,27.5,30.0,1.7,261.0,5662,Nehru Nagar
2025-11-27 08:30:00+00:00,24.0,36.0,27.3,32.3,1.83,229.0,5662,Nehru Nagar
2025-11-27 09:30:00+00:00,24.0,36.0,27.3,32.3,1.13,252.0,5662,Nehru Nagar
2025-11-27 10:30:00+00:00,33.0,50.0,23.5,43.5,0.3,349.0,5662,Nehru Nagar
2025-11-27 11:30:00+00:00,44.5,67.5,21.3,51.5,0.3,349.0,5662,Nehru Nagar
2025-11-27 12:30:00+00:00,68.5,103.0,20.0,58.8,0.3,349.0,5662,Nehru Nagar
2025-11-27 13:30:00+00:00,80.0,120.0,19.5,62.0,0.3,170.0,5662,Nehru Nagar
2025-11-27 14:30:00+00:00,96.5,145.0,18.7,65.3,0.3,318.0,5662,Nehru Nagar
2025-11-27 15:30:00+00:00,116.0,174.0,18.5,67.7,0.333,349.0,5662,Nehru Nagar
2025-11-27 16:30:00+00:00,116.0,174.0,18.1,67.8,0.375,349.0,5662,Nehru Nagar
2025-11-27 17:30:00+00:00,113.0,169.0,17.8,70.0,0.3,349.0,5662,Nehru Nagar
2025-11-27 18:30:00+00:00,100.0,150.0,17.0,67.5,0.3,349.0,5662,Nehru Nagar
2025-11-27 19:30:00+00:00,90.0,135.0,16.5,69.0,0.3,349.0,5662,Nehru Nagar
2025-11-27 20:30:00+00:00,69.0,103.0,16.2,68.0,0.3,120.0,5662,Nehru Nagar
2025-11-27 21:30:00+00:00,55.0,81.5,15.6,69.0,0.3,99.0,5662,Nehru Nagar
2025-11-27 22:30:00+00:00,47.5,70.5,15.4,69.5,0.3,177.0,5662,Nehru Nagar
2025-11-27 23:30:00+00:00,44.0,66.0,15.2,69.3,0.3,349.0,5662,Nehru Nagar
2025-11-28 00:30:00+00:00,41.0,62.0,15.8,66.0,0.333,349.0,5662,Nehru Nagar
2025-11-28 01:30:00+00:00,45.5,68.0,17.9,61.0,0.5,337.0,5662,Nehru Nagar
2025-11-28 02:30:00+00:00,47.0,70.0,20.4,52.0,1.15,343.0,5662,Nehru Nagar
2025-11-28 03:30:00+00:00,40.5,60.5,23.1,45.8,1.18,308.0,5662,Nehru Nagar
2025-11-28 04:30:00+00:00,33.5,49.5,24.9,42.5,1.5,239.0,5662,Nehru Nagar
2025-11-28 05:30:00+00:00,36.0,53.5,26.2,37.8,1.53,226.0,5662,Nehru Nagar
2025-11-28 06:30:00+00:00,34.0,51.0,27.6,32.8,1.3,246.0,5662,Nehru Nagar
2025-11-28 07:30:00+00:00,24.0,36.0,27.9,32.0,1.15,226.0,5662,Nehru Nagar
2025-11-28 08:30:00+00:00,25.0,37.5,27.3,33.0,1.3,229.0,5662,Nehru Nagar
2025-11-28 09:30:00+00:00,27.0,40.5,26.5,34.3,0.925,259.0,5662,Nehru Nagar
2025-11-28 10:30:00+00:00,38.0,57.0,24.2,42.8,0.45,108.0,5662,Nehru Nagar
2025-11-28 11:30:00+00:00,58.5,88.0,21.6,50.5,0.3,102.0,5662,Nehru Nagar
2025-11-28 12:30:00+00:00,67.0,101.0,20.3,59.0,0.3,150.0,5662,Nehru Nagar
2025-11-28 13:30:00+00:00,82.0,123.0,20.0,62.3,0.3,349.0,5662,Nehru Nagar
2025-11-28 14:30:00+00:00,103.0,154.0,19.9,60.5,0.325,153.0,5662,Nehru Nagar
2025-11-28 15:30:00+00:00,89.5,134.0,19.6,59.3,0.35,185.0,5662,Nehru Nagar
2025-11-28 16:30:00+00:00,71.5,107.0,18.7,59.3,0.3,349.0,5662,Nehru Nagar
2025-11-28 17:30:00+00:00,70.0,105.0,18.0,65.5,0.3,349.0,5662,Nehru Nagar
2025-11-28 18:30:00+00:00,62.0,92.0,17.8,66.5,0.45,349.0,5662,Nehru Nagar
2025-11-28 19:30:00+00:00,55.5,82.5,17.6,65.8,0.425,349.0,5662,Nehru Nagar
2025-11-28 20:30:00+00:00,46.0,69.0,16.6,67.5,0.3,349.0,5662,Nehru Nagar
2025-11-28 21:30:00+00:00,45.5,68.5,16.4,71.0,0.3,254.0,5662,Nehru Nagar
2025-11-28 22:30:00+00:00,49.0,73.0,16.5,69.5,0.3,193.0,5662,Nehru Nagar
2025-11-28 23:30:00+00:00,48.0,71.0,15.8,69.8,0.3,299.0,5662,Nehru Nagar
2025-11-29 00:30:00+00:00,46.0,68.5,16.0,68.0,0.3,301.0,5662,Nehru Nagar
2025-11-29 01:30:00+00:00,45.0,67.0,18.0,60.5,1.15,303.0,5662,Nehru Nagar
2025-11-29 02:30:00+00:00,43.0,64.0,20.8,50.0,1.33,266.0,5662,Nehru Nagar
2025-11-29 03:30:00+00:00,37.5,56.5,23.5,43.3,1.88,274.0,5662,Nehru Nagar
2025-11-29 04:30:00+00:00,31.5,47.5,25.2,39.8,2.25,259.0,5662,Nehru Nagar
2025-11-29 05:30:00+00:00,31.0,46.0,26.8,36.8,2.25,276.0,5662,Nehru Nagar
2025-11-29 06:30:00+00:00,29.0,43.5,27.9,32.0,2.03,268.0,5662,Nehru Nagar
2025-11-29 07:30:00+00:00,23.5,36.0,28.3,26.3,2.45,312.0,5662,Nehru Nagar
2025-11-29 08:30:00+00:00,21.0,32.0,28.5,27.0,2.15,324.0,5662,Nehru Nagar
2025-11-29 10:30:00+00:00,405.0,26.0,25.0,35.7,0.333,349.0,5662,Nehru Nagar
2025-11-29 11:30:00+00:00,253.0,121.0,23.1,41.7,0.3,302.0,5662,Nehru Nagar
2025-11-29 12:30:00+00:00,78.5,118.0,22.4,41.0,0.325,185.0,5662,Nehru Nagar
2025-11-29 13:30:00+00:00,81.0,121.0,21.8,46.8,0.375,192.0,5662,Nehru Nagar
2025-11-29 14:30:00+00:00,90.0,135.0,21.2,49.5,0.325,129.0,5662,Nehru Nagar
2025-11-29 15:30:00+00:00,101.0,151.0,20.6,53.8,0.575,163.0,5662,Nehru Nagar
2025-11-29 16:30:00+00:00,91.5,138.0,20.4,54.0,0.825,248.0,5662,Nehru Nagar
2025-11-29 17:30:00+00:00,77.0,116.0,19.9,54.5,0.75,302.0,5662,Nehru Nagar
2025-11-29 18:30:00+00:00,41.0,62.0,19.5,56.0,0.55,220.0,5662,Nehru Nagar
2025-11-29 19:30:00+00:00,41.0,62.0,19.3,56.8,0.725,335.0,5662,Nehru Nagar
2025-11-29 20:30:00+00:00,39.0,58.5,19.1,55.8,1.1,336.0,5662,Nehru Nagar
2025-11-29 21:30:00+00:00,39.0,58.0,18.4,56.8,0.925,342.0,5662,Nehru Nagar
2025-11-29 22:30:00+00:00,41.5,62.0,18.0,58.0,0.825,340.0,5662,Nehru Nagar
2025-11-29 23:30:00+00:00,39.5,59.5,17.6,59.3,0.975,345.0,5662,Nehru Nagar
2025-11-30 00:30:00+00:00,36.5,55.0,17.3,59.3,1.13,344.0,5662,Nehru Nagar
2025-11-30 01:30:00+00:00,37.0,55.5,18.3,55.3,1.25,343.0,5662,Nehru Nagar
2025-11-30 02:30:00+00:00,39.0,58.0,20.6,47.0,1.53,333.0,5662,Nehru Nagar
2025-11-30 03:30:00+00:00,38.5,57.0,23.1,39.3,1.65,327.0,5662,Nehru Nagar
2025-11-30 04:30:00+00:00,36.0,53.5,24.9,33.3,1.9,328.0,5662,Nehru Nagar
2025-11-30 05:30:00+00:00,33.5,50.0,26.9,31.3,1.8,297.0,5662,Nehru Nagar
2025-11-30 06:30:00+00:00,29.5,44.5,27.3,30.0,2.55,314.0,5662,Nehru Nagar
2025-11-30 07:30:00+00:00,26.0,39.5,27.9,27.5,2.73,298.0,5662,Nehru Nagar
2025-11-30 08:30:00+00:00,22.0,33.0,27.5,27.5,2.9,313.0,5662,Nehru Nagar
2025-11-30 09:30:00+00:00,19.0,28.5,26.7,29.5,2.48,331.0,5662,Nehru Nagar
2025-11-30 10:30:00+00:00,22.5,33.5,24.7,34.0,1.03,347.0,5662,Nehru Nagar
2025-11-30 11:30:00+00:00,39.0,57.5,22.4,43.0,0.3,349.0,5662,Nehru Nagar
2025-11-30 12:30:00+00:00,53.5,80.0,20.5,48.8,0.3,349.0,5662,Nehru Nagar
2025-11-30 13:30:00+00:00,67.5,102.0,19.9,56.5,0.3,196.0,5662,Nehru Nagar
2025-11-30 14:30:00+00:00,91.0,137.0,19.7,58.0,0.3,37.3,5662,Nehru Nagar
2025-11-30 15:30:00+00:00,100.0,151.0,19.2,59.8,0.3,15.0,5662,Nehru Nagar
2025-11-30 16:30:00+00:00,89.3,134.0,18.5,62.7,0.3,14.0,5662,Nehru Nagar
2025-11-30 17:30:00+00:00,85.0,127.0,18.1,65.5,0.3,13.5,5662,Nehru Nagar
2025-11-30 18:30:00+00:00,60.0,90.0,17.7,67.0,0.3,239.0,5662,Nehru Nagar
2025-11-30 19:30:00+00:00,55.0,82.5,17.8,64.5,0.45,349.0,5662,Nehru Nagar
2025-11-30 20:30:00+00:00,48.0,72.0,17.4,63.0,0.525,349.0,5662,Nehru Nagar
2025-11-30 21:30:00+00:00,46.5,69.5,16.9,64.0,0.525,349.0,5662,Nehru Nagar
2025-11-30 22:30:00+00:00,44.5,66.5,16.5,63.5,0.45,349.0,5662,Nehru Nagar
2025-11-30 23:30:00+00:00,41.0,61.0,16.3,61.5,0.475,349.0,5662,Nehru Nagar
2025-12-01 00:30:00+00:00,53.5,80.0,16.1,60.8,0.425,349.0,5662,Nehru Nagar
2025-12-01 01:30:00+00:00,62.0,93.5,17.7,54.8,0.425,248.0,5662,Nehru Nagar
2025-12-01 02:30:00+00:00,56.5,85.5,19.9,46.0,1.23,337.0,5662,Nehru Nagar
2025-12-01 03:30:00+00:00,52.7,79.3,21.8,41.3,1.37,324.0,5662,Nehru Nagar
2025-12-01 05:30:00+00:00,41.0,61.0,26.8,31.0,1.2,300.0,5662,Nehru Nagar
2025-12-01 06:30:00+00:00,38.0,56.5,26.7,30.0,1.78,301.0,5662,Nehru Nagar
2025-12-01 07:30:00+00:00,33.0,49.3,27.2,29.0,1.83,309.0,5662,Nehru Nagar
2025-12-01 08:30:00+00:00,32.0,48.7,27.3,29.0,1.5,314.0,5662,Nehru Nagar
2025-12-01 09:30:00+00:00,31.0,47.0,26.2,30.8,1.33,317.0,5662,Nehru Nagar
2025-12-01 10:30:00+00:00,33.5,50.5,23.9,39.5,0.575,189.0,5662,Nehru Nagar
2025-12-01 11:30:00+00:00,48.0,72.0,21.4,49.5,0.325,189.0,5662,Nehru Nagar
2025-12-01 12:30:00+00:00,54.5,82.0,20.4,52.0,0.325,349.0,5662,Nehru Nagar
2025-12-01 13:30:00+00:00,62.5,94.5,18.9,57.8,0.3,349.0,5662,Nehru Nagar
2025-12-01 14:30:00+00:00,106.0,160.0,18.5,62.3,0.3,349.0,5662,Nehru Nagar
2025-12-01 15:30:00+00:00,134.0,201.0,17.9,64.8,0.3,349.0,5662,Nehru Nagar
2025-12-01 16:30:00+00:00,132.0,197.0,17.4,68.5,0.3,349.0,5662,Nehru Nagar
2025-12-01 17:30:00+00:00,133.0,199.0,17.0,69.0,0.3,349.0,5662,Nehru Nagar
2025-12-01 18:30:00+00:00,75.0,112.0,16.6,68.5,0.3,349.0,5662,Nehru Nagar
2025-12-01 19:30:00+00:00,84.0,126.0,16.3,71.0,0.3,349.0,5662,Nehru Nagar
2025-12-01 20:30:00+00:00,101.0,152.0,15.8,73.0,0.3,349.0,5662,Nehru Nagar
2025-12-01 21:30:00+00:00,97.0,146.0,15.2,73.0,0.3,349.0,5662,Nehru Nagar
2025-12-01 22:30:00+00:00,69.5,104.0,15.5,68.0,0.4,349.0,5662,Nehru Nagar
2025-12-01 23:30:00+00:00,50.0,74.5,15.4,65.3,0.35,349.0,5662,Nehru Nagar
2025-12-02 00:30:00+00:00,50.0,74.5,15.1,64.3,0.3,349.0,5662,Nehru Nagar
2025-12-02 01:30:00+00:00,58.0,87.0,16.9,59.5,0.5,349.0,5662,Nehru Nagar
2025-12-02 02:30:00+00:00,57.0,85.0,19.8,46.8,0.8,324.0,5662,Nehru Nagar
2025-12-02 03:30:00+00:00,51.0,75.5,22.8,38.0,0.65,286.0,5662,Nehru Nagar
2025-12-02 04:30:00+00:00,47.0,70.5,24.6,34.3,1.18,285.0,5662,Nehru Nagar
2025-12-02 05:30:00+00:00,46.0,69.5,25.7,34.0,1.68,294.0,5662,Nehru Nagar
2025-12-02 06:30:00+00:00,42.5,63.5,26.2,34.8,2.18,290.0,5662,Nehru Nagar
2025-12-02 07:30:00+00:00,36.0,54.0,27.0,34.5,1.95,294.0,5662,Nehru Nagar
2025-12-02 08:30:00+00:00,37.0,56.0,27.0,35.8,1.8,317.0,5662,Nehru Nagar
2025-12-02 09:30:00+00:00,38.7,58.0,26.4,38.0,1.33,339.0,5662,Nehru Nagar
2025-12-02 10:30:00+00:00,38.5,57.5,24.3,44.5,0.35,207.0,5662,Nehru Nagar
2025-12-02 11:30:00+00:00,61.5,92.5,21.6,55.5,0.3,107.0,5662,Nehru Nagar
2025-12-02 12:30:00+00:00,67.5,101.0,20.7,59.5,0.3,284.0,5662,Nehru Nagar
2025-12-02 13:30:00+00:00,68.0,102.0,20.0,63.5,0.3,349.0,5662,Nehru Nagar
2025-12-02 14:30:00+00:00,102.0,152.0,19.6,65.8,0.3,349.0,5662,Nehru Nagar
2025-12-02 15:30:00+00:00,149.0,224.0,19.2,69.0,0.3,349.0,5662,Nehru Nagar
2025-12-02 16:30:00+00:00,178.0,268.0,18.7,71.5,0.3,349.0,5662,Nehru Nagar
2025-12-02 17:30:00+00:00,176.0,265.0,18.4,72.0,0.3,349.0,5662,Nehru Nagar
2025-12-02 18:30:00+00:00,136.0,204.0,17.7,74.5,0.3,349.0,5662,Nehru Nagar
2025-12-02 19:30:00+00:00,140.0,210.0,17.7,75.7,0.3,349.0,5662,Nehru Nagar
2025-12-03 03:30:00+00:00,104.0,156.0,23.6,56.0,0.567,123.0,5662,Nehru Nagar
2025-12-03 04:30:00+00:00,119.0,178.0,25.4,50.0,0.7,208.0,5662,Nehru Nagar
2025-12-03 05:30:00+00:00,105.0,158.0,26.8,45.3,0.95,222.0,5662,Nehru Nagar
2025-12-03 06:30:00+00:00,65.0,98.0,27.3,44.5,1.4,292.0,5662,Nehru Nagar
2025-12-03 07:30:00+00:00,48.0,72.0,27.1,45.7,1.6,311.0,5662,Nehru Nagar
2025-12-03 08:30:00+00:00,38.5,57.5,26.2,48.5,1.43,323.0,5662,Nehru Nagar
2025-12-03 09:30:00+00:00,41.5,62.0,25.7,50.5,0.7,275.0,5662,Nehru Nagar
2025-12-03 10:30:00+00:00,47.5,70.5,24.2,55.3,0.3,299.0,5662,Nehru Nagar
2025-12-03 11:30:00+00:00,50.0,74.5,22.0,57.5,0.3,331.0,5662,Nehru Nagar
2025-12-03 12:30:00+00:00,53.0,79.5,21.4,56.0,0.375,307.0,5662,Nehru Nagar
2025-12-03 13:30:00+00:00,57.0,86.0,20.6,57.0,0.35,349.0,5662,Nehru Nagar
2025-12-03 14:30:00+00:00,57.5,86.5,20.0,59.3,0.625,349.0,5662,Nehru Nagar
2025-12-03 15:30:00+00:00,60.5,91.0,19.3,61.0,0.7,343.0,5662,Nehru Nagar
2025-12-03 16:30:00+00:00,60.5,91.0,18.5,63.0,1.03,348.0,5662,Nehru Nagar
2025-12-03 17:30:00+00:00,55.3,83.0,17.9,60.0,1.37,348.0,5662,Nehru Nagar
2025-12-03 18:30:00+00:00,40.0,59.0,17.1,54.5,1.55,348.0,5662,Nehru Nagar
2025-12-03 19:30:00+00:00,39.0,58.5,16.5,56.0,1.53,345.0,5662,Nehru Nagar
2025-12-03 20:30:00+00:00,39.5,60.0,15.8,56.8,1.58,343.0,5662,Nehru Nagar
2025-12-03 21:30:00+00:00,41.5,62.5,15.4,55.0,1.75,344.0,5662,Nehru Nagar
2025-12-03 22:30:00+00:00,41.5,62.0,14.7,55.5,1.73,341.0,5662,Nehru Nagar
2025-12-03 23:30:00+00:00,39.5,59.0,14.3,56.0,0.825,346.0,5662,Nehru Nagar
2025-12-04 00:30:00+00:00,40.5,60.5,14.0,57.8,0.85,348.0,5662,Nehru Nagar
2025-12-04 01:30:00+00:00,48.3,72.0,15.5,54.7,1.17,336.0,5662,Nehru Nagar
2025-12-04 02:30:00+00:00,51.0,76.3,17.6,50.3,1.63,332.0,5662,Nehru Nagar
2025-12-04 03:30:00+00:00,47.0,70.5,20.0,45.8,2.08,319.0,5662,Nehru Nagar
2025-12-04 04:30:00+00:00,43.0,64.0,21.9,40.0,2.65,296.0,5662,Nehru Nagar
2025-12-04 08:30:00+00:00,27.0,41.0,25.2,27.0,2.2,302.0,5662,Nehru Nagar
2025-12-04 09:30:00+00:00,25.0,37.5,24.4,26.5,2.05,339.0,5662,Nehru Nagar
2025-12-04 10:30:00+00:00,21.5,32.0,22.3,28.0,1.38,345.0,5662,Nehru Nagar
2025-12-04 11:30:00+00:00,26.0,39.0,20.2,34.5,0.45,349.0,5662,Nehru Nagar
2025-12-04 12:30:00+00:00,40.5,60.5,18.2,42.0,0.3,349.0,5662,Nehru Nagar
2025-12-04 13:30:00+00:00,65.5,98.0,17.3,48.3,0.3,349.0,5662,Nehru Nagar
2025-12-04 14:30:00+00:00,98.0,147.0,17.0,50.7,0.3,349.0,5662,Nehru Nagar
2025-12-04 15:30:00+00:00,135.0,201.0,16.6,55.0,0.3,226.0,5662,Nehru Nagar
2025-12-04 16:30:00+00:00,124.0,186.0,16.5,52.7,0.3,29.7,5662,Nehru Nagar
2025-12-04 17:30:00+00:00,95.0,143.0,16.2,52.0,0.35,349.0,5662,Nehru Nagar
2025-12-04 18:30:00+00:00,51.0,76.0,15.6,52.0,0.3,349.0,5662,Nehru Nagar
2025-12-04 19:30:00+00:00,44.5,66.5,15.7,51.3,0.925,343.0,5662,Nehru Nagar
2025-12-04 20:30:00+00:00,39.5,59.0,15.1,53.8,1.05,347.0,5662,Nehru Nagar
2025-12-04 21:30:00+00:00,40.5,60.0,14.8,55.3,1.53,337.0,5662,Nehru Nagar
2025-12-04 22:30:00+00:00,40.0,59.5,14.0,57.5,0.9,335.0,5662,Nehru Nagar
2025-12-04 23:30:00+00:00,41.0,61.5,13.6,59.0,0.875,340.0,5662,Nehru Nagar
2025-12-05 00:30:00+00:00,43.5,65.5,13.4,61.0,1.18,349.0,5662,Nehru Nagar
2025-12-05 01:30:00+00:00,48.0,72.0,15.0,57.5,1.33,346.0,5662,Nehru Nagar
2025-12-05 02:30:00+00:00,53.0,79.0,18.0,48.0,1.45,343.0,5662,Nehru Nagar
2025-12-05 03:30:00+00:00,51.5,77.0,20.3,42.8,1.75,267.0,5662,Nehru Nagar
2025-12-05 04:30:00+00:00,46.0,69.5,22.1,40.0,1.75,240.0,5662,Nehru Nagar
2025-12-05 05:30:00+00:00,42.3,64.3,23.9,35.0,1.8,269.0,5662,Nehru Nagar
2025-12-05 06:30:00+00:00,33.0,49.7,24.8,29.7,2.23,309.0,5662,Nehru Nagar
2025-12-05 07:30:00+00:00,29.5,44.5,25.1,28.3,2.28,307.0,5662,Nehru Nagar
2025-12-05 08:30:00+00:00,27.0,41.0,25.2,29.0,2.03,310.0,5662,Nehru Nagar
2025-12-05 09:30:00+00:00,26.0,39.3,24.5,30.7,1.5,286.0,5662,Nehru Nagar
2025-12-05 10:30:00+00:00,30.7,46.0,21.6,39.3,0.533,341.0,5662,Nehru Nagar
2025-12-05 11:30:00+00:00,44.0,65.5,19.7,46.0,0.575,349.0,5662,Nehru Nagar
2025-12-05 12:30:00+00:00,51.0,76.0,19.0,47.8,0.55,349.0,5662,Nehru Nagar
2025-12-05 13:30:00+00:00,54.7,82.3,18.4,50.7,0.667,349.0,5662,Nehru Nagar
2025-12-05 14:30:00+00:00,58.5,87.5,17.6,53.3,0.45,349.0,5662,Nehru Nagar
2025-12-05 15:30:00+00:00,70.0,105.0,16.8,59.0,0.45,348.0,5662,Nehru Nagar
2025-12-05 16:30:00+00:00,76.5,115.0,16.7,56.5,0.825,349.0,5662,Nehru Nagar
2025-12-05 17:30:00+00:00,67.3,101.0,16.3,57.3,0.633,349.0,5662,Nehru Nagar
2025-12-05 18:30:00+00:00,55.0,82.0,15.5,60.0,0.6,349.0,5662,Nehru Nagar
2025-12-05 19:30:00+00:00,56.5,84.0,15.0,60.5,0.4,258.0,5662,Nehru Nagar
2025-12-05 20:30:00+00:00,56.5,84.0,14.7,61.0,0.65,349.0,5662,Nehru Nagar
2025-12-05 21:30:00+00:00,53.0,79.5,14.4,59.8,0.425,312.0,5662,Nehru Nagar
2025-12-05 22:30:00+00:00,50.5,75.5,14.2,61.0,0.55,181.0,5662,Nehru Nagar
2025-12-05 23:30:00+00:00,48.5,72.0,14.1,61.5,0.65,251.0,5662,Nehru Nagar
2025-12-06 00:30:00+00:00,47.0,70.0,13.9,62.0,0.9,267.0,5662,Nehru Nagar
2025-12-06 01:30:00+00:00,47.5,71.0,14.7,61.0,0.9,236.0,5662,Nehru Nagar
2025-12-06 02:30:00+00:00,52.0,77.5,16.8,55.8,1.35,267.0,5662,Nehru Nagar
2025-12-06 03:30:00+00:00,59.0,88.0,20.0,48.3,1.48,245.0,5662,Nehru Nagar
2025-12-06 04:30:00+00:00,58.0,86.7,21.7,42.0,2.2,300.0,5662,Nehru Nagar
2025-12-06 05:30:00+00:00,48.5,72.5,23.4,39.5,2.33,280.0,5662,Nehru Nagar
2025-12-06 06:30:00+00:00,43.0,64.5,24.7,36.3,2.33,255.0,5662,Nehru Nagar
2025-12-06 07:30:00+00:00,38.0,56.5,25.1,34.0,2.7,276.0,5662,Nehru Nagar
2025-12-06 08:30:00+00:00,37.0,55.0,25.2,33.0,2.8,285.0,5662,Nehru Nagar
2025-12-06 10:30:00+00:00,599.0,,22.1,42.0,0.7,194.0,5662,Nehru Nagar
2025-12-06 11:30:00+00:00,326.0,79.0,21.1,45.5,0.55,128.0,5662,Nehru Nagar
2025-12-06 12:30:00+00:00,80.0,120.0,19.7,51.3,0.4,99.8,5662,Nehru Nagar
2025-12-06 13:30:00+00:00,106.0,158.0,19.1,55.3,0.6,179.0,5662,Nehru Nagar
2025-12-06 14:30:00+00:00,88.5,133.0,18.6,56.5,0.675,227.0,5662,Nehru Nagar
2025-12-06 15:30:00+00:00,63.5,95.0,18.3,57.5,0.75,268.0,5662,Nehru Nagar
2025-12-06 16:30:00+00:00,51.0,76.5,17.6,60.3,0.55,241.0,5662,Nehru Nagar
2025-12-06 17:30:00+00:00,48.0,72.0,17.5,61.0,0.7,227.0,5662,Nehru Nagar
2025-12-06 18:30:00+00:00,40.0,60.0,17.2,61.0,0.6,145.0,5662,Nehru Nagar
2025-12-06 19:30:00+00:00,39.5,59.5,16.9,61.8,0.775,236.0,5662,Nehru Nagar
2025-12-06 20:30:00+00:00,36.5,54.5,17.3,57.0,1.5,328.0,5662,Nehru Nagar
2025-12-06 21:30:00+00:00,34.5,51.5,16.9,56.0,1.85,322.0,5662,Nehru Nagar
2025-12-06 22:30:00+00:00,36.0,54.0,16.3,57.3,1.6,300.0,5662,Nehru Nagar
2025-12-06 23:30:00+00:00,37.5,56.5,15.7,60.0,1.55,273.0,5662,Nehru Nagar
2025-12-07 00:30:00+00:00,39.0,59.0,15.4,60.0,1.55,318.0,5662,Nehru Nagar
2025-12-07 01:30:00+00:00,44.5,66.5,15.6,59.3,1.88,317.0,5662,Nehru Nagar
2025-12-07 02:30:00+00:00,58.5,87.5,17.0,55.5,2.38,303.0,5662,Nehru Nagar
2025-12-07 03:30:00+00:00,65.0,97.0,19.3,50.0,2.23,307.0,5662,Nehru Nagar
2025-12-07 04:30:00+00:00,59.0,88.0,21.3,45.5,1.88,301.0,5662,Nehru Nagar
2025-12-07 05:30:00+00:00,53.7,80.7,22.6,42.3,2.23,317.0,5662,Nehru Nagar
2025-12-07 06:30:00+00:00,49.0,73.5,24.6,37.5,2.55,318.0,5662,Nehru Nagar
2025-12-07 07:30:00+00:00,45.0,67.0,25.5,32.8,2.73,321.0,5662,Nehru Nagar
2025-12-07 08:30:00+00:00,37.0,55.0,25.9,31.5,2.15,337.0,5662,Nehru Nagar
2025-12-07 09:30:00+00:00,33.5,50.0,25.4,32.0,1.58,346.0,5662,Nehru Nagar
2025-12-07 10:30:00+00:00,35.0,52.5,23.6,36.8,0.5,241.0,5662,Nehru Nagar
2025-12-07 11:30:00+00:00,50.5,75.5,21.2,47.0,0.325,98.5,5662,Nehru Nagar
2025-12-07 12:30:00+00:00,69.5,104.0,20.3,51.0,0.55,156.0,5662,Nehru Nagar
2025-12-07 13:30:00+00:00,76.5,115.0,19.6,53.0,0.625,162.0,5662,Nehru Nagar
2025-12-07 14:30:00+00:00,79.0,119.0,18.9,52.8,0.6,232.0,5662,Nehru Nagar
2025-12-07 15:30:00+00:00,72.0,109.0,18.3,54.5,0.575,271.0,5662,Nehru Nagar
2025-12-07 16:30:00+00:00,63.0,94.5,17.8,57.3,0.35,271.0,5662,Nehru Nagar
2025-12-07 17:30:00+00:00,61.0,91.0,17.6,57.0,0.65,322.0,5662,Nehru Nagar
2025-12-07 18:30:00+00:00,50.0,75.0,16.9,58.5,0.45,253.0,5662,Nehru Nagar
2025-12-07 19:30:00+00:00,47.5,71.5,16.6,61.0,0.6,292.0,5662,Nehru Nagar
2025-12-07 20:30:00+00:00,41.7,62.7,16.8,60.7,1.07,326.0,5662,Nehru Nagar
2025-12-07 21:30:00+00:00,40.5,61.0,16.2,62.8,0.55,225.0,5662,Nehru Nagar
2025-12-07 22:30:00+00:00,41.0,61.5,15.8,65.0,0.65,259.0,5662,Nehru Nagar
2025-12-07 23:30:00+00:00,39.5,59.0,15.3,66.8,0.625,198.0,5662,Nehru Nagar
2025-12-08 00:30:00+00:00,44.5,66.5,14.9,68.5,0.75,152.0,5662,Nehru Nagar
2025-12-08 01:30:00+00:00,51.0,76.0,15.6,68.3,1.23,296.0,5662,Nehru Nagar
2025-12-08 02:30:00+00:00,50.3,75.3,18.2,60.3,1.9,317.0,5662,Nehru Nagar
2025-12-08 03:30:00+00:00,49.0,74.0,20.4,52.0,2.23,327.0,5662,Nehru Nagar
2025-12-08 04:30:00+00:00,50.0,75.5,22.6,47.3,1.7,317.0,5662,Nehru Nagar
2025-12-08 05:30:00+00:00,50.3,76.0,24.5,41.7,1.87,243.0,5662,Nehru Nagar
2025-12-08 06:30:00+00:00,42.5,64.0,26.1,33.3,3.48,310.0,5662,Nehru Nagar
2025-12-08 07:30:00+00:00,33.5,50.0,27.1,28.3,3.43,325.0,5662,Nehru Nagar
2025-12-08 08:30:00+00:00,23.5,35.0,27.5,24.8,3.08,327.0,5662,Nehru Nagar
2025-12-08 09:30:00+00:00,18.0,26.7,26.8,26.3,2.1,339.0,5662,Nehru Nagar
2025-12-08 11:30:00+00:00,225.0,57.0,22.1,36.3,0.633,350.0,5662,Nehru Nagar
2025-12-08 12:30:00+00:00,64.5,96.5,20.2,44.8,0.325,328.0,5662,Nehru Nagar
2025-12-08 13:30:00+00:00,104.0,156.0,19.6,49.7,0.3,351.0,5662,Nehru Nagar
2025-12-08 14:30:00+00:00,118.0,177.0,19.8,50.3,0.4,320.0,5662,Nehru Nagar
2025-12-08 15:30:00+00:00,86.0,129.0,19.3,52.7,0.733,304.0,5662,Nehru Nagar
2025-12-08 16:30:00+00:00,59.5,89.5,19.6,52.3,1.55,316.0,5662,Nehru Nagar
2025-12-08 17:30:00+00:00,47.0,71.0,19.2,53.0,1.5,344.0,5662,Nehru Nagar
2025-12-08 18:30:00+00:00,40.0,60.0,18.7,54.0,1.6,335.0,5662,Nehru Nagar
2025-12-08 19:30:00+00:00,40.0,60.0,18.2,55.5,1.85,347.0,5662,Nehru Nagar
2025-12-08 20:30:00+00:00,39.0,58.3,17.5,56.7,2.6,338.0,5662,Nehru Nagar
2025-12-08 21:30:00+00:00,37.0,55.5,16.7,58.0,2.53,328.0,5662,Nehru Nagar
2025-12-08 22:30:00+00:00,37.5,56.0,16.2,58.5,2.25,334.0,5662,Nehru Nagar
2025-12-08 23:30:00+00:00,39.0,58.0,15.4,60.5,1.08,329.0,5662,Nehru Nagar
2025-12-09 00:30:00+00:00,42.0,62.7,15.2,62.0,1.13,311.0,5662,Nehru Nagar
2025-12-09 01:30:00+00:00,46.5,69.5,16.4,60.3,1.53,303.0,5662,Nehru Nagar
2025-12-09 02:30:00+00:00,49.5,74.5,19.0,50.8,2.13,293.0,5662,Nehru Nagar
2025-12-09 03:30:00+00:00,46.5,70.5,21.4,43.3,2.25,297.0,5662,Nehru Nagar
2025-12-09 04:30:00+00:00,44.0,66.7,23.3,38.7,2.47,305.0,5662,Nehru Nagar
2025-12-09 05:30:00+00:00,41.0,61.0,25.3,35.0,2.63,303.0,5662,Nehru Nagar
2025-12-09 06:30:00+00:00,34.5,51.5,26.6,30.3,2.85,298.0,5662,Nehru Nagar
2025-12-09 07:30:00+00:00,27.0,41.0,27.3,26.0,3.18,309.0,5662,Nehru Nagar
2025-12-09 08:30:00+00:00,20.0,30.5,27.2,24.5,3.33,315.0,5662,Nehru Nagar
2025-12-09 09:30:00+00:00,17.3,26.3,26.6,25.3,3.13,312.0,5662,Nehru Nagar
2025-12-09 10:30:00+00:00,22.0,33.0,24.2,34.0,1.1,231.0,5662,Nehru Nagar
2025-12-09 11:30:00+00:00,30.5,46.0,22.4,39.5,0.65,225.0,5662,Nehru Nagar
2025-12-09 12:30:00+00:00,38.5,57.5,21.1,44.5,0.7,198.0,5662,Nehru Nagar
2025-12-09 13:30:00+00:00,42.5,63.0,20.4,47.0,0.825,256.0,5662,Nehru Nagar
2025-12-09 14:30:00+00:00,44.7,66.7,20.4,45.0,1.6,328.0,5662,Nehru Nagar
2025-12-09 15:30:00+00:00,38.0,57.0,20.0,45.8,2.15,299.0,5662,Nehru Nagar
2025-12-09 16:30:00+00:00,35.0,52.0,19.5,47.3,1.53,322.0,5662,Nehru Nagar
2025-12-09 17:30:00+00:00,34.0,50.0,18.6,50.5,0.65,328.0,5662,Nehru Nagar
2025-12-09 18:30:00+00:00,31.0,46.0,18.0,51.5,1.1,346.0,5662,Nehru Nagar
2025-12-09 19:30:00+00:00,29.7,44.0,17.3,54.0,0.8,321.0,5662,Nehru Nagar
2025-12-09 20:30:00+00:00,31.0,46.5,16.6,56.8,0.625,347.0,5662,Nehru Nagar
2025-12-09 21:30:00+00:00,30.7,46.3,16.1,59.0,0.6,273.0,5662,Nehru Nagar
2025-12-09 22:30:00+00:00,29.5,44.5,15.4,61.8,1.23,252.0,5662,Nehru Nagar
2025-12-09 23:30:00+00:00,33.5,50.5,15.0,63.8,1.15,262.0,5662,Nehru Nagar
2025-12-10 00:30:00+00:00,35.0,52.5,14.8,64.8,1.2,287.0,5662,Nehru Nagar
2025-12-10 01:30:00+00:00,38.5,57.5,15.8,62.8,1.13,267.0,5662,Nehru Nagar
2025-12-10 02:30:00+00:00,42.0,62.5,18.3,55.3,1.53,259.0,5662,Nehru Nagar
2025-12-10 03:30:00+00:00,43.0,64.5,21.5,46.8,1.2,182.0,5662,Nehru Nagar
2025-12-10 04:30:00+00:00,42.5,64.0,23.6,41.0,1.35,244.0,5662,Nehru Nagar
2025-12-10 05:30:00+00:00,42.0,63.0,25.3,36.8,1.88,303.0,5662,Nehru Nagar
2025-12-10 06:30:00+00:00,36.5,55.0,26.3,34.3,1.83,265.0,5662,Nehru Nagar
2025-12-10 07:30:00+00:00,30.0,45.5,26.8,30.8,2.25,277.0,5662,Nehru Nagar
2025-12-10 08:30:00+00:00,26.0,39.0,26.9,29.8,2.0,268.0,5662,Nehru Nagar
2025-12-10 09:30:00+00:00,24.5,36.5,26.5,33.0,1.9,269.0,5662,Nehru Nagar
2025-12-10 10:30:00+00:00,24.5,37.0,24.1,36.5,1.1,322.0,5662,Nehru Nagar
2025-12-10 11:30:00+00:00,29.7,45.0,21.9,40.7,0.4,248.0,5662,Nehru Nagar
2025-12-10 12:30:00+00:00,42.5,63.5,20.5,44.8,0.375,193.0,5662,Nehru Nagar
2025-12-10 13:30:00+00:00,50.5,75.0,19.8,48.5,0.45,237.0,5662,Nehru Nagar
2025-12-10 14:30:00+00:00,50.0,74.5,18.9,51.8,0.35,351.0,5662,Nehru Nagar
2025-12-10 15:30:00+00:00,49.5,74.0,18.4,52.8,0.375,346.0,5662,Nehru Nagar
2025-12-10 16:30:00+00:00,47.0,70.5,17.8,53.3,0.375,349.0,5662,Nehru Nagar
2025-12-10 17:30:00+00:00,46.0,69.0,17.6,54.0,0.55,334.0,5662,Nehru Nagar
2025-12-10 18:30:00+00:00,37.0,56.0,17.1,54.5,0.55,350.0,5662,Nehru Nagar
2025-12-10 19:30:00+00:00,36.0,54.0,16.7,56.0,0.9,352.0,5662,Nehru Nagar
2025-12-10 20:30:00+00:00,35.0,52.0,16.1,58.3,0.975,350.0,5662,Nehru Nagar
2025-12-10 21:30:00+00:00,35.5,53.0,15.6,61.8,0.4,264.0,5662,Nehru Nagar
2025-12-10 22:30:00+00:00,36.0,54.0,15.3,63.0,0.667,320.0,5662,Nehru Nagar
2025-12-10 23:30:00+00:00,41.0,61.5,15.1,64.0,0.725,327.0,5662,Nehru Nagar
2025-12-11 00:30:00+00:00,42.5,64.0,14.8,64.0,0.675,350.0,5662,Nehru Nagar
2025-12-11 01:30:00+00:00,46.3,69.7,15.7,63.7,0.7,337.0,5662,Nehru Nagar
2025-12-11 03:30:00+00:00,42.0,63.0,21.7,45.0,1.9,316.0,5662,Nehru Nagar
2025-12-11 04:30:00+00:00,42.0,63.0,22.3,44.0,2.08,303.0,5662,Nehru Nagar
2025-12-11 05:30:00+00:00,41.5,62.0,23.8,40.3,2.38,320.0,5662,Nehru Nagar
2025-12-11 06:30:00+00:00,40.0,59.7,25.3,39.3,2.0,300.0,5662,Nehru Nagar
2025-12-11 07:30:00+00:00,38.0,57.0,26.9,37.0,1.27,283.0,5662,Nehru Nagar
2025-12-11 08:30:00+00:00,37.0,55.5,26.9,36.8,1.3,324.0,5662,Nehru Nagar
2025-12-11 09:30:00+00:00,35.5,53.0,25.9,37.8,1.23,350.0,5662,Nehru Nagar
2025-12-11 10:30:00+00:00,33.5,49.5,23.8,44.0,1.0,266.0,5662,Nehru Nagar
2025-12-11 11:30:00+00:00,41.7,62.0,21.2,56.0,0.367,122.0,5662,Nehru Nagar
2025-12-11 12:30:00+00:00,69.0,104.0,19.6,64.7,0.3,108.0,5662,Nehru Nagar
2025-12-11 13:30:00+00:00,102.0,153.0,18.4,69.3,0.3,104.0,5662,Nehru Nagar
2025-12-11 14:30:00+00:00,110.0,165.0,18.1,71.3,0.3,103.0,5662,Nehru Nagar
2025-12-11 15:30:00+00:00,127.0,190.0,17.6,73.3,0.3,110.0,5662,Nehru Nagar
2025-12-11 16:30:00+00:00,159.0,238.0,17.5,74.7,0.3,351.0,5662,Nehru Nagar
2025-12-11 17:30:00+00:00,166.0,249.0,16.8,75.5,0.3,351.0,5662,Nehru Nagar
2025-12-11 18:30:00+00:00,196.0,294.0,16.0,77.5,0.3,352.0,5662,Nehru Nagar
2025-12-11 19:30:00+00:00,183.0,275.0,15.9,78.0,0.3,352.0,5662,Nehru Nagar
2025-12-11 20:30:00+00:00,154.0,231.0,15.3,78.0,0.3,352.0,5662,Nehru Nagar
2025-12-11 21:30:00+00:00,122.0,183.0,15.0,78.5,0.3,352.0,5662,Nehru Nagar
2025-12-11 22:30:00+00:00,95.5,143.0,15.2,78.5,0.45,352.0,5662,Nehru Nagar
2025-12-11 23:30:00+00:00,82.0,123.0,15.1,76.5,0.55,330.0,5662,Nehru Nagar
2025-12-12 00:30:00+00:00,75.5,113.0,14.8,75.3,0.8,319.0,5662,Nehru Nagar
2025-12-12 01:30:00+00:00,71.5,108.0,15.3,74.8,0.75,315.0,5662,Nehru Nagar
2025-12-12 02:30:00+00:00,69.5,105.0,17.3,70.3,0.7,342.0,5662,Nehru Nagar
2025-12-12 03:30:00+00:00,66.0,99.5,19.8,62.3,0.8,285.0,5662,Nehru Nagar
2025-12-12 04:30:00+00:00,69.5,105.0,22.4,56.3,0.85,266.0,5662,Nehru Nagar
2025-12-12 05:30:00+00:00,76.3,115.0,24.7,48.7,1.03,267.0,5662,Nehru Nagar
2025-12-12 06:30:00+00:00,70.0,106.0,25.6,45.3,1.4,256.0,5662,Nehru Nagar
2025-12-12 07:30:00+00:00,57.0,85.5,26.2,42.3,1.55,284.0,5662,Nehru Nagar
2025-12-12 08:30:00+00:00,50.0,74.7,25.9,41.7,1.83,254.0,5662,Nehru Nagar
2025-12-12 09:30:00+00:00,44.3,66.7,25.7,39.0,1.23,298.0,5662,Nehru Nagar
2025-12-12 10:30:00+00:00,37.5,56.0,23.2,45.5,0.5,351.0,5662,Nehru Nagar
2025-12-12 11:30:00+00:00,38.0,56.0,21.3,54.0,0.5,351.0,5662,Nehru Nagar
2025-12-12 12:30:00+00:00,64.5,96.5,19.1,64.3,0.325,351.0,5662,Nehru Nagar
2025-12-12 13:30:00+00:00,85.0,128.0,18.2,69.3,0.3,351.0,5662,Nehru Nagar
2025-12-12 14:30:00+00:00,109.0,164.0,17.8,72.3,0.3,351.0,5662,Nehru Nagar
2025-12-12 15:30:00+00:00,128.0,192.0,17.3,75.0,0.3,351.0,5662,Nehru Nagar
2025-12-12 16:30:00+00:00,120.0,179.0,16.8,76.5,0.3,351.0,5662,Nehru Nagar
2025-12-12 17:30:00+00:00,106.0,158.0,16.4,77.5,0.3,351.0,5662,Nehru Nagar
2025-12-12 18:30:00+00:00,104.0,155.0,16.0,78.0,0.3,103.0,5662,Nehru Nagar
2025-12-12 19:30:00+00:00,93.5,140.0,15.6,78.8,0.3,103.0,5662,Nehru Nagar
2025-12-12 20:30:00+00:00,103.0,155.0,15.5,80.0,0.55,123.0,5662,Nehru Nagar
2025-12-12 21:30:00+00:00,90.0,136.0,15.3,81.0,0.55,188.0,5662,Nehru Nagar
2025-12-12 22:30:00+00:00,53.5,80.5,15.5,81.0,0.775,220.0,5662,Nehru Nagar
2025-12-12 23:30:00+00:00,62.0,93.0,15.0,81.8,0.3,351.0,5662,Nehru Nagar
2025-12-13 00:30:00+00:00,80.0,120.0,14.9,82.0,0.525,225.0,5662,Nehru Nagar
2025-12-13 01:30:00+00:00,92.0,138.0,15.4,82.5,1.0,215.0,5662,Nehru Nagar
2025-12-13 02:30:00+00:00,103.0,155.0,16.8,81.7,1.2,191.0,5662,Nehru Nagar
2025-12-13 03:30:00+00:00,90.3,136.0,20.2,75.7,0.533,219.0,5662,Nehru Nagar
2025-12-13 04:30:00+00:00,76.5,116.0,21.3,64.8,1.3,240.0,5662,Nehru Nagar
2025-12-13 05:30:00+00:00,69.0,104.0,23.2,55.8,1.35,250.0,5662,Nehru Nagar
2025-12-13 06:30:00+00:00,65.0,97.5,23.5,54.5,1.85,238.0,5662,Nehru Nagar
2025-12-13 07:30:00+00:00,73.0,110.0,24.8,54.0,1.38,222.0,5662,Nehru Nagar
2025-12-13 08:30:00+00:00,73.5,110.0,25.2,50.3,1.5,266.0,5662,Nehru Nagar
2025-12-13 09:30:00+00:00,64.3,96.3,24.8,50.7,0.967,286.0,5662,Nehru Nagar
2025-12-13 10:30:00+00:00,60.3,91.0,22.3,54.0,0.3,351.0,5662,Nehru Nagar
2025-12-13 11:30:00+00:00,80.0,121.0,19.8,64.0,0.3,351.0,5662,Nehru Nagar
2025-12-13 12:30:00+00:00,110.0,165.0,19.0,70.0,0.325,351.0,5662,Nehru Nagar
2025-12-13 13:30:00+00:00,127.0,190.0,18.3,72.3,0.3,351.0,5662,Nehru Nagar
2025-12-13 14:30:00+00:00,149.0,223.0,17.6,74.0,0.3,351.0,5662,Nehru Nagar
2025-12-13 15:30:00+00:00,169.0,253.0,17.2,75.0,0.3,351.0,5662,Nehru Nagar
2025-12-13 16:30:00+00:00,164.0,246.0,16.7,75.5,0.3,351.0,5662,Nehru Nagar
2025-12-13 17:30:00+00:00,140.0,210.0,16.6,76.3,0.3,351.0,5662,Nehru Nagar
2025-12-13 18:30:00+00:00,92.0,139.0,15.9,78.0,0.3,352.0,5662,Nehru Nagar
2025-12-13 19:30:00+00:00,90.5,136.0,15.7,78.8,0.3,323.0,5662,Nehru Nagar
2025-12-13 20:30:00+00:00,88.5,133.0,15.4,79.8,0.3,112.0,5662,Nehru Nagar
2025-12-13 21:30:00+00:00,91.0,136.0,15.1,81.0,0.3,93.0,5662,Nehru Nagar
2025-12-13 22:30:00+00:00,89.5,134.0,14.9,81.5,0.3,93.0,5662,Nehru Nagar
2025-12-13 23:30:00+00:00,88.5,133.0,14.6,82.0,0.3,100.0,5662,Nehru Nagar
2025-12-14 00:30:00+00:00,125.0,188.0,14.7,82.8,0.3,186.0,5662,Nehru Nagar
2025-12-14 01:30:00+00:00,136.0,203.0,15.2,83.3,0.425,289.0,5662,Nehru Nagar
2025-12-14 02:30:00+00:00,95.5,143.0,17.0,83.3,1.08,201.0,5662,Nehru Nagar
2025-12-14 03:30:00+00:00,74.0,111.0,19.9,79.5,0.975,236.0,5662,Nehru Nagar
2025-12-14 04:30:00+00:00,69.3,104.0,23.2,60.3,1.1,260.0,5662,Nehru Nagar
2025-12-14 05:30:00+00:00,60.0,89.5,25.1,48.5,1.1,218.0,5662,Nehru Nagar
2025-12-14 06:30:00+00:00,45.5,68.0,25.7,43.3,1.35,264.0,5662,Nehru Nagar
2025-12-14 07:30:00+00:00,40.5,61.0,26.0,42.8,1.43,256.0,5662,Nehru Nagar
2025-12-14 08:30:00+00:00,39.5,60.0,25.6,43.5,1.4,235.0,5662,Nehru Nagar
2025-12-14 09:30:00+00:00,38.5,58.0,24.7,44.8,1.28,263.0,5662,Nehru Nagar
2025-12-14 10:30:00+00:00,43.0,64.5,22.7,51.0,0.45,342.0,5662,Nehru Nagar
2025-12-14 11:30:00+00:00,53.5,80.5,20.3,60.5,0.3,351.0,5662,Nehru Nagar
2025-12-14 12:30:00+00:00,76.0,113.0,19.3,66.5,0.3,351.0,5662,Nehru Nagar
2025-12-14 13:30:00+00:00,81.0,121.0,18.9,67.5,0.3,351.0,5662,Nehru Nagar
2025-12-14 14:30:00+00:00,85.3,128.0,18.4,68.3,0.3,351.0,5662,Nehru Nagar
2025-12-14 15:30:00+00:00,78.5,118.0,17.8,70.8,0.3,351.0,5662,Nehru Nagar
2025-12-14 16:30:00+00:00,70.3,105.0,17.3,72.0,0.3,351.0,5662,Nehru Nagar
2025-12-14 17:30:00+00:00,65.0,98.0,17.0,74.0,0.3,351.0,5662,Nehru Nagar
2025-12-14 18:30:00+00:00,60.0,90.0,16.6,75.5,0.3,352.0,5662,Nehru Nagar
2025-12-14 19:30:00+00:00,57.0,85.3,16.1,76.3,0.3,352.0,5662,Nehru Nagar
2025-12-14 20:30:00+00:00,48.5,72.5,15.9,77.0,0.4,352.0,5662,Nehru Nagar
2025-12-14 21:30:00+00:00,46.5,70.0,15.6,77.0,0.6,351.0,5662,Nehru Nagar
2025-12-14 22:30:00+00:00,44.0,66.5,15.0,77.5,0.3,352.0,5662,Nehru Nagar
2025-12-14 23:30:00+00:00,40.0,60.0,14.6,78.0,0.3,351.0,5662,Nehru Nagar
2025-12-15 00:30:00+00:00,56.3,84.0,14.2,79.3,0.3,351.0,5662,Nehru Nagar
2025-12-15 01:30:00+00:00,88.7,133.0,15.4,81.0,0.4,351.0,5662,Nehru Nagar
2025-12-15 02:30:00+00:00,78.3,118.0,18.3,77.3,0.467,312.0,5662,Nehru Nagar
2025-12-15 03:30:00+00:00,106.0,159.0,22.2,60.7,0.767,125.0,5662,Nehru Nagar
2025-12-15 04:30:00+00:00,89.0,134.0,23.5,53.0,1.0,115.0,5662,Nehru Nagar
2025-12-15 05:30:00+00:00,56.5,85.0,25.1,48.0,1.45,130.0,5662,Nehru Nagar
2025-12-15 06:30:00+00:00,50.3,75.7,25.7,45.3,1.6,185.0,5662,Nehru Nagar
2025-12-15 07:30:00+00:00,37.0,56.0,25.2,45.3,1.93,245.0,5662,Nehru Nagar
2025-12-15 08:30:00+00:00,35.3,53.3,25.5,44.7,1.43,215.0,5662,Nehru Nagar
2025-12-15 09:30:00+00:00,36.5,54.5,24.2,47.0,1.58,290.0,5662,Nehru Nagar
2025-12-15 10:30:00+00:00,38.0,56.5,22.9,52.5,0.825,193.0,5662,Nehru Nagar
2025-12-15 11:30:00+00:00,43.3,64.7,21.2,58.0,0.433,305.0,5662,Nehru Nagar
2025-12-15 12:30:00+00:00,54.3,81.3,20.2,62.3,0.4,143.0,5662,Nehru Nagar
2025-12-15 13:30:00+00:00,69.0,103.0,19.0,66.5,0.3,324.0,5662,Nehru Nagar
2025-12-15 14:30:00+00:00,130.0,195.0,18.1,71.0,0.3,351.0,5662,Nehru Nagar
2025-12-15 15:30:00+00:00,124.0,186.0,17.7,72.8,0.3,351.0,5662,Nehru Nagar
2025-12-15 16:30:00+00:00,95.5,143.0,17.4,74.3,0.3,328.0,5662,Nehru Nagar
2025-12-15 17:30:00+00:00,91.7,138.0,17.0,75.0,0.333,274.0,5662,Nehru Nagar
2025-12-15 18:30:00+00:00,60.0,90.0,16.5,77.0,0.55,350.0,5662,Nehru Nagar
2025-12-15 19:30:00+00:00,54.5,81.5,16.4,77.8,0.475,316.0,5662,Nehru Nagar
2025-12-15 20:30:00+00:00,49.7,75.0,15.9,79.0,0.333,186.0,5662,Nehru Nagar
2025-12-15 21:30:00+00:00,46.5,70.5,15.7,80.5,0.575,260.0,5662,Nehru Nagar
2025-12-15 22:30:00+00:00,44.5,67.0,15.4,81.3,0.625,280.0,5662,Nehru Nagar
2025-12-15 23:30:00+00:00,73.0,110.0,15.1,82.0,0.575,336.0,5662,Nehru Nagar
2025-12-16 00:30:00+00:00,91.0,137.0,14.3,82.0,0.875,319.0,5662,Nehru Nagar
2025-12-16 01:30:00+00:00,70.0,105.0,14.0,83.0,1.18,335.0,5662,Nehru Nagar
2025-12-16 02:30:00+00:00,56.5,85.0,14.4,83.8,1.28,260.0,5662,Nehru Nagar
2025-12-16 03:30:00+00:00,58.5,88.5,16.2,83.0,1.0,219.0,5662,Nehru Nagar
2025-12-16 04:30:00+00:00,62.0,93.5,18.7,78.0,1.23,201.0,5662,Nehru Nagar
2025-12-16 05:30:00+00:00,62.3,93.3,20.3,66.7,1.47,222.0,5662,Nehru Nagar
2025-12-16 06:30:00+00:00,57.0,85.0,21.9,57.3,1.75,253.0,5662,Nehru Nagar
2025-12-16 07:30:00+00:00,46.3,69.0,23.0,52.0,2.27,309.0,5662,Nehru Nagar
2025-12-16 12:30:00+00:00,51.0,77.0,18.8,64.5,0.35,37.5,5662,Nehru Nagar
2025-12-16 13:30:00+00:00,59.3,89.3,18.6,66.3,0.367,124.0,5662,Nehru Nagar
2025-12-16 14:30:00+00:00,86.7,130.0,17.7,70.0,0.3,18.0,5662,Nehru Nagar
2025-12-16 15:30:00+00:00,109.0,163.0,17.3,72.0,0.4,215.0,5662,Nehru Nagar
2025-12-16 16:30:00+00:00,95.0,143.0,16.6,72.5,0.45,271.0,5662,Nehru Nagar
2025-12-16 17:30:00+00:00,81.0,121.0,16.0,76.0,0.6,153.0,5662,Nehru Nagar
2025-12-16 18:30:00+00:00,74.0,110.0,15.2,79.5,0.4,158.0,5662,Nehru Nagar
2025-12-16 19:30:00+00:00,76.0,114.0,14.9,80.5,0.8,160.0,5662,Nehru Nagar
2025-12-16 20:30:00+00:00,71.5,107.0,13.7,81.5,0.55,195.0,5662,Nehru Nagar
2025-12-16 21:30:00+00:00,63.5,95.5,13.4,82.0,0.3,352.0,5662,Nehru Nagar
2025-12-16 22:30:00+00:00,68.5,103.0,13.4,83.0,0.3,334.0,5662,Nehru Nagar
2025-12-16 23:30:00+00:00,67.0,100.0,13.6,83.0,0.725,342.0,5662,Nehru Nagar
2025-12-17 00:30:00+00:00,64.5,96.5,12.4,83.0,0.875,246.0,5662,Nehru Nagar
2025-12-17 01:30:00+00:00,66.0,99.0,13.0,84.0,0.95,339.0,5662,Nehru Nagar
2025-12-17 02:30:00+00:00,60.7,91.0,15.5,82.0,1.43,305.0,5662,Nehru Nagar
2025-12-17 03:30:00+00:00,57.5,86.5,15.3,79.0,2.28,194.0,5662,Nehru Nagar
2025-12-17 04:30:00+00:00,54.3,82.0,16.7,76.0,1.97,225.0,5662,Nehru Nagar
2025-12-17 05:30:00+00:00,53.5,80.5,19.2,67.3,2.1,208.0,5662,Nehru Nagar
2025-12-17 06:30:00+00:00,64.5,97.0,21.2,61.3,1.63,264.0,5662,Nehru Nagar
2025-12-17 07:30:00+00:00,70.0,105.0,22.3,58.0,1.77,257.0,5662,Nehru Nagar
2025-12-17 08:30:00+00:00,58.7,88.0,22.0,60.0,1.87,268.0,5662,Nehru Nagar
2025-12-17 09:30:00+00:00,58.7,88.0,21.6,62.0,1.57,305.0,5662,Nehru Nagar
2025-12-17 10:30:00+00:00,61.3,92.0,19.3,69.0,1.6,258.0,5662,Nehru Nagar
2025-12-17 11:30:00+00:00,79.3,119.0,18.2,73.7,1.37,199.0,5662,Nehru Nagar
2025-12-17 12:30:00+00:00,102.0,152.0,17.1,76.3,1.6,203.0,5662,Nehru Nagar
2025-12-17 13:30:00+00:00,112.0,167.0,16.0,78.5,2.08,193.0,5662,Nehru Nagar
2025-12-17 14:30:00+00:00,91.5,138.0,15.2,80.5,2.2,235.0,5662,Nehru Nagar
2025-12-17 15:30:00+00:00,74.0,112.0,14.3,81.8,1.9,242.0,5662,Nehru Nagar
2025-12-17 16:30:00+00:00,67.3,102.0,13.8,83.3,1.67,276.0,5662,Nehru Nagar
2025-12-17 17:30:00+00:00,56.0,85.0,13.8,84.0,1.55,270.0,5662,Nehru Nagar
2025-12-17 19:30:00+00:00,47.0,71.0,14.0,86.0,1.25,265.0,5662,Nehru Nagar
2025-12-17 20:30:00+00:00,49.5,74.0,14.0,86.0,1.8,325.0,5662,Nehru Nagar
2025-12-17 21:30:00+00:00,53.5,80.0,14.2,86.3,1.7,323.0,5662,Nehru Nagar
2025-12-17 22:30:00+00:00,56.3,84.3,14.1,86.7,1.6,316.0,5662,Nehru Nagar
2025-12-17 23:30:00+00:00,57.0,85.5,14.1,87.0,1.8,335.0,5662,Nehru Nagar
2025-12-18 00:30:00+00:00,61.0,92.0,14.1,86.8,1.73,340.0,5662,Nehru Nagar
2025-12-18 01:30:00+00:00,65.0,98.0,14.0,87.0,1.65,326.0,5662,Nehru Nagar
2025-12-18 02:30:00+00:00,66.5,100.0,14.1,86.0,1.58,318.0,5662,Nehru Nagar
2025-12-18 03:30:00+00:00,67.5,101.0,14.3,86.0,1.78,323.0,5662,Nehru Nagar
2025-12-18 04:30:00+00:00,66.7,99.7,14.7,86.0,1.3,283.0,5662,Nehru Nagar
2025-12-18 05:30:00+00:00,68.0,102.0,15.0,86.0,1.38,322.0,5662,Nehru Nagar
2025-12-18 06:30:00+00:00,68.5,103.0,15.3,85.8,1.63,309.0,5662,Nehru Nagar
2025-12-18 07:30:00+00:00,68.0,102.0,15.6,84.8,1.75,318.0,5662,Nehru Nagar
2025-12-18 08:30:00+00:00,68.5,103.0,16.0,83.5,1.53,315.0,5662,Nehru Nagar
2025-12-18 09:30:00+00:00,69.0,104.0,16.2,81.0,1.83,333.0,5662,Nehru Nagar
2025-12-18 10:30:00+00:00,67.5,101.0,15.8,79.0,1.65,330.0,5662,Nehru Nagar
2025-12-18 11:30:00+00:00,67.0,101.0,15.2,79.0,1.25,346.0,5662,Nehru Nagar
2025-12-18 12:30:00+00:00,80.0,121.0,14.9,80.0,1.05,320.0,5662,Nehru Nagar
2025-12-18 13:30:00+00:00,84.0,126.0,14.4,80.8,1.7,349.0,5662,Nehru Nagar
2025-12-18 14:30:00+00:00,69.5,105.0,14.0,81.8,1.38,338.0,5662,Nehru Nagar
2025-12-18 15:30:00+00:00,58.5,88.5,14.0,82.5,1.65,346.0,5662,Nehru Nagar
2025-12-18 16:30:00+00:00,54.0,81.5,14.2,83.0,1.63,333.0,5662,Nehru Nagar
2025-12-18 17:30:00+00:00,53.0,80.0,14.2,83.0,1.6,330.0,5662,Nehru Nagar
2025-12-18 19:30:00+00:00,51.0,76.0,13.8,84.0,0.85,194.0,5662,Nehru Nagar
2025-12-18 20:30:00+00:00,49.0,73.5,13.7,84.8,1.13,323.0,5662,Nehru Nagar
2025-12-18 21:30:00+00:00,48.0,72.0,13.6,85.0,1.4,345.0,5662,Nehru Nagar
2025-12-18 22:30:00+00:00,47.5,70.5,13.4,85.0,1.48,322.0,5662,Nehru Nagar
2025-12-18 23:30:00+00:00,50.3,74.7,13.3,85.0,0.967,261.0,5662,Nehru Nagar
2025-12-19 00:30:00+00:00,65.5,98.0,13.4,85.0,1.0,163.0,5662,Nehru Nagar
2025-12-19 01:30:00+00:00,69.0,104.0,13.6,85.0,1.28,119.0,5662,Nehru Nagar
2025-12-19 02:30:00+00:00,61.0,92.0,13.9,85.0,1.1,219.0,5662,Nehru Nagar
2025-12-19 03:30:00+00:00,59.0,88.5,14.3,84.0,1.38,140.0,5662,Nehru Nagar
2025-12-19 04:30:00+00:00,60.0,89.5,15.0,82.5,1.6,159.0,5662,Nehru Nagar
2025-12-19 05:30:00+00:00,62.0,93.0,15.8,79.5,1.63,200.0,5662,Nehru Nagar
2025-12-19 06:30:00+00:00,73.0,110.0,16.8,74.8,1.53,252.0,5662,Nehru Nagar
2025-12-19 07:30:00+00:00,80.0,120.0,17.9,70.0,1.75,229.0,5662,Nehru Nagar
2025-12-19 09:30:00+00:00,72.0,108.0,18.1,67.0,1.6,349.0,5662,Nehru Nagar
2025-12-19 10:30:00+00:00,67.3,101.0,17.4,69.0,0.867,347.0,5662,Nehru Nagar
2025-12-19 11:30:00+00:00,66.5,99.0,16.3,72.5,0.325,348.0,5662,Nehru Nagar
2025-12-19 12:30:00+00:00,89.5,134.0,15.7,75.8,0.975,206.0,5662,Nehru Nagar
2025-12-19 13:30:00+00:00,119.0,179.0,15.0,78.3,0.967,190.0,5662,Nehru Nagar
2025-12-19 14:30:00+00:00,113.0,170.0,14.5,80.5,1.13,186.0,5662,Nehru Nagar
2025-12-19 15:30:00+00:00,96.0,144.0,14.2,81.3,0.825,178.0,5662,Nehru Nagar
2025-12-19 16:30:00+00:00,99.5,149.0,13.9,82.0,0.75,194.0,5662,Nehru Nagar
2025-12-19 17:30:00+00:00,98.0,146.0,13.7,83.0,1.25,171.0,5662,Nehru Nagar
2025-12-19 18:30:00+00:00,57.0,86.0,12.3,83.0,0.85,193.0,5662,Nehru Nagar
2025-12-19 19:30:00+00:00,52.0,78.3,12.2,84.0,1.27,193.0,5662,Nehru Nagar
2025-12-19 20:30:00+00:00,37.0,56.0,11.9,84.8,1.68,171.0,5662,Nehru Nagar
2025-12-19 21:30:00+00:00,30.5,46.5,11.7,85.0,1.38,220.0,5662,Nehru Nagar
2025-12-19 22:30:00+00:00,32.0,48.5,11.9,86.0,1.6,175.0,5662,Nehru Nagar
2025-12-19 23:30:00+00:00,35.5,53.5,12.2,86.0,1.25,222.0,5662,Nehru Nagar
2025-12-20 00:30:00+00:00,36.0,54.0,12.4,86.3,1.18,203.0,5662,Nehru Nagar
2025-12-20 01:30:00+00:00,39.0,58.5,12.8,87.0,1.33,212.0,5662,Nehru Nagar
2025-12-20 02:30:00+00:00,42.0,63.0,13.2,87.0,1.33,193.0,5662,Nehru Nagar
2025-12-20 03:30:00+00:00,50.5,75.5,14.3,86.5,1.43,186.0,5662,Nehru Nagar
2025-12-20 04:30:00+00:00,64.0,95.5,15.6,85.8,1.25,200.0,5662,Nehru Nagar
2025-12-20 05:30:00+00:00,61.5,92.0,17.4,83.5,1.23,207.0,5662,Nehru Nagar
2025-12-20 06:30:00+00:00,54.0,81.0,19.0,71.3,1.3,237.0,5662,Nehru Nagar
2025-12-20 07:30:00+00:00,50.0,75.0,19.9,58.3,1.7,202.0,5662,Nehru Nagar
2025-12-20 08:30:00+00:00,47.7,71.3,19.7,59.3,1.43,235.0,5662,Nehru Nagar
2025-12-20 09:30:00+00:00,49.0,73.5,19.1,61.3,1.0,254.0,5662,Nehru Nagar
2025-12-20 10:30:00+00:00,52.3,79.0,18.1,65.0,1.27,211.0,5662,Nehru Nagar
2025-12-20 11:30:00+00:00,63.7,96.0,17.1,69.0,0.633,204.0,5662,Nehru Nagar
2025-12-20 12:30:00+00:00,87.5,132.0,16.2,72.5,0.55,237.0,5662,Nehru Nagar
2025-12-20 13:30:00+00:00,90.5,136.0,15.5,75.0,1.45,175.0,5662,Nehru Nagar
2025-12-20 14:30:00+00:00,86.7,130.0,14.7,76.3,1.17,195.0,5662,Nehru Nagar
2025-12-20 15:30:00+00:00,83.5,125.0,14.2,78.5,1.2,187.0,5662,Nehru Nagar
2025-12-20 16:30:00+00:00,80.3,121.0,13.7,80.3,1.03,171.0,5662,Nehru Nagar
2025-12-20 17:30:00+00:00,80.0,121.0,13.5,81.0,1.05,144.0,5662,Nehru Nagar
2025-12-20 18:30:00+00:00,71.0,106.0,12.9,82.5,0.4,230.0,5662,Nehru Nagar
2025-12-20 19:30:00+00:00,71.0,106.0,12.9,83.0,0.45,252.0,5662,Nehru Nagar
2025-12-22 04:30:00+00:00,423.0,106.0,15.6,84.7,2.03,180.0,5662,Nehru Nagar
2025-12-22 05:30:00+00:00,338.0,115.0,17.5,82.8,2.08,228.0,5662,Nehru Nagar
2025-12-22 06:30:00+00:00,69.5,104.0,19.2,73.8,1.78,244.0,5662,Nehru Nagar
2025-12-22 07:30:00+00:00,60.5,90.5,20.5,62.0,1.58,248.0,5662,Nehru Nagar
2025-12-22 08:30:00+00:00,57.0,85.3,20.9,61.0,1.35,249.0,5662,Nehru Nagar
2025-12-22 09:30:00+00:00,56.5,85.0,20.7,62.3,1.15,294.0,5662,Nehru Nagar
2025-12-22 10:30:00+00:00,60.0,90.5,19.5,65.8,0.725,309.0,5662,Nehru Nagar
2025-12-22 11:30:00+00:00,65.0,97.7,17.7,71.3,0.333,177.0,5662,Nehru Nagar
2025-12-22 12:30:00+00:00,82.0,123.0,17.3,75.0,0.7,351.0,5662,Nehru Nagar
2025-12-22 13:30:00+00:00,101.0,152.0,16.8,77.0,0.75,351.0,5662,Nehru Nagar
2025-12-22 14:30:00+00:00,98.5,148.0,16.2,79.5,0.9,351.0,5662,Nehru Nagar
2025-12-22 15:30:00+00:00,86.0,129.0,15.5,80.8,0.6,351.0,5662,Nehru Nagar
2025-12-22 16:30:00+00:00,107.0,161.0,15.4,82.0,0.667,337.0,5662,Nehru Nagar
2025-12-22 17:30:00+00:00,121.0,182.0,14.9,82.0,0.3,351.0,5662,Nehru Nagar
2025-12-22 18:30:00+00:00,80.0,120.0,14.2,83.0,0.3,142.0,5662,Nehru Nagar
2025-12-22 19:30:00+00:00,75.0,113.0,13.7,83.8,0.825,351.0,5662,Nehru Nagar
2025-12-22 20:30:00+00:00,55.5,83.5,13.6,84.5,0.775,323.0,5662,Nehru Nagar
2025-12-22 21:30:00+00:00,38.5,58.0,13.3,85.0,0.65,230.0,5662,Nehru Nagar
2025-12-22 22:30:00+00:00,32.5,49.0,12.9,85.0,1.13,341.0,5662,Nehru Nagar
2025-12-22 23:30:00+00:00,28.5,42.5,12.7,86.0,1.08,341.0,5662,Nehru Nagar
2025-12-23 00:30:00+00:00,27.5,41.0,12.6,86.0,1.13,326.0,5662,Nehru Nagar
2025-12-23 01:30:00+00:00,33.7,50.3,12.7,86.3,1.33,261.0,5662,Nehru Nagar
2025-12-23 02:30:00+00:00,34.5,51.5,13.1,87.0,0.933,295.0,5662,Nehru Nagar
2025-12-23 03:30:00+00:00,35.0,53.0,13.4,87.0,1.48,304.0,5662,Nehru Nagar
2025-12-23 04:30:00+00:00,39.5,59.5,13.9,87.0,1.43,295.0,5662,Nehru Nagar
2025-12-23 05:30:00+00:00,46.0,68.5,14.6,87.0,1.23,310.0,5662,Nehru Nagar
2025-12-23 06:30:00+00:00,52.0,78.0,15.6,86.3,1.48,256.0,5662,Nehru Nagar
2025-12-23 07:30:00+00:00,58.5,87.5,16.6,85.5,1.85,273.0,5662,Nehru Nagar
2025-12-23 08:30:00+00:00,64.0,95.0,17.5,83.0,1.73,265.0,5662,Nehru Nagar
2025-12-23 09:30:00+00:00,66.0,98.0,17.4,79.3,1.2,238.0,5662,Nehru Nagar
2025-12-23 10:30:00+00:00,77.3,116.0,16.6,77.7,0.867,109.0,5662,Nehru Nagar
2025-12-23 11:30:00+00:00,85.0,128.0,15.9,79.0,0.8,105.0,5662,Nehru Nagar
2025-12-23 12:30:00+00:00,89.0,134.0,15.4,81.0,0.675,110.0,5662,Nehru Nagar
2025-12-23 13:30:00+00:00,102.0,154.0,14.9,82.0,0.3,300.0,5662,Nehru Nagar
2025-12-23 14:30:00+00:00,136.0,204.0,14.8,83.3,0.4,63.3,5662,Nehru Nagar
2025-12-23 15:30:00+00:00,149.0,224.0,14.6,84.0,0.4,51.8,5662,Nehru Nagar
2025-12-23 16:30:00+00:00,161.0,241.0,14.2,84.5,0.65,67.8,5662,Nehru Nagar
2025-12-23 17:30:00+00:00,172.0,258.0,13.8,85.0,0.45,57.0,5662,Nehru Nagar
2025-12-23 18:30:00+00:00,83.0,124.0,13.7,85.0,0.65,162.0,5662,Nehru Nagar
2025-12-23 21:30:00+00:00,35.5,53.0,12.6,86.0,0.975,225.0,5662,Nehru Nagar
2025-12-23 22:30:00+00:00,37.0,55.0,12.2,86.0,0.8,300.0,5662,Nehru Nagar
2025-12-23 23:30:00+00:00,36.0,53.5,12.1,86.8,1.2,240.0,5662,Nehru Nagar
2025-12-24 00:30:00+00:00,33.3,49.7,12.2,87.0,0.633,342.0,5662,Nehru Nagar
2025-12-24 03:30:00+00:00,37.0,55.0,14.4,87.0,1.4,309.0,5662,Nehru Nagar
2025-12-24 04:30:00+00:00,37.0,55.0,14.5,87.0,1.7,296.0,5662,Nehru Nagar
2025-12-26 15:30:00+00:00,53.3,80.0,13.9,82.0,1.67,334.0,5662,Nehru Nagar
2025-12-26 16:30:00+00:00,47.5,71.5,13.8,82.0,1.98,333.0,5662,Nehru Nagar
2025-12-26 17:30:00+00:00,45.7,68.7,13.8,82.0,2.03,325.0,5662,Nehru Nagar
2025-12-26 18:30:00+00:00,41.0,61.0,13.7,83.0,1.8,309.0,5662,Nehru Nagar
2025-12-26 19:30:00+00:00,39.3,58.7,13.3,82.0,2.03,329.0,5662,Nehru Nagar
2025-12-26 21:30:00+00:00,38.0,57.0,12.8,81.0,1.3,333.0,5662,Nehru Nagar
2025-12-26 22:30:00+00:00,37.5,56.0,12.7,82.0,1.3,260.0,5662,Nehru Nagar
2025-12-26 23:30:00+00:00,37.0,55.0,12.6,82.0,1.13,260.0,5662,Nehru Nagar
2025-12-27 00:30:00+00:00,39.3,58.7,12.6,82.0,1.03,226.0,5662,Nehru Nagar
2025-12-27 01:30:00+00:00,40.0,60.0,12.8,82.5,0.725,284.0,5662,Nehru Nagar
2025-12-27 02:30:00+00:00,37.0,55.5,13.1,83.0,0.9,214.0,5662,Nehru Nagar
2025-12-27 03:30:00+00:00,41.0,61.5,13.9,82.8,0.825,224.0,5662,Nehru Nagar
2025-12-27 04:30:00+00:00,45.0,67.5,14.6,81.5,1.33,300.0,5662,Nehru Nagar
2025-12-27 05:30:00+00:00,48.0,71.5,16.2,79.5,0.95,216.0,5662,Nehru Nagar
2025-12-27 06:30:00+00:00,52.0,77.5,18.6,69.8,1.68,248.0,5662,Nehru Nagar
2025-12-27 07:30:00+00:00,50.0,75.0,20.1,60.0,1.45,260.0,5662,Nehru Nagar
2025-12-27 08:30:00+00:00,46.0,69.0,20.0,59.3,1.47,250.0,5662,Nehru Nagar
2025-12-27 09:30:00+00:00,49.0,73.5,19.5,61.0,1.2,265.0,5662,Nehru Nagar
2025-12-27 10:30:00+00:00,54.0,81.0,18.0,65.5,1.3,346.0,5662,Nehru Nagar
2025-12-27 11:30:00+00:00,57.0,85.5,16.7,70.5,0.65,348.0,5662,Nehru Nagar
2025-12-27 12:30:00+00:00,89.0,134.0,15.8,74.3,0.325,348.0,5662,Nehru Nagar
2025-12-27 13:30:00+00:00,134.0,201.0,15.2,77.0,0.35,216.0,5662,Nehru Nagar
2025-12-27 14:30:00+00:00,158.0,237.0,14.7,78.8,0.3,254.0,5662,Nehru Nagar
2025-12-27 15:30:00+00:00,164.0,246.0,14.4,80.3,0.5,348.0,5662,Nehru Nagar
2025-12-27 16:30:00+00:00,98.0,147.0,14.0,82.0,1.0,327.0,5662,Nehru Nagar
2025-12-27 17:30:00+00:00,88.0,132.0,13.9,82.7,0.933,292.0,5662,Nehru Nagar
2025-12-27 18:30:00+00:00,53.0,80.0,13.1,84.0,1.2,278.0,5662,Nehru Nagar
2025-12-27 19:30:00+00:00,46.5,70.0,12.9,84.5,0.975,321.0,5662,Nehru Nagar
2025-12-27 20:30:00+00:00,37.5,56.0,13.0,85.0,0.775,254.0,5662,Nehru Nagar
2025-12-27 21:30:00+00:00,37.0,55.0,13.0,85.8,0.8,313.0,5662,Nehru Nagar
2025-12-27 22:30:00+00:00,38.0,56.5,12.9,86.0,0.825,293.0,5662,Nehru Nagar
2025-12-27 23:30:00+00:00,35.0,52.0,12.8,86.0,0.9,272.0,5662,Nehru Nagar
2025-12-28 00:30:00+00:00,35.5,52.5,12.7,86.0,1.0,336.0,5662,Nehru Nagar
2025-12-28 01:30:00+00:00,36.0,53.0,12.8,87.0,0.775,320.0,5662,Nehru Nagar
2025-12-28 02:30:00+00:00,39.0,57.5,13.0,87.0,0.675,260.0,5662,Nehru Nagar
2025-12-28 03:30:00+00:00,51.0,75.5,13.6,86.8,0.825,200.0,5662,Nehru Nagar
2025-12-28 04:30:00+00:00,75.5,113.0,13.7,86.3,1.1,218.0,5662,Nehru Nagar
2025-12-28 05:30:00+00:00,85.5,129.0,14.0,86.0,1.18,164.0,5662,Nehru Nagar
2025-12-28 06:30:00+00:00,76.0,115.0,14.6,85.5,1.0,211.0,5662,Nehru Nagar
2025-12-28 07:30:00+00:00,78.5,118.0,14.8,84.8,1.23,252.0,5662,Nehru Nagar
2025-12-28 08:30:00+00:00,86.5,130.0,15.0,83.3,1.38,304.0,5662,Nehru Nagar
2025-12-28 09:30:00+00:00,81.7,122.0,14.9,80.3,1.87,302.0,5662,Nehru Nagar
2025-12-28 12:30:00+00:00,60.0,89.5,14.0,75.8,1.25,322.0,5662,Nehru Nagar
2025-12-28 13:30:00+00:00,60.7,90.7,14.0,75.0,1.17,333.0,5662,Nehru Nagar
2025-12-28 14:30:00+00:00,59.5,89.5,14.0,75.0,1.33,306.0,5662,Nehru Nagar
2025-12-28 15:30:00+00:00,58.0,87.5,13.9,75.0,1.5,318.0,5662,Nehru Nagar
2025-12-28 16:30:00+00:00,54.5,82.0,13.7,75.5,1.3,315.0,5662,Nehru Nagar
2025-12-28 17:30:00+00:00,50.7,76.0,13.7,76.0,1.07,289.0,5662,Nehru Nagar
2025-12-28 18:30:00+00:00,49.0,73.0,13.4,76.0,1.05,314.0,5662,Nehru Nagar
2025-12-28 19:30:00+00:00,50.0,75.0,13.2,77.0,0.975,333.0,5662,Nehru Nagar
2025-12-28 20:30:00+00:00,49.5,74.5,13.0,77.0,1.18,300.0,5662,Nehru Nagar
2025-12-28 21:30:00+00:00,48.5,72.5,17.4,77.0,0.925,316.0,5662,Nehru Nagar
2025-12-28 22:30:00+00:00,48.3,72.3,12.5,77.0,1.13,316.0,5662,Nehru Nagar
2025-12-28 23:30:00+00:00,50.0,75.0,12.4,77.0,1.28,332.0,5662,Nehru Nagar
2025-12-29 00:30:00+00:00,51.3,76.7,12.4,77.0,1.3,323.0,5662,Nehru Nagar
2025-12-29 01:30:00+00:00,50.0,74.5,12.4,76.5,1.75,327.0,5662,Nehru Nagar
2025-12-29 02:30:00+00:00,49.5,74.5,12.7,75.0,1.65,313.0,5662,Nehru Nagar
2025-12-29 03:30:00+00:00,50.5,75.5,13.3,73.0,1.6,282.0,5662,Nehru Nagar
2025-12-29 04:30:00+00:00,50.0,74.5,14.9,68.0,1.78,289.0,5662,Nehru Nagar
2025-12-29 05:30:00+00:00,48.0,72.0,16.0,63.5,2.0,246.0,5662,Nehru Nagar
2025-12-29 06:30:00+00:00,46.7,69.3,17.7,58.3,1.67,255.0,5662,Nehru Nagar
2025-12-29 07:30:00+00:00,323.0,68.0,18.7,55.0,1.6,238.0,5662,Nehru Nagar
2025-12-29 08:30:00+00:00,324.0,72.0,18.8,54.5,1.75,292.0,5662,Nehru Nagar
2025-12-29 09:30:00+00:00,47.5,71.0,18.0,56.0,1.8,290.0,5662,Nehru Nagar
2025-12-29 10:30:00+00:00,45.5,68.5,16.6,61.0,1.55,332.0,5662,Nehru Nagar
2025-12-29 11:30:00+00:00,56.0,84.0,15.3,66.5,1.1,345.0,5662,Nehru Nagar
2025-12-29 12:30:00+00:00,87.0,130.0,14.7,70.0,0.775,348.0,5662,Nehru Nagar
2025-12-29 13:30:00+00:00,111.0,166.0,14.1,72.8,0.8,346.0,5662,Nehru Nagar
2025-12-29 14:30:00+00:00,108.0,162.0,13.7,74.5,0.375,348.0,5662,Nehru Nagar
2025-12-29 15:30:00+00:00,129.0,193.0,12.8,76.3,0.3,348.0,5662,Nehru Nagar
2025-12-29 16:30:00+00:00,155.0,232.0,12.5,78.0,0.3,348.0,5662,Nehru Nagar
2025-12-29 17:30:00+00:00,142.0,213.0,12.0,79.0,0.3,348.0,5662,Nehru Nagar
2025-12-29 19:30:00+00:00,121.0,182.0,11.4,81.0,0.3,348.0,5662,Nehru Nagar
2025-12-29 20:30:00+00:00,115.0,172.0,11.2,81.8,0.3,348.0,5662,Nehru Nagar
2025-12-29 21:30:00+00:00,100.0,150.0,11.2,82.3,0.3,348.0,5662,Nehru Nagar
2025-12-29 22:30:00+00:00,98.0,148.0,11.1,83.0,0.625,348.0,5662,Nehru Nagar
2025-12-29 23:30:00+00:00,133.0,200.0,11.6,83.0,0.45,278.0,5662,Nehru Nagar
2025-12-30 00:30:00+00:00,134.0,200.0,11.9,83.0,0.975,303.0,5662,Nehru Nagar
2025-12-30 01:30:00+00:00,89.5,134.0,12.4,83.0,0.775,326.0,5662,Nehru Nagar
2025-12-30 02:30:00+00:00,92.0,138.0,13.3,83.0,1.0,334.0,5662,Nehru Nagar
2025-12-30 03:30:00+00:00,87.0,131.0,13.8,82.5,0.875,301.0,5662,Nehru Nagar
2025-12-30 04:30:00+00:00,87.5,132.0,14.2,81.5,1.03,227.0,5662,Nehru Nagar
2025-12-30 05:30:00+00:00,89.5,135.0,14.7,80.3,1.58,247.0,5662,Nehru Nagar
2025-12-30 06:30:00+00:00,83.0,124.0,15.3,78.0,2.03,269.0,5662,Nehru Nagar
2025-12-30 07:30:00+00:00,72.5,109.0,16.7,72.0,1.7,229.0,5662,Nehru Nagar
2025-12-30 08:30:00+00:00,57.3,86.3,17.7,63.0,1.8,253.0,5662,Nehru Nagar
2025-12-30 09:30:00+00:00,49.5,74.5,17.8,61.0,1.45,230.0,5662,Nehru Nagar
2025-12-30 10:30:00+00:00,47.0,71.0,16.5,64.8,1.2,196.0,5662,Nehru Nagar
2025-12-30 11:30:00+00:00,57.0,85.5,15.1,71.0,0.725,95.8,5662,Nehru Nagar
2025-12-30 12:30:00+00:00,66.5,99.5,14.2,75.5,0.65,89.0,5662,Nehru Nagar
2025-12-30 13:30:00+00:00,69.0,104.0,13.7,78.0,0.675,65.3,5662,Nehru Nagar
2025-12-30 14:30:00+00:00,75.5,113.0,13.3,79.8,0.525,59.0,5662,Nehru Nagar
2025-12-30 15:30:00+00:00,93.0,140.0,12.8,80.5,0.45,165.0,5662,Nehru Nagar
2025-12-30 16:30:00+00:00,129.0,194.0,12.4,81.5,0.475,176.0,5662,Nehru Nagar
2025-12-30 17:30:00+00:00,137.0,206.0,12.2,82.0,0.7,60.3,5662,Nehru Nagar
2025-12-30 18:30:00+00:00,80.0,121.0,11.6,83.0,0.3,47.0,5662,Nehru Nagar
2025-12-30 19:30:00+00:00,77.5,117.0,11.2,83.0,1.0,132.0,5662,Nehru Nagar
2025-12-30 20:30:00+00:00,64.5,97.0,10.2,83.0,0.8,193.0,5662,Nehru Nagar
2025-12-30 21:30:00+00:00,54.0,81.0,10.1,83.5,1.15,196.0,5662,Nehru Nagar
2025-12-30 22:30:00+00:00,38.5,57.5,9.78,84.0,1.45,182.0,5662,Nehru Nagar
2025-12-30 23:30:00+00:00,34.5,52.0,10.4,85.0,1.4,205.0,5662,Nehru Nagar
2025-12-31 00:30:00+00:00,36.5,55.0,11.2,85.0,1.68,190.0,5662,Nehru Nagar
2025-12-31 01:30:00+00:00,39.0,58.0,11.3,85.7,1.93,201.0,5662,Nehru Nagar
2025-12-31 02:30:00+00:00,34.5,51.5,11.5,86.0,1.33,164.0,5662,Nehru Nagar
2025-12-31 03:30:00+00:00,36.0,54.0,11.9,86.0,1.73,205.0,5662,Nehru Nagar
2025-12-31 04:30:00+00:00,43.0,64.5,12.4,86.0,1.75,191.0,5662,Nehru Nagar
2025-12-31 05:30:00+00:00,54.0,81.0,13.6,85.8,1.68,211.0,5662,Nehru Nagar
2025-12-31 06:30:00+00:00,65.0,97.0,15.4,84.8,2.23,229.0,5662,Nehru Nagar
2025-12-31 07:30:00+00:00,77.5,116.0,16.7,80.5,2.03,232.0,5662,Nehru Nagar
2025-12-31 08:30:00+00:00,85.0,128.0,17.1,70.5,2.3,228.0,5662,Nehru Nagar
2025-12-31 09:30:00+00:00,84.0,126.0,16.7,68.0,2.5,213.0,5662,Nehru Nagar
2025-12-31 10:30:00+00:00,78.0,117.0,15.3,71.5,2.13,208.0,5662,Nehru Nagar
2025-12-31 11:30:00+00:00,75.5,114.0,14.1,75.3,1.75,206.0,5662,Nehru Nagar
2025-12-31 12:30:00+00:00,91.0,136.0,13.6,77.3,1.35,181.0,5662,Nehru Nagar
2025-12-31 13:30:00+00:00,107.0,159.0,13.1,78.8,1.15,199.0,5662,Nehru Nagar
2025-12-31 14:30:00+00:00,109.0,163.0,12.9,80.0,1.05,179.0,5662,Nehru Nagar
2025-12-31 15:30:00+00:00,111.0,166.0,12.7,81.0,1.0,209.0,5662,Nehru Nagar
2025-12-31 16:30:00+00:00,118.0,176.0,12.4,81.8,1.2,186.0,5662,Nehru Nagar
2025-12-31 17:30:00+00:00,122.0,183.0,12.2,82.0,1.5,201.0,5662,Nehru Nagar
2025-12-31 18:30:00+00:00,76.0,114.0,10.5,83.0,1.05,173.0,5662,Nehru Nagar
2025-12-31 19:30:00+00:00,68.0,102.0,10.6,83.0,1.25,214.0,5662,Nehru Nagar
2025-12-31 20:30:00+00:00,56.5,85.0,10.8,84.0,1.43,189.0,5662,Nehru Nagar
2025-12-31 21:30:00+00:00,50.0,75.0,10.3,84.0,1.28,200.0,5662,Nehru Nagar
2025-12-31 22:30:00+00:00,45.0,67.0,9.9,84.0,1.15,200.0,5662,Nehru Nagar
2025-12-31 23:30:00+00:00,44.0,66.0,10.2,84.3,1.05,226.0,5662,Nehru Nagar
2026-01-01 00:30:00+00:00,47.0,70.5,10.2,84.8,0.925,187.0,5662,Nehru Nagar
2026-01-01 01:30:00+00:00,51.5,77.0,11.2,85.0,1.15,181.0,5662,Nehru Nagar
2026-01-01 02:30:00+00:00,56.5,84.5,12.4,84.8,1.7,220.0,5662,Nehru Nagar
2026-01-01 03:30:00+00:00,61.0,91.3,13.5,84.0,1.9,254.0,5662,Nehru Nagar
2026-01-01 04:30:00+00:00,63.0,94.5,16.0,81.8,1.65,212.0,5662,Nehru Nagar
2026-01-01 05:30:00+00:00,61.0,91.5,18.7,71.0,1.43,220.0,5662,Nehru Nagar
2026-01-01 06:30:00+00:00,59.5,89.5,20.2,60.3,1.55,212.0,5662,Nehru Nagar
2026-01-01 07:30:00+00:00,57.5,86.5,21.8,54.3,1.13,250.0,5662,Nehru Nagar
2026-01-01 08:30:00+00:00,54.3,82.0,21.7,53.7,1.1,267.0,5662,Nehru Nagar
2026-01-01 09:30:00+00:00,53.0,80.0,21.2,55.0,1.07,295.0,5662,Nehru Nagar
2026-01-01 10:30:00+00:00,53.0,80.0,18.6,63.0,0.4,335.0,5662,Nehru Nagar
2026-01-01 11:30:00+00:00,417.0,80.0,17.8,67.0,0.733,303.0,5662,Nehru Nagar
2026-01-01 12:30:00+00:00,338.0,114.0,16.9,71.5,0.825,348.0,5662,Nehru Nagar
2026-01-01 13:30:00+00:00,81.5,123.0,16.5,74.5,0.725,297.0,5662,Nehru Nagar
2026-01-01 14:30:00+00:00,88.5,133.0,16.2,75.8,0.5,276.0,5662,Nehru Nagar
2026-01-01 15:30:00+00:00,94.0,141.0,15.5,77.5,0.4,244.0,5662,Nehru Nagar
2026-01-01 16:30:00+00:00,99.5,149.0,15.0,79.0,0.325,220.0,5662,Nehru Nagar
2026-01-01 17:30:00+00:00,101.0,151.0,14.6,80.0,0.3,107.0,5662,Nehru Nagar
2026-01-01 18:30:00+00:00,78.0,117.0,13.9,81.5,0.3,122.0,5662,Nehru Nagar
2026-01-01 19:30:00+00:00,74.5,112.0,13.7,81.8,0.425,275.0,5662,Nehru Nagar
2026-01-01 20:30:00+00:00,68.0,102.0,13.4,82.5,1.35,348.0,5662,Nehru Nagar
2026-01-01 21:30:00+00:00,60.5,91.5,13.0,83.5,1.15,346.0,5662,Nehru Nagar
2026-01-01 22:30:00+00:00,55.0,83.0,12.6,83.8,0.4,349.0,5662,Nehru Nagar
2026-01-01 23:30:00+00:00,51.0,76.5,11.9,84.0,1.1,328.0,5662,Nehru Nagar
2026-01-02 00:30:00+00:00,46.0,69.0,11.9,84.0,0.9,297.0,5662,Nehru Nagar
2026-01-02 01:30:00+00:00,44.0,66.0,11.9,84.0,1.05,260.0,5662,Nehru Nagar
2026-01-02 04:30:00+00:00,44.0,66.0,13.4,85.0,2.15,302.0,5662,Nehru Nagar
2026-01-02 05:30:00+00:00,92.0,138.0,13.8,85.0,2.33,321.0,5662,Nehru Nagar
2026-01-02 06:30:00+00:00,98.5,148.0,14.6,85.0,1.9,326.0,5662,Nehru Nagar
2026-01-02 07:30:00+00:00,99.3,149.0,15.0,85.0,2.0,319.0,5662,Nehru Nagar
2026-01-02 10:30:00+00:00,77.0,115.0,15.0,84.0,2.63,317.0,5662,Nehru Nagar
2026-01-03 04:30:00+00:00,108.0,,16.1,70.0,1.6,214.0,5662,Nehru Nagar
2026-01-03 05:30:00+00:00,83.3,107.0,19.6,48.0,1.67,204.0,5662,Nehru Nagar
2026-01-03 06:30:00+00:00,66.5,101.0,17.5,61.3,2.13,292.0,5662,Nehru Nagar
2026-01-03 07:30:00+00:00,63.0,94.5,17.5,61.5,2.18,313.0,5662,Nehru Nagar
2026-01-03 08:30:00+00:00,63.5,94.5,17.4,62.0,2.0,308.0,5662,Nehru Nagar
2026-01-03 09:30:00+00:00,63.5,94.5,17.4,60.8,1.83,319.0,5662,Nehru Nagar
2026-01-03 10:30:00+00:00,68.0,102.0,16.7,63.0,1.5,296.0,5662,Nehru Nagar
2026-01-03 11:30:00+00:00,77.5,117.0,15.6,65.5,0.825,335.0,5662,Nehru Nagar
2026-01-03 12:30:00+00:00,98.5,148.0,14.9,69.5,0.675,262.0,5662,Nehru Nagar
2026-01-03 13:30:00+00:00,123.0,185.0,14.2,72.0,0.425,226.0,5662,Nehru Nagar
2026-01-03 14:30:00+00:00,164.0,246.0,13.5,74.0,0.35,139.0,5662,Nehru Nagar
2026-01-03 15:30:00+00:00,173.0,259.0,13.3,76.0,0.825,348.0,5662,Nehru Nagar
2026-01-03 16:30:00+00:00,137.0,206.0,12.9,76.8,0.975,347.0,5662,Nehru Nagar
2026-01-03 17:30:00+00:00,123.0,185.0,12.5,77.7,0.7,348.0,5662,Nehru Nagar
2026-01-03 18:30:00+00:00,112.0,167.0,11.9,79.0,1.05,349.0,5662,Nehru Nagar
2026-01-03 19:30:00+00:00,109.0,163.0,11.6,79.3,1.13,349.0,5662,Nehru Nagar
2026-01-03 20:30:00+00:00,97.0,146.0,11.3,80.0,0.325,347.0,5662,Nehru Nagar
2026-01-03 21:30:00+00:00,84.0,126.0,10.8,80.3,0.3,349.0,5662,Nehru Nagar
2026-01-03 22:30:00+00:00,92.5,139.0,11.1,81.0,0.4,86.5,5662,Nehru Nagar
2026-01-03 23:30:00+00:00,114.0,170.0,10.9,82.0,0.375,122.0,5662,Nehru Nagar
2026-01-04 00:30:00+00:00,132.0,198.0,10.6,82.0,0.35,183.0,5662,Nehru Nagar
2026-01-04 01:30:00+00:00,143.0,214.0,10.7,82.5,0.325,348.0,5662,Nehru Nagar
2026-01-04 02:30:00+00:00,178.0,267.0,12.6,82.5,0.4,138.0,5662,Nehru Nagar
2026-01-04 03:30:00+00:00,192.0,287.0,14.6,81.0,0.6,146.0,5662,Nehru Nagar
2026-01-04 04:30:00+00:00,147.0,220.0,15.4,77.5,1.7,209.0,5662,Nehru Nagar
2026-01-04 05:30:00+00:00,143.0,215.0,16.6,70.0,1.65,276.0,5662,Nehru Nagar
2026-01-04 06:30:00+00:00,116.0,175.0,17.8,60.0,1.97,290.0,5662,Nehru Nagar
2026-01-04 07:30:00+00:00,64.5,96.5,18.4,56.0,2.05,280.0,5662,Nehru Nagar
2026-01-04 08:30:00+00:00,62.0,92.0,18.1,57.0,2.15,272.0,5662,Nehru Nagar
2026-01-04 09:30:00+00:00,64.0,96.0,17.6,57.8,1.73,301.0,5662,Nehru Nagar
2026-01-04 10:30:00+00:00,61.0,91.5,16.6,60.0,1.25,336.0,5662,Nehru Nagar
2026-01-04 11:30:00+00:00,61.5,92.0,15.6,63.5,0.85,347.0,5662,Nehru Nagar
2026-01-04 12:30:00+00:00,73.3,110.0,15.1,66.7,0.367,348.0,5662,Nehru Nagar
2026-01-04 13:30:00+00:00,107.0,160.0,14.7,68.5,0.325,348.0,5662,Nehru Nagar
2026-01-04 14:30:00+00:00,134.0,201.0,14.5,71.0,0.425,341.0,5662,Nehru Nagar
2026-01-04 15:30:00+00:00,144.0,216.0,14.6,71.0,0.767,339.0,5662,Nehru Nagar
2026-01-04 16:30:00+00:00,98.0,147.0,14.0,71.0,0.5,326.0,5662,Nehru Nagar
2026-01-04 17:30:00+00:00,96.0,144.0,13.9,72.0,1.0,330.0,5662,Nehru Nagar
2026-01-04 18:30:00+00:00,66.0,99.0,13.8,71.0,0.7,349.0,5662,Nehru Nagar
2026-01-04 19:30:00+00:00,64.0,95.5,13.7,71.0,0.575,310.0,5662,Nehru Nagar
2026-01-04 20:30:00+00:00,60.0,89.5,13.6,71.0,1.35,337.0,5662,Nehru Nagar
2026-01-04 21:30:00+00:00,59.0,88.5,12.8,71.8,1.1,346.0,5662,Nehru Nagar
2026-01-04 22:30:00+00:00,60.0,90.0,11.9,73.8,0.7,349.0,5662,Nehru Nagar
2026-01-04 23:30:00+00:00,61.0,91.0,11.2,75.0,0.3,349.0,5662,Nehru Nagar
2026-01-05 00:30:00+00:00,68.0,102.0,11.1,76.5,0.325,345.0,5662,Nehru Nagar
2026-01-05 01:30:00+00:00,79.0,119.0,11.5,78.0,0.975,312.0,5662,Nehru Nagar
2026-01-05 02:30:00+00:00,86.0,128.0,12.9,76.5,1.53,299.0,5662,Nehru Nagar
2026-01-05 03:30:00+00:00,78.5,118.0,14.7,69.5,2.4,279.0,5662,Nehru Nagar
2026-01-05 04:30:00+00:00,64.5,96.5,16.5,60.8,2.3,282.0,5662,Nehru Nagar
2026-01-05 05:30:00+00:00,55.0,82.5,17.8,55.5,2.33,283.0,5662,Nehru Nagar
2026-01-05 11:30:00+00:00,318.0,117.0,15.1,70.5,1.9,311.0,5662,Nehru Nagar
2026-01-05 12:30:00+00:00,82.0,123.0,14.3,74.3,1.4,329.0,5662,Nehru Nagar
2026-01-05 13:30:00+00:00,91.5,137.0,13.8,76.0,0.8,249.0,5662,Nehru Nagar
2026-01-05 14:30:00+00:00,88.0,132.0,13.1,77.8,1.43,345.0,5662,Nehru Nagar
2026-01-05 15:30:00+00:00,78.5,117.0,12.5,78.8,1.38,344.0,5662,Nehru Nagar
2026-01-05 16:30:00+00:00,77.0,116.0,11.9,79.3,1.23,347.0,5662,Nehru Nagar
2026-01-05 17:30:00+00:00,68.5,104.0,11.5,80.0,1.25,345.0,5662,Nehru Nagar
2026-01-05 18:30:00+00:00,52.0,79.0,11.0,80.5,0.95,348.0,5662,Nehru Nagar
2026-01-05 19:30:00+00:00,50.5,76.0,10.9,81.0,0.9,349.0,5662,Nehru Nagar
2026-01-05 20:30:00+00:00,47.5,70.5,10.7,81.0,1.28,349.0,5662,Nehru Nagar
2026-01-05 21:30:00+00:00,46.5,69.0,10.4,81.8,0.675,272.0,5662,Nehru Nagar
2026-01-05 22:30:00+00:00,45.5,68.5,10.3,82.0,0.55,293.0,5662,Nehru Nagar
2026-01-05 23:30:00+00:00,45.0,67.5,10.2,82.0,0.85,315.0,5662,Nehru Nagar
2026-01-06 00:30:00+00:00,44.0,66.0,9.73,82.3,1.0,349.0,5662,Nehru Nagar
2026-01-06 01:30:00+00:00,42.5,64.0,9.43,83.0,0.825,321.0,5662,Nehru Nagar
2026-01-06 02:30:00+00:00,47.0,71.0,10.3,83.0,0.925,225.0,5662,Nehru Nagar
2026-01-06 03:30:00+00:00,76.0,114.0,11.7,82.8,1.15,251.0,5662,Nehru Nagar
2026-01-06 04:30:00+00:00,133.0,200.0,13.6,82.0,1.0,209.0,5662,Nehru Nagar
2026-01-06 05:30:00+00:00,178.0,267.0,16.2,78.0,1.73,257.0,5662,Nehru Nagar
2026-01-06 06:30:00+00:00,122.0,182.0,17.3,68.5,2.13,245.0,5662,Nehru Nagar
2026-01-06 07:30:00+00:00,78.5,119.0,17.8,64.5,2.45,264.0,5662,Nehru Nagar
2026-01-06 08:30:00+00:00,64.5,97.0,17.3,65.0,2.55,322.0,5662,Nehru Nagar
2026-01-06 09:30:00+00:00,60.0,90.0,16.2,68.5,2.3,331.0,5662,Nehru Nagar
2026-01-06 10:30:00+00:00,63.0,94.7,15.0,72.0,2.43,328.0,5662,Nehru Nagar
2026-01-06 11:30:00+00:00,72.5,109.0,14.0,76.0,1.4,336.0,5662,Nehru Nagar
2026-01-06 12:30:00+00:00,76.0,115.0,13.9,77.3,2.07,332.0,5662,Nehru Nagar
2026-01-06 13:30:00+00:00,74.5,112.0,13.7,78.5,1.98,306.0,5662,Nehru Nagar
2026-01-06 14:30:00+00:00,74.5,111.0,13.3,79.3,1.88,309.0,5662,Nehru Nagar
2026-01-06 15:30:00+00:00,69.5,104.0,12.8,80.3,1.75,322.0,5662,Nehru Nagar
2026-01-06 16:30:00+00:00,67.0,101.0,12.6,81.0,1.98,308.0,5662,Nehru Nagar
2026-01-06 17:30:00+00:00,66.0,99.0,12.4,80.0,1.53,297.0,5662,Nehru Nagar
2026-01-06 18:30:00+00:00,59.0,89.0,12.1,80.0,1.2,289.0,5662,Nehru Nagar
2026-01-06 19:30:00+00:00,58.7,88.7,12.2,79.3,1.2,309.0,5662,Nehru Nagar
2026-01-06 20:30:00+00:00,55.0,83.0,11.9,79.0,1.93,324.0,5662,Nehru Nagar
2026-01-06 21:30:00+00:00,53.5,80.5,11.9,78.0,1.33,316.0,5662,Nehru Nagar
2026-01-06 22:30:00+00:00,54.5,82.0,11.7,78.0,1.55,327.0,5662,Nehru Nagar
2026-01-06 23:30:00+00:00,50.0,75.5,11.5,78.0,1.05,266.0,5662,Nehru Nagar
2026-01-07 00:30:00+00:00,51.0,77.0,11.5,77.0,0.975,267.0,5662,Nehru Nagar
2026-01-07 01:30:00+00:00,70.5,106.0,11.7,77.0,1.38,332.0,5662,Nehru Nagar
2026-01-07 02:30:00+00:00,91.0,137.0,12.2,75.8,1.08,200.0,5662,Nehru Nagar
2026-01-07 03:30:00+00:00,88.5,133.0,12.8,74.0,1.48,276.0,5662,Nehru Nagar
2026-01-07 04:30:00+00:00,71.0,107.0,13.7,71.5,1.65,269.0,5662,Nehru Nagar
2026-01-07 05:30:00+00:00,60.0,90.0,15.4,64.5,2.13,293.0,5662,Nehru Nagar
2026-01-07 06:30:00+00:00,56.7,86.0,16.3,60.7,2.23,282.0,5662,Nehru Nagar
2026-01-07 07:30:00+00:00,56.0,85.0,17.2,58.3,2.05,257.0,5662,Nehru Nagar
2026-01-07 08:30:00+00:00,54.0,81.0,17.8,57.5,1.98,247.0,5662,Nehru Nagar
2026-01-07 09:30:00+00:00,53.0,78.5,17.5,58.0,1.98,307.0,5662,Nehru Nagar
2026-01-07 10:30:00+00:00,57.0,84.5,16.2,61.8,1.75,341.0,5662,Nehru Nagar
2026-01-07 11:30:00+00:00,64.5,96.5,15.0,66.5,0.7,347.0,5662,Nehru Nagar
2026-01-07 12:30:00+00:00,113.0,170.0,14.0,71.3,0.4,320.0,5662,Nehru Nagar
2026-01-07 13:30:00+00:00,136.0,204.0,13.6,74.0,0.75,349.0,5662,Nehru Nagar
2026-01-07 14:30:00+00:00,116.0,173.0,13.0,76.0,1.05,349.0,5662,Nehru Nagar
2026-01-07 15:30:00+00:00,110.0,165.0,12.2,77.8,1.08,287.0,5662,Nehru Nagar
2026-01-07 16:30:00+00:00,88.5,134.0,11.4,79.3,1.28,301.0,5662,Nehru Nagar
2026-01-07 17:30:00+00:00,68.7,103.0,10.9,80.0,0.9,273.0,5662,Nehru Nagar
2026-01-07 18:30:00+00:00,60.0,91.0,10.3,81.0,2.0,324.0,5662,Nehru Nagar
2026-01-07 19:30:00+00:00,54.0,82.0,9.78,81.8,1.38,343.0,5662,Nehru Nagar
2026-01-07 20:30:00+00:00,43.5,65.5,9.7,82.5,1.25,331.0,5662,Nehru Nagar
2026-01-07 21:30:00+00:00,38.0,57.0,9.45,83.0,1.13,318.0,5662,Nehru Nagar
2026-01-07 22:30:00+00:00,33.5,50.0,9.25,83.5,1.4,332.0,5662,Nehru Nagar
2026-01-07 23:30:00+00:00,30.0,44.0,9.4,84.0,1.33,311.0,5662,Nehru Nagar
2026-01-08 00:30:00+00:00,30.0,44.0,9.55,84.0,1.75,312.0,5662,Nehru Nagar
2026-01-08 01:30:00+00:00,35.0,52.0,9.48,84.3,1.93,291.0,5662,Nehru Nagar
2026-01-08 02:30:00+00:00,37.0,55.5,9.53,85.0,1.48,281.0,5662,Nehru Nagar
2026-01-08 03:30:00+00:00,40.5,61.5,9.73,84.0,1.73,277.0,5662,Nehru Nagar
2026-01-08 04:30:00+00:00,70.5,106.0,10.4,84.0,1.78,261.0,5662,Nehru Nagar
2026-01-08 05:30:00+00:00,72.5,109.0,12.3,83.0,2.15,239.0,5662,Nehru Nagar
2026-01-08 06:30:00+00:00,69.0,104.0,13.8,79.0,2.2,251.0,5662,Nehru Nagar
2026-01-08 07:30:00+00:00,63.3,95.0,16.4,62.0,1.67,265.0,5662,Nehru Nagar
2026-01-08 08:30:00+00:00,61.0,92.0,17.7,54.0,1.28,197.0,5662,Nehru Nagar
2026-01-08 09:30:00+00:00,64.7,97.7,18.3,51.3,1.07,266.0,5662,Nehru Nagar
2026-01-08 10:30:00+00:00,76.0,114.0,16.3,57.5,1.23,287.0,5662,Nehru Nagar
2026-01-08 11:30:00+00:00,99.0,149.0,14.5,65.5,1.0,299.0,5662,Nehru Nagar
2026-01-08 12:30:00+00:00,128.0,192.0,13.3,70.5,0.775,324.0,5662,Nehru Nagar
2026-01-08 13:30:00+00:00,156.0,233.0,12.6,73.5,0.35,147.0,5662,Nehru Nagar
2026-01-08 14:30:00+00:00,175.0,262.0,12.1,75.0,0.325,222.0,5662,Nehru Nagar
2026-01-08 15:30:00+00:00,186.0,278.0,11.7,76.5,0.325,274.0,5662,Nehru Nagar
2026-01-08 16:30:00+00:00,179.0,268.0,11.1,77.8,1.15,311.0,5662,Nehru Nagar
2026-01-08 17:30:00+00:00,146.0,218.0,10.3,79.0,1.63,245.0,5662,Nehru Nagar
2026-01-08 18:30:00+00:00,69.0,104.0,9.35,81.0,1.4,269.0,5662,Nehru Nagar
2026-01-08 19:30:00+00:00,65.5,99.0,9.1,82.0,2.03,277.0,5662,Nehru Nagar
2026-01-08 20:30:00+00:00,51.5,77.5,8.68,83.5,2.2,250.0,5662,Nehru Nagar
2026-01-08 21:30:00+00:00,38.0,57.0,8.58,84.0,1.7,280.0,5662,Nehru Nagar
2026-01-08 22:30:00+00:00,33.5,51.0,8.38,84.8,1.55,253.0,5662,Nehru Nagar
2026-01-08 23:30:00+00:00,34.5,52.0,8.23,85.0,1.33,246.0,5662,Nehru Nagar
2026-01-09 00:30:00+00:00,38.5,57.0,8.08,85.0,1.03,257.0,5662,Nehru Nagar
2026-01-09 01:30:00+00:00,42.7,63.7,8.33,85.0,0.967,272.0,5662,Nehru Nagar
2026-01-09 02:30:00+00:00,51.5,77.0,9.2,85.0,1.05,180.0,5662,Nehru Nagar
2026-01-09 03:30:00+00:00,73.5,110.0,11.3,84.5,1.45,228.0,5662,Nehru Nagar
2026-01-09 04:30:00+00:00,85.0,128.0,12.7,84.0,1.38,244.0,5662,Nehru Nagar
2026-01-09 05:30:00+00:00,98.0,147.0,16.0,81.0,1.13,251.0,5662,Nehru Nagar
2026-01-09 06:30:00+00:00,186.0,279.0,17.8,61.8,1.43,252.0,5662,Nehru Nagar
2026-01-09 07:30:00+00:00,216.0,324.0,19.3,51.5,1.45,274.0,5662,Nehru Nagar
2026-01-09 08:30:00+00:00,147.0,220.0,19.7,48.5,1.75,308.0,5662,Nehru Nagar
2026-01-09 09:30:00+00:00,75.0,113.0,19.3,47.5,1.63,306.0,5662,Nehru Nagar
2026-01-09 10:30:00+00:00,53.0,80.0,17.9,53.3,0.75,319.0,5662,Nehru Nagar
2026-01-09 11:30:00+00:00,75.0,113.0,15.8,60.3,0.3,349.0,5662,Nehru Nagar
2026-01-09 12:30:00+00:00,145.0,218.0,14.5,67.3,0.35,349.0,5662,Nehru Nagar
2026-01-09 13:30:00+00:00,190.0,285.0,14.2,70.0,0.4,347.0,5662,Nehru Nagar
2026-01-09 14:30:00+00:00,184.0,277.0,13.9,70.5,0.45,336.0,5662,Nehru Nagar
2026-01-09 15:30:00+00:00,194.0,292.0,13.4,72.0,0.425,240.0,5662,Nehru Nagar
2026-01-09 16:30:00+00:00,214.0,321.0,12.8,74.7,0.6,293.0,5662,Nehru Nagar
2026-01-09 17:30:00+00:00,225.0,337.0,12.4,76.3,0.767,225.0,5662,Nehru Nagar
2026-01-09 18:30:00+00:00,208.0,312.0,11.8,78.0,0.4,312.0,5662,Nehru Nagar
2026-01-09 19:30:00+00:00,196.0,293.0,11.6,79.3,0.425,310.0,5662,Nehru Nagar
2026-01-09 20:30:00+00:00,166.0,249.0,11.3,80.3,0.375,184.0,5662,Nehru Nagar
2026-01-09 21:30:00+00:00,140.0,210.0,11.0,81.0,0.3,349.0,5662,Nehru Nagar
2026-01-09 22:30:00+00:00,125.0,187.0,10.8,81.3,0.4,349.0,5662,Nehru Nagar
2026-01-09 23:30:00+00:00,115.0,172.0,10.9,82.0,0.625,334.0,5662,Nehru Nagar
2026-01-10 00:30:00+00:00,112.0,169.0,10.7,82.0,0.55,348.0,5662,Nehru Nagar
2026-01-10 01:30:00+00:00,123.0,184.0,11.2,82.5,0.4,318.0,5662,Nehru Nagar
2026-01-10 02:30:00+00:00,131.0,196.0,13.9,81.3,0.95,313.0,5662,Nehru Nagar
2026-01-10 03:30:00+00:00,133.0,199.0,17.5,68.8,1.0,246.0,5662,Nehru Nagar
2026-01-10 04:30:00+00:00,142.0,213.0,20.0,51.3,1.17,248.0,5662,Nehru Nagar
2026-01-10 05:30:00+00:00,152.0,228.0,22.0,41.3,1.38,193.0,5662,Nehru Nagar
2026-01-10 06:30:00+00:00,116.0,175.0,23.3,33.0,1.73,283.0,5662,Nehru Nagar
2026-01-10 07:30:00+00:00,75.5,114.0,24.0,31.3,1.73,267.0,5662,Nehru Nagar
2026-01-10 08:30:00+00:00,62.5,93.5,23.9,32.5,1.85,309.0,5662,Nehru Nagar
2026-01-10 09:30:00+00:00,55.0,83.0,23.1,35.0,1.83,312.0,5662,Nehru Nagar
2026-01-10 10:30:00+00:00,55.5,84.0,21.4,36.8,0.95,347.0,5662,Nehru Nagar
2026-01-10 11:30:00+00:00,90.0,135.0,19.1,43.3,0.3,349.0,5662,Nehru Nagar
2026-01-20 14:30:00+00:00,184.0,276.0,18.0,65.5,0.3,349.0,5662,Nehru Nagar
2026-01-20 15:30:00+00:00,194.0,291.0,17.7,66.0,0.3,349.0,5662,Nehru Nagar
2026-01-20 16:30:00+00:00,167.0,251.0,17.6,68.0,0.3,165.0,5662,Nehru Nagar
2026-01-20 17:30:00+00:00,118.0,177.0,17.2,68.0,0.3,248.0,5662,Nehru Nagar
2026-01-20 18:30:00+00:00,70.0,106.0,16.8,67.0,0.4,349.0,5662,Nehru Nagar
2026-01-20 19:30:00+00:00,69.0,104.0,16.1,66.0,0.3,349.0,5662,Nehru Nagar
2026-01-20 20:30:00+00:00,64.0,96.5,15.5,70.0,0.3,349.0,5662,Nehru Nagar
2026-01-20 21:30:00+00:00,57.0,86.5,15.0,72.0,0.3,349.0,5662,Nehru Nagar
2026-01-20 22:30:00+00:00,53.5,80.5,14.8,73.5,0.3,349.0,5662,Nehru Nagar
2026-01-20 23:30:00+00:00,55.0,82.3,15.0,73.3,1.43,348.0,5662,Nehru Nagar
2026-01-21 00:30:00+00:00,54.0,81.0,14.9,73.0,0.825,334.0,5662,Nehru Nagar
2026-01-21 01:30:00+00:00,56.7,85.3,15.5,72.7,0.6,341.0,5662,Nehru Nagar
2026-01-21 02:30:00+00:00,67.0,101.0,18.4,66.5,1.25,312.0,5662,Nehru Nagar
2026-01-21 03:30:00+00:00,66.0,99.5,22.3,52.8,0.95,258.0,5662,Nehru Nagar
2026-01-21 04:30:00+00:00,60.0,91.0,24.0,43.0,1.53,297.0,5662,Nehru Nagar
2026-01-21 05:30:00+00:00,51.5,77.5,25.6,35.0,1.98,269.0,5662,Nehru Nagar
2026-01-21 06:30:00+00:00,38.3,57.3,26.2,31.7,2.77,290.0,5662,Nehru Nagar
2026-01-21 07:30:00+00:00,29.0,44.0,26.6,31.8,2.55,293.0,5662,Nehru Nagar
2026-01-21 08:30:00+00:00,23.5,36.0,26.4,32.8,2.63,306.0,5662,Nehru Nagar
2026-01-21 09:30:00+00:00,24.5,37.0,25.8,34.8,2.65,324.0,5662,Nehru Nagar
2026-01-21 10:30:00+00:00,27.0,40.5,24.3,38.5,2.05,341.0,5662,Nehru Nagar
2026-01-21 11:30:00+00:00,34.0,51.0,22.6,45.5,0.675,346.0,5662,Nehru Nagar
2026-01-21 12:30:00+00:00,54.5,81.5,20.7,52.8,0.3,349.0,5662,Nehru Nagar
2026-01-21 13:30:00+00:00,92.0,138.0,19.2,58.8,0.3,349.0,5662,Nehru Nagar
2026-01-21 14:30:00+00:00,124.0,186.0,18.6,62.5,0.3,349.0,5662,Nehru Nagar
2026-01-21 15:30:00+00:00,127.0,191.0,18.1,63.3,0.3,349.0,5662,Nehru Nagar
2026-01-21 16:30:00+00:00,112.0,168.0,17.6,65.8,0.3,236.0,5662,Nehru Nagar
2026-01-21 17:30:00+00:00,108.0,161.0,16.9,68.7,0.3,349.0,5662,Nehru Nagar
2026-01-21 18:30:00+00:00,80.0,120.0,16.7,70.0,0.4,349.0,5662,Nehru Nagar
2026-01-21 19:30:00+00:00,70.0,105.0,16.7,70.0,0.375,219.0,5662,Nehru Nagar
2026-01-21 20:30:00+00:00,64.0,96.0,15.9,71.3,0.3,349.0,5662,Nehru Nagar
2026-01-21 21:30:00+00:00,64.5,97.5,15.2,73.5,0.3,349.0,5662,Nehru Nagar
2026-01-21 22:30:00+00:00,58.5,88.5,15.0,75.8,0.3,338.0,5662,Nehru Nagar
2026-01-21 23:30:00+00:00,58.0,87.0,15.1,76.3,0.3,46.5,5662,Nehru Nagar
2026-01-22 00:30:00+00:00,70.0,105.0,14.5,77.0,0.3,309.0,5662,Nehru Nagar
2026-01-22 01:30:00+00:00,95.5,144.0,18.2,78.0,0.475,331.0,5662,Nehru Nagar
2026-01-22 02:30:00+00:00,102.0,152.0,17.7,73.5,0.75,279.0,5662,Nehru Nagar
2026-01-22 03:30:00+00:00,83.5,125.0,20.9,59.3,0.75,191.0,5662,Nehru Nagar
2026-01-22 04:30:00+00:00,72.3,109.0,23.3,48.3,1.03,258.0,5662,Nehru Nagar
2026-01-22 05:30:00+00:00,69.5,105.0,25.3,42.3,1.13,168.0,5662,Nehru Nagar
2026-01-22 06:30:00+00:00,67.0,101.0,25.9,38.7,1.33,194.0,5662,Nehru Nagar
2026-01-22 07:30:00+00:00,53.0,79.0,26.9,38.0,0.925,203.0,5662,Nehru Nagar
2026-01-22 08:30:00+00:00,47.0,70.3,27.1,35.7,1.4,233.0,5662,Nehru Nagar
2026-01-22 09:30:00+00:00,42.0,63.3,26.2,37.7,1.67,247.0,5662,Nehru Nagar
2026-01-22 10:30:00+00:00,40.0,59.0,23.4,48.0,1.0,205.0,5662,Nehru Nagar
2026-01-22 11:30:00+00:00,50.0,75.0,22.1,52.0,0.467,218.0,5662,Nehru Nagar
2026-01-22 12:30:00+00:00,77.7,117.0,20.3,59.0,0.3,187.0,5662,Nehru Nagar
2026-01-22 13:30:00+00:00,102.0,152.0,19.3,63.0,0.3,101.0,5662,Nehru Nagar
2026-01-22 14:30:00+00:00,166.0,249.0,18.4,68.5,0.3,107.0,5662,Nehru Nagar
2026-01-22 15:30:00+00:00,200.0,300.0,17.7,71.0,0.3,107.0,5662,Nehru Nagar
2026-01-22 16:30:00+00:00,156.0,234.0,18.0,72.5,0.325,127.0,5662,Nehru Nagar
2026-01-22 17:30:00+00:00,120.0,181.0,18.0,71.3,0.467,209.0,5662,Nehru Nagar
2026-01-22 18:30:00+00:00,72.0,107.0,17.0,71.0,0.5,169.0,5662,Nehru Nagar
2026-01-22 19:30:00+00:00,79.0,118.0,16.8,67.0,0.375,210.0,5662,Nehru Nagar
2026-01-22 20:30:00+00:00,69.0,103.0,17.0,71.3,0.85,230.0,5662,Nehru Nagar
2026-01-22 21:30:00+00:00,51.5,76.5,16.9,68.8,0.75,191.0,5662,Nehru Nagar
2026-01-22 22:30:00+00:00,56.5,84.5,16.6,69.0,1.2,194.0,5662,Nehru Nagar
2026-01-22 23:30:00+00:00,58.5,88.0,16.4,68.3,1.93,230.0,5662,Nehru Nagar
2026-01-23 00:30:00+00:00,58.0,87.5,15.9,69.5,2.68,215.0,5662,Nehru Nagar
2026-01-23 01:30:00+00:00,61.5,92.5,16.0,70.5,2.5,214.0,5662,Nehru Nagar
2026-01-23 02:30:00+00:00,66.5,99.5,16.8,68.3,2.43,232.0,5662,Nehru Nagar
2026-01-23 03:30:00+00:00,68.0,102.0,18.7,63.0,3.35,221.0,5662,Nehru Nagar
2026-01-23 04:30:00+00:00,61.7,92.7,20.8,56.3,3.33,216.0,5662,Nehru Nagar
2026-01-23 05:30:00+00:00,55.3,82.7,22.4,52.7,3.6,228.0,5662,Nehru Nagar
2026-01-23 06:30:00+00:00,53.5,79.5,23.1,52.0,3.48,235.0,5662,Nehru Nagar
2026-01-23 07:30:00+00:00,53.5,79.5,24.4,47.0,3.6,216.0,5662,Nehru Nagar
2026-01-23 08:30:00+00:00,52.0,77.5,25.1,44.5,3.7,225.0,5662,Nehru Nagar
2026-01-23 09:30:00+00:00,47.0,70.5,24.7,46.8,3.28,221.0,5662,Nehru Nagar
2026-01-23 10:30:00+00:00,45.0,68.0,23.8,49.8,2.88,231.0,5662,Nehru Nagar
2026-01-23 11:30:00+00:00,46.0,69.5,22.3,50.8,2.6,231.0,5662,Nehru Nagar
2026-01-23 12:30:00+00:00,49.5,75.0,21.5,53.5,2.78,217.0,5662,Nehru Nagar
2026-01-23 13:30:00+00:00,54.0,81.5,20.9,56.5,2.8,224.0,5662,Nehru Nagar
2026-01-23 14:30:00+00:00,51.0,76.5,20.3,58.3,2.73,219.0,5662,Nehru Nagar
2026-01-23 15:30:00+00:00,53.0,79.0,20.0,59.0,2.68,201.0,5662,Nehru Nagar
2026-01-23 16:30:00+00:00,58.5,87.5,19.8,59.5,2.2,197.0,5662,Nehru Nagar
2026-01-23 17:30:00+00:00,57.3,86.0,18.9,61.7,2.53,239.0,5662,Nehru Nagar
2026-01-23 18:30:00+00:00,54.0,81.0,17.9,70.0,2.75,282.0,5662,Nehru Nagar
2026-01-23 19:30:00+00:00,54.0,81.5,17.2,77.0,3.73,219.0,5662,Nehru Nagar
2026-01-23 20:30:00+00:00,55.5,84.0,17.3,77.8,2.98,236.0,5662,Nehru Nagar
2026-01-23 21:30:00+00:00,56.5,85.5,17.1,75.5,2.43,232.0,5662,Nehru Nagar
2026-01-23 22:30:00+00:00,54.0,82.0,16.9,74.5,1.83,202.0,5662,Nehru Nagar
2026-01-23 23:30:00+00:00,53.5,81.0,16.6,74.8,1.9,218.0,5662,Nehru Nagar
2026-01-24 00:30:00+00:00,55.5,83.5,16.6,74.0,1.13,213.0,5662,Nehru Nagar
2026-01-24 01:30:00+00:00,60.5,91.0,16.5,74.8,0.75,296.0,5662,Nehru Nagar
2026-01-24 02:30:00+00:00,63.5,95.5,17.0,75.8,1.33,314.0,5662,Nehru Nagar
2026-01-24 03:30:00+00:00,63.0,94.5,18.0,73.8,1.38,294.0,5662,Nehru Nagar
2026-01-24 04:30:00+00:00,60.5,90.5,19.6,68.5,1.3,292.0,5662,Nehru Nagar
2026-01-24 05:30:00+00:00,57.0,85.5,21.0,62.5,1.3,255.0,5662,Nehru Nagar
2026-01-24 06:30:00+00:00,56.5,85.0,22.3,57.5,1.43,290.0,5662,Nehru Nagar
2026-01-24 07:30:00+00:00,54.0,81.5,22.7,56.5,1.33,292.0,5662,Nehru Nagar
2026-01-24 08:30:00+00:00,53.0,80.0,23.5,55.3,1.33,285.0,5662,Nehru Nagar
2026-01-24 09:30:00+00:00,54.0,81.0,22.5,57.0,1.87,328.0,5662,Nehru Nagar
2026-01-24 10:30:00+00:00,55.0,82.0,21.2,61.5,1.85,335.0,5662,Nehru Nagar
2026-01-24 11:30:00+00:00,56.0,83.5,20.3,64.5,0.65,256.0,5662,Nehru Nagar
2026-01-24 12:30:00+00:00,64.5,97.0,19.3,69.3,0.375,334.0,5662,Nehru Nagar
2026-01-24 13:30:00+00:00,79.0,119.0,18.8,72.3,0.575,268.0,5662,Nehru Nagar
2026-01-24 14:30:00+00:00,76.0,115.0,18.8,74.0,1.83,321.0,5662,Nehru Nagar
2026-01-24 15:30:00+00:00,58.5,88.0,18.4,75.0,1.48,340.0,5662,Nehru Nagar
2026-01-24 16:30:00+00:00,45.5,67.5,17.9,75.3,2.43,340.0,5662,Nehru Nagar
2026-01-24 17:30:00+00:00,39.3,58.0,21.0,77.3,2.6,333.0,5662,Nehru Nagar
2026-01-24 18:30:00+00:00,31.0,46.0,16.0,78.0,2.9,332.0,5662,Nehru Nagar
2026-01-24 19:30:00+00:00,28.0,42.0,15.5,77.3,2.7,338.0,5662,Nehru Nagar
2026-01-24 20:30:00+00:00,26.5,40.0,14.9,76.8,2.18,330.0,5662,Nehru Nagar
2026-01-24 21:30:00+00:00,27.0,40.5,14.4,75.0,2.13,330.0,5662,Nehru Nagar
2026-01-24 22:30:00+00:00,24.5,36.5,13.9,73.0,1.85,337.0,5662,Nehru Nagar
2026-01-24 23:30:00+00:00,24.0,35.5,13.3,73.0,2.05,335.0,5662,Nehru Nagar
2026-01-25 00:30:00+00:00,26.5,39.0,12.9,73.0,1.68,315.0,5662,Nehru Nagar
2026-01-25 01:30:00+00:00,28.0,41.5,13.2,72.3,1.7,318.0,5662,Nehru Nagar
2026-01-25 02:30:00+00:00,30.0,45.5,14.5,67.3,2.2,312.0,5662,Nehru Nagar
2026-01-25 03:30:00+00:00,32.7,49.0,16.6,61.0,2.0,310.0,5662,Nehru Nagar
2026-01-25 04:30:00+00:00,33.0,49.0,18.6,56.8,1.63,300.0,5662,Nehru Nagar
2026-01-25 05:30:00+00:00,32.0,47.5,21.2,51.3,1.48,242.0,5662,Nehru Nagar
2026-01-25 06:30:00+00:00,31.7,46.7,22.5,50.3,2.17,289.0,5662,Nehru Nagar
2026-01-25 07:30:00+00:00,29.5,44.0,22.6,51.8,2.68,275.0,5662,Nehru Nagar
2026-01-25 08:30:00+00:00,26.5,40.5,23.0,51.0,2.1,295.0,5662,Nehru Nagar
2026-01-25 09:30:00+00:00,28.0,42.0,22.5,50.8,2.2,311.0,5662,Nehru Nagar
2026-01-25 10:30:00+00:00,29.5,43.5,21.5,52.5,1.9,334.0,5662,Nehru Nagar
2026-01-25 11:30:00+00:00,31.5,47.5,20.2,55.5,1.08,343.0,5662,Nehru Nagar
2026-01-25 12:30:00+00:00,41.0,61.5,19.1,59.8,0.5,340.0,5662,Nehru Nagar
2026-01-25 13:30:00+00:00,52.0,78.0,18.6,62.0,0.775,330.0,5662,Nehru Nagar
2026-01-25 14:30:00+00:00,53.0,79.5,17.9,63.8,0.675,229.0,5662,Nehru Nagar
2026-01-25 15:30:00+00:00,46.5,69.0,17.3,63.3,0.95,338.0,5662,Nehru Nagar
2026-01-25 16:30:00+00:00,38.5,57.5,16.6,63.0,1.28,348.0,5662,Nehru Nagar
2026-01-25 17:30:00+00:00,33.7,50.3,16.1,62.7,1.5,341.0,5662,Nehru Nagar
2026-01-25 18:30:00+00:00,25.0,38.0,15.3,61.0,1.55,335.0,5662,Nehru Nagar
2026-01-25 19:30:00+00:00,26.0,39.5,14.8,61.8,1.53,342.0,5662,Nehru Nagar
2026-01-25 20:30:00+00:00,27.0,41.0,14.3,63.8,1.48,343.0,5662,Nehru Nagar
2026-01-25 21:30:00+00:00,26.7,40.0,13.9,65.0,1.57,343.0,5662,Nehru Nagar
2026-01-25 22:30:00+00:00,26.5,39.0,13.5,65.3,1.13,332.0,5662,Nehru Nagar
2026-01-25 23:30:00+00:00,28.5,43.0,13.0,67.5,1.5,346.0,5662,Nehru Nagar
2026-01-26 00:30:00+00:00,31.0,47.5,12.9,67.0,1.68,346.0,5662,Nehru Nagar
2026-01-26 01:30:00+00:00,33.0,50.5,13.6,66.3,1.15,314.0,5662,Nehru Nagar
2026-01-26 02:30:00+00:00,34.0,51.0,15.6,61.0,1.55,258.0,5662,Nehru Nagar
2026-01-26 03:30:00+00:00,34.0,50.7,17.2,56.7,1.93,268.0,5662,Nehru Nagar
2026-01-26 04:30:00+00:00,33.5,51.0,19.6,51.8,1.68,260.0,5662,Nehru Nagar
2026-01-26 05:30:00+00:00,35.5,53.5,21.4,47.8,1.58,252.0,5662,Nehru Nagar
2026-01-26 06:30:00+00:00,35.0,53.0,22.7,44.0,1.8,239.0,5662,Nehru Nagar
2026-01-26 07:30:00+00:00,31.5,48.0,23.3,44.0,1.95,267.0,5662,Nehru Nagar
2026-01-26 08:30:00+00:00,31.0,47.0,23.2,45.3,2.1,269.0,5662,Nehru Nagar
2026-01-26 09:30:00+00:00,30.0,45.5,22.6,49.0,1.95,257.0,5662,Nehru Nagar
2026-01-26 10:30:00+00:00,30.5,46.0,21.5,53.8,1.48,271.0,5662,Nehru Nagar
2026-01-26 11:30:00+00:00,35.5,53.5,20.1,58.5,0.575,323.0,5662,Nehru Nagar
2026-01-26 12:30:00+00:00,42.5,64.0,19.1,61.5,0.7,259.0,5662,Nehru Nagar
2026-01-26 13:30:00+00:00,62.0,92.5,18.4,65.0,0.35,243.0,5662,Nehru Nagar
2026-01-26 14:30:00+00:00,80.7,120.0,17.7,67.3,0.3,347.0,5662,Nehru Nagar
2026-01-27 07:30:00+00:00,46.0,68.0,24.9,50.0,2.4,258.0,5662,Nehru Nagar
2026-01-27 08:30:00+00:00,44.5,66.0,24.6,51.8,2.28,231.0,5662,Nehru Nagar
2026-01-27 09:30:00+00:00,42.5,64.0,23.9,56.0,1.78,229.0,5662,Nehru Nagar
2026-01-27 10:30:00+00:00,45.0,67.5,23.0,60.0,1.35,231.0,5662,Nehru Nagar
2026-01-27 11:30:00+00:00,47.0,69.5,22.1,64.0,1.03,314.0,5662,Nehru Nagar
2026-01-27 12:30:00+00:00,50.0,74.7,20.6,68.3,1.6,336.0,5662,Nehru Nagar
2026-01-27 13:30:00+00:00,46.0,69.5,19.0,72.8,2.33,303.0,5662,Nehru Nagar
2026-01-27 14:30:00+00:00,41.0,62.0,18.0,77.3,2.55,262.0,5662,Nehru Nagar
2026-01-27 15:30:00+00:00,44.0,66.5,18.0,78.0,2.2,268.0,5662,Nehru Nagar
2026-01-27 16:30:00+00:00,46.7,70.3,17.7,78.7,1.9,259.0,5662,Nehru Nagar
2026-01-27 17:30:00+00:00,48.7,72.0,17.3,79.3,1.67,244.0,5662,Nehru Nagar
2026-01-27 18:30:00+00:00,58.0,88.0,17.7,79.5,1.95,247.0,5662,Nehru Nagar
2026-01-27 19:30:00+00:00,57.5,87.0,17.8,77.3,2.08,267.0,5662,Nehru Nagar
2026-01-27 20:30:00+00:00,55.0,82.5,17.1,77.3,2.13,295.0,5662,Nehru Nagar
2026-01-27 21:30:00+00:00,50.5,75.0,16.7,79.5,2.0,298.0,5662,Nehru Nagar
2026-01-27 22:30:00+00:00,41.0,60.5,16.0,80.3,2.23,260.0,5662,Nehru Nagar
2026-01-27 23:30:00+00:00,28.0,42.0,15.8,81.3,2.53,234.0,5662,Nehru Nagar
2026-01-28 00:30:00+00:00,24.7,38.0,15.8,81.3,2.07,221.0,5662,Nehru Nagar
2026-01-28 01:30:00+00:00,26.5,40.0,16.0,81.8,1.08,285.0,5662,Nehru Nagar
2026-01-28 02:30:00+00:00,26.0,38.5,16.8,82.0,1.68,274.0,5662,Nehru Nagar
2026-01-28 03:30:00+00:00,26.5,40.0,17.7,81.5,2.15,232.0,5662,Nehru Nagar
2026-01-28 04:30:00+00:00,27.0,40.5,18.6,80.5,2.25,252.0,5662,Nehru Nagar
2026-01-28 05:30:00+00:00,23.5,35.0,20.2,78.0,2.63,258.0,5662,Nehru Nagar
2026-01-28 06:30:00+00:00,24.0,34.0,20.8,72.5,2.73,249.0,5662,Nehru Nagar
2026-01-28 07:30:00+00:00,32.0,40.0,21.3,67.5,2.45,245.0,5662,Nehru Nagar
2026-01-28 08:30:00+00:00,32.0,40.0,22.3,63.8,2.65,264.0,5662,Nehru Nagar
2026-01-28 09:30:00+00:00,22.0,28.0,21.7,66.0,2.03,272.0,5662,Nehru Nagar
2026-01-28 10:30:00+00:00,22.5,28.0,20.4,71.5,2.05,295.0,5662,Nehru Nagar
2026-01-28 11:30:00+00:00,25.0,30.7,19.4,75.7,1.27,303.0,5662,Nehru Nagar
2026-01-28 12:30:00+00:00,28.5,35.0,18.8,78.0,1.13,343.0,5662,Nehru Nagar
2026-01-28 13:30:00+00:00,33.0,41.0,18.6,79.5,0.9,348.0,5662,Nehru Nagar
2026-01-28 14:30:00+00:00,43.0,54.0,18.1,80.7,1.0,348.0,5662,Nehru Nagar
2026-01-28 15:30:00+00:00,45.5,57.0,17.5,81.8,0.775,348.0,5662,Nehru Nagar
2026-01-28 16:30:00+00:00,44.5,55.5,17.1,82.8,1.08,319.0,5662,Nehru Nagar
2026-01-28 17:30:00+00:00,42.7,53.0,16.7,83.0,1.6,340.0,5662,Nehru Nagar
2026-01-28 18:30:00+00:00,43.0,54.0,15.8,84.0,2.3,331.0,5662,Nehru Nagar
2026-01-28 19:30:00+00:00,41.5,52.0,15.4,84.0,1.8,336.0,5662,Nehru Nagar
2026-01-28 20:30:00+00:00,37.5,47.0,15.0,84.3,1.6,342.0,5662,Nehru Nagar
2026-01-28 21:30:00+00:00,33.0,41.0,14.8,85.0,1.83,338.0,5662,Nehru Nagar
2026-01-28 22:30:00+00:00,30.0,37.5,14.6,85.0,1.95,341.0,5662,Nehru Nagar
2026-01-28 23:30:00+00:00,28.0,35.5,14.2,85.0,1.6,345.0,5662,Nehru Nagar
2026-01-29 00:30:00+00:00,29.5,37.0,14.1,85.0,1.33,295.0,5662,Nehru Nagar
2026-01-29 01:30:00+00:00,33.5,42.0,14.3,85.0,1.53,262.0,5662,Nehru Nagar
2026-01-29 02:30:00+00:00,43.5,54.0,15.0,85.0,1.83,255.0,5662,Nehru Nagar
2026-01-29 03:30:00+00:00,60.5,75.0,16.2,83.8,1.7,252.0,5662,Nehru Nagar
2026-01-29 04:30:00+00:00,72.5,90.5,17.7,82.0,2.78,297.0,5662,Nehru Nagar
2026-01-29 05:30:00+00:00,60.7,76.3,18.2,77.3,3.07,303.0,5662,Nehru Nagar
2026-01-29 06:30:00+00:00,51.5,65.0,18.3,73.0,3.05,291.0,5662,Nehru Nagar
2026-01-29 07:30:00+00:00,51.0,64.0,18.3,73.0,2.75,297.0,5662,Nehru Nagar
2026-01-29 08:30:00+00:00,53.5,67.0,19.2,71.3,2.58,288.0,5662,Nehru Nagar
2026-01-29 09:30:00+00:00,57.0,71.5,18.8,70.3,2.85,303.0,5662,Nehru Nagar
2026-01-29 10:30:00+00:00,57.7,72.0,18.0,71.3,2.83,288.0,5662,Nehru Nagar
2026-01-29 11:30:00+00:00,60.5,75.0,17.1,73.5,2.4,321.0,5662,Nehru Nagar
2026-01-29 12:30:00+00:00,64.0,80.0,16.5,75.0,2.5,315.0,5662,Nehru Nagar
2026-01-29 13:30:00+00:00,57.5,72.5,16.0,76.3,2.78,322.0,5662,Nehru Nagar
2026-01-29 14:30:00+00:00,58.5,73.5,15.6,77.3,2.18,315.0,5662,Nehru Nagar
2026-01-29 15:30:00+00:00,56.0,70.0,15.2,78.5,2.18,323.0,5662,Nehru Nagar
2026-01-29 16:30:00+00:00,55.0,69.0,14.8,79.3,2.23,320.0,5662,Nehru Nagar
2026-01-29 17:30:00+00:00,59.0,74.3,14.6,80.0,2.0,323.0,5662,Nehru Nagar
2026-01-29 18:30:00+00:00,58.0,73.0,13.8,81.0,2.1,289.0,5662,Nehru Nagar
2026-01-29 19:30:00+00:00,51.0,64.0,13.6,81.5,1.98,320.0,5662,Nehru Nagar
2026-01-29 20:30:00+00:00,50.0,62.5,14.0,82.0,1.43,255.0,5662,Nehru Nagar
2026-01-29 21:30:00+00:00,56.0,70.0,14.2,82.0,0.65,292.0,5662,Nehru Nagar
2026-01-29 22:30:00+00:00,56.0,70.0,14.3,82.8,1.03,317.0,5662,Nehru Nagar
2026-01-29 23:30:00+00:00,57.0,71.5,14.3,83.0,1.35,319.0,5662,Nehru Nagar
2026-01-30 00:30:00+00:00,61.3,77.0,14.2,84.0,1.57,326.0,5662,Nehru Nagar
2026-01-30 01:30:00+00:00,65.5,82.5,14.4,84.0,1.63,323.0,5662,Nehru Nagar
2026-01-30 02:30:00+00:00,66.0,83.0,14.5,84.0,1.23,285.0,5662,Nehru Nagar
2026-01-30 03:30:00+00:00,66.0,82.0,15.3,83.7,0.967,162.0,5662,Nehru Nagar
2026-01-30 04:30:00+00:00,88.0,110.0,15.8,82.8,1.05,161.0,5662,Nehru Nagar
2026-01-30 05:30:00+00:00,105.0,131.0,16.6,81.3,1.07,221.0,5662,Nehru Nagar
2026-01-30 07:30:00+00:00,88.0,110.0,19.6,66.0,1.9,212.0,5662,Nehru Nagar
2026-01-30 08:30:00+00:00,82.5,104.0,19.9,63.8,1.95,240.0,5662,Nehru Nagar
2026-01-30 09:30:00+00:00,69.5,87.5,19.5,63.0,1.98,298.0,5662,Nehru Nagar
2026-01-30 10:30:00+00:00,62.7,78.7,17.3,69.0,2.5,329.0,5662,Nehru Nagar
2026-01-30 11:30:00+00:00,65.0,81.5,15.6,74.3,2.03,339.0,5662,Nehru Nagar
2026-01-30 12:30:00+00:00,65.0,81.3,14.6,77.7,1.6,331.0,5662,Nehru Nagar
2026-01-30 13:30:00+00:00,64.0,79.5,13.9,80.0,1.88,340.0,5662,Nehru Nagar
2026-01-30 14:30:00+00:00,67.5,84.5,13.4,81.5,1.13,345.0,5662,Nehru Nagar
2026-01-30 15:30:00+00:00,68.5,86.0,13.2,82.5,0.95,320.0,5662,Nehru Nagar
2026-01-30 16:30:00+00:00,62.0,77.0,13.0,83.5,0.65,210.0,5662,Nehru Nagar
2026-01-30 17:30:00+00:00,55.0,68.0,13.1,84.0,0.45,136.0,5662,Nehru Nagar
2026-01-30 18:30:00+00:00,71.0,88.0,13.0,85.0,1.1,197.0,5662,Nehru Nagar
2026-01-30 19:30:00+00:00,57.0,71.0,12.3,85.0,1.15,232.0,5662,Nehru Nagar
2026-01-30 20:30:00+00:00,37.5,47.0,12.1,85.5,0.425,289.0,5662,Nehru Nagar
2026-01-30 21:30:00+00:00,33.5,42.0,12.4,86.0,0.675,251.0,5662,Nehru Nagar
2026-01-30 22:30:00+00:00,33.5,42.0,12.3,86.0,0.45,251.0,5662,Nehru Nagar
2026-01-30 23:30:00+00:00,33.5,42.0,12.1,86.0,1.35,184.0,5662,Nehru Nagar
2026-01-31 00:30:00+00:00,40.0,50.0,11.8,86.0,1.23,190.0,5662,Nehru Nagar
2026-01-31 01:30:00+00:00,45.0,56.0,12.2,86.8,0.625,283.0,5662,Nehru Nagar
2026-01-31 02:30:00+00:00,47.0,59.0,12.7,87.0,1.53,230.0,5662,Nehru Nagar
2026-01-31 03:30:00+00:00,55.0,69.0,12.9,87.0,1.93,226.0,5662,Nehru Nagar
2026-01-31 04:30:00+00:00,63.5,79.5,13.2,87.0,2.08,231.0,5662,Nehru Nagar
2026-01-31 05:30:00+00:00,63.5,79.5,13.4,87.0,1.83,235.0,5662,Nehru Nagar
2026-01-31 06:30:00+00:00,53.7,67.3,13.9,86.7,1.33,256.0,5662,Nehru Nagar
2026-01-31 07:30:00+00:00,57.5,72.0,15.2,86.0,1.78,216.0,5662,Nehru Nagar
2026-01-31 08:30:00+00:00,69.5,87.0,16.0,85.0,2.43,230.0,5662,Nehru Nagar
2026-01-31 09:30:00+00:00,70.0,88.0,16.2,84.0,1.5,256.0,5662,Nehru Nagar
2026-01-31 10:30:00+00:00,71.3,89.3,16.4,81.3,0.8,270.0,5662,Nehru Nagar
2026-01-31 11:30:00+00:00,86.0,108.0,15.6,79.0,0.3,317.0,5662,Nehru Nagar
2026-01-31 12:30:00+00:00,110.0,137.0,15.5,79.0,0.35,349.0,5662,Nehru Nagar
2026-01-31 13:30:00+00:00,135.0,168.0,15.3,79.3,0.35,349.0,5662,Nehru Nagar
2026-01-31 14:30:00+00:00,144.0,179.0,14.9,80.3,0.65,349.0,5662,Nehru Nagar
2026-01-31 15:30:00+00:00,136.0,170.0,14.4,81.0,0.475,349.0,5662,Nehru Nagar
2026-01-31 16:30:00+00:00,113.0,142.0,14.1,81.3,0.475,348.0,5662,Nehru Nagar
2026-01-31 17:30:00+00:00,105.0,131.0,13.8,82.0,0.4,349.0,5662,Nehru Nagar
2026-01-31 18:30:00+00:00,100.0,125.0,13.5,82.5,0.55,273.0,5662,Nehru Nagar
2026-01-31 19:30:00+00:00,92.5,116.0,13.3,83.0,0.525,243.0,5662,Nehru Nagar
2026-01-31 20:30:00+00:00,83.0,104.0,12.7,83.8,0.35,301.0,5662,Nehru Nagar
2026-01-31 21:30:00+00:00,76.0,95.0,12.6,84.0,0.6,231.0,5662,Nehru Nagar
2026-01-31 22:30:00+00:00,68.5,85.5,12.2,84.8,1.5,321.0,5662,Nehru Nagar
2026-01-31 23:30:00+00:00,56.5,70.5,11.6,85.0,1.45,308.0,5662,Nehru Nagar
2026-02-01 00:30:00+00:00,47.5,59.5,12.3,85.5,0.925,184.0,5662,Nehru Nagar
2026-02-01 01:30:00+00:00,59.5,74.5,12.7,86.0,1.23,230.0,5662,Nehru Nagar
2026-02-01 02:30:00+00:00,75.0,94.0,13.6,86.0,1.4,207.0,5662,Nehru Nagar
2026-02-01 03:30:00+00:00,89.0,112.0,14.0,86.0,1.83,245.0,5662,Nehru Nagar
2026-02-01 04:30:00+00:00,96.5,121.0,16.4,85.5,1.65,223.0,5662,Nehru Nagar
2026-02-01 05:30:00+00:00,97.0,121.0,18.8,82.7,1.63,216.0,5662,Nehru Nagar
2026-02-01 06:30:00+00:00,95.5,119.0,21.7,66.0,1.25,235.0,5662,Nehru Nagar
2026-02-01 07:30:00+00:00,87.0,109.0,23.5,43.5,1.08,161.0,5662,Nehru Nagar
2026-02-01 08:30:00+00:00,70.5,88.0,24.8,35.5,1.0,196.0,5662,Nehru Nagar
2026-02-01 09:30:00+00:00,64.5,80.0,24.3,41.8,1.05,181.0,5662,Nehru Nagar
2026-02-01 10:30:00+00:00,70.0,87.5,22.3,54.3,1.08,102.0,5662,Nehru Nagar
2026-02-01 11:30:00+00:00,74.5,93.0,20.6,60.3,0.5,66.3,5662,Nehru Nagar
2026-02-01 12:30:00+00:00,87.0,108.0,19.4,65.3,0.375,55.8,5662,Nehru Nagar
2026-02-01 13:30:00+00:00,120.0,150.0,18.5,67.8,0.3,53.0,5662,Nehru Nagar
2026-02-01 14:30:00+00:00,165.0,206.0,17.8,71.8,0.3,147.0,5662,Nehru Nagar
2026-02-01 15:30:00+00:00,179.0,224.0,17.5,74.7,0.333,101.0,5662,Nehru Nagar
2026-02-01 16:30:00+00:00,166.0,207.0,17.3,75.8,0.35,42.5,5662,Nehru Nagar
2026-02-01 17:30:00+00:00,148.0,185.0,16.9,75.7,0.3,138.0,5662,Nehru Nagar
2026-02-01 18:30:00+00:00,124.0,154.0,16.1,78.5,0.65,228.0,5662,Nehru Nagar
2026-02-01 19:30:00+00:00,124.0,154.0,15.7,78.3,0.367,341.0,5662,Nehru Nagar
2026-02-01 20:30:00+00:00,111.0,138.0,15.5,79.3,0.975,313.0,5662,Nehru Nagar
2026-02-01 21:30:00+00:00,95.0,119.0,15.5,81.0,1.13,263.0,5662,Nehru Nagar
2026-02-01 22:30:00+00:00,84.0,105.0,15.5,81.8,1.33,258.0,5662,Nehru Nagar
2026-02-01 23:30:00+00:00,79.5,99.5,15.4,82.0,1.03,300.0,5662,Nehru Nagar
2026-02-02 00:30:00+00:00,75.5,94.5,14.9,81.8,0.45,349.0,5662,Nehru Nagar
2026-02-02 01:30:00+00:00,72.0,89.5,15.6,82.0,0.95,343.0,5662,Nehru Nagar
2026-02-02 02:30:00+00:00,76.0,94.5,17.3,81.8,0.875,283.0,5662,Nehru Nagar
2026-02-02 03:30:00+00:00,80.0,100.0,20.0,78.3,1.0,306.0,5662,Nehru Nagar
2026-02-02 04:30:00+00:00,72.7,91.0,22.5,68.3,1.33,264.0,5662,Nehru Nagar
2026-02-02 05:30:00+00:00,59.5,74.5,25.4,52.8,1.13,239.0,5662,Nehru Nagar
2026-02-02 06:30:00+00:00,53.5,67.0,27.1,45.3,1.13,202.0,5662,Nehru Nagar
2026-02-02 07:30:00+00:00,46.0,57.5,27.2,44.3,1.7,218.0,5662,Nehru Nagar
2026-02-02 08:30:00+00:00,39.5,49.5,27.2,42.3,1.65,268.0,5662,Nehru Nagar
2026-02-02 09:30:00+00:00,28.5,36.0,25.8,42.0,2.13,314.0,5662,Nehru Nagar
2026-02-02 10:30:00+00:00,21.0,26.5,24.6,45.8,1.28,341.0,5662,Nehru Nagar
2026-02-02 11:30:00+00:00,31.5,39.0,23.3,53.3,0.625,347.0,5662,Nehru Nagar
2026-02-02 12:30:00+00:00,45.0,55.5,21.5,62.0,0.3,349.0,5662,Nehru Nagar
2026-02-02 13:30:00+00:00,47.0,58.0,20.5,66.0,0.3,349.0,5662,Nehru Nagar
2026-02-02 14:30:00+00:00,110.0,137.0,19.4,73.0,0.3,349.0,5662,Nehru Nagar
2026-02-02 15:30:00+00:00,119.0,148.0,19.2,74.3,0.3,349.0,5662,Nehru Nagar
2026-02-02 16:30:00+00:00,173.0,216.0,18.6,73.7,0.3,349.0,5662,Nehru Nagar
2026-02-02 17:30:00+00:00,197.0,246.0,18.4,72.0,0.3,147.0,5662,Nehru Nagar
2026-02-02 18:30:00+00:00,185.0,232.0,17.9,79.5,0.35,106.0,5662,Nehru Nagar
2026-02-02 19:30:00+00:00,157.0,196.0,17.9,80.0,0.633,347.0,5662,Nehru Nagar
2026-02-02 20:30:00+00:00,84.0,105.0,17.5,80.5,0.725,337.0,5662,Nehru Nagar
2026-02-02 21:30:00+00:00,63.0,78.7,17.2,80.3,0.933,281.0,5662,Nehru Nagar
2026-02-02 22:30:00+00:00,56.3,70.0,16.5,83.7,1.23,282.0,5662,Nehru Nagar
2026-02-02 23:30:00+00:00,54.5,68.0,16.1,83.5,0.65,267.0,5662,Nehru Nagar
2026-02-03 00:30:00+00:00,53.5,67.0,15.8,83.3,1.25,315.0,5662,Nehru Nagar
2026-02-03 01:30:00+00:00,51.5,64.5,15.4,81.0,1.1,315.0,5662,Nehru Nagar
2026-02-03 02:30:00+00:00,44.3,55.0,15.1,82.0,3.2,307.0,5662,Nehru Nagar
2026-02-03 03:30:00+00:00,37.5,46.5,15.0,80.3,2.35,284.0,5662,Nehru Nagar
2026-02-03 04:30:00+00:00,37.5,47.0,16.4,82.0,1.4,242.0,5662,Nehru Nagar
2026-02-03 05:30:00+00:00,41.7,52.7,16.9,82.0,2.0,252.0,5662,Nehru Nagar
2026-02-03 06:30:00+00:00,44.0,55.0,18.3,82.8,1.15,280.0,5662,Nehru Nagar
2026-02-03 07:30:00+00:00,49.0,61.0,19.7,83.8,0.7,261.0,5662,Nehru Nagar
2026-02-03 08:30:00+00:00,51.0,64.0,20.5,82.0,1.15,283.0,5662,Nehru Nagar
2026-02-04 01:30:00+00:00,39.0,48.3,13.7,85.7,1.87,315.0,5662,Nehru Nagar
2026-02-04 02:30:00+00:00,38.0,48.0,13.9,86.0,2.8,338.0,5662,Nehru Nagar
2026-02-04 03:30:00+00:00,34.5,43.0,14.2,86.0,3.03,326.0,5662,Nehru Nagar
2026-02-04 04:30:00+00:00,31.0,38.0,14.9,86.0,3.55,319.0,5662,Nehru Nagar
2026-02-04 05:30:00+00:00,46.0,57.0,18.9,84.0,2.1,320.0,5662,Nehru Nagar
2026-02-04 06:30:00+00:00,41.0,52.0,21.8,64.0,2.15,273.0,5662,Nehru Nagar
2026-02-04 07:30:00+00:00,41.0,51.3,22.9,52.3,2.47,285.0,5662,Nehru Nagar
2026-02-04 09:30:00+00:00,37.5,46.5,23.0,45.8,2.85,304.0,5662,Nehru Nagar
2026-02-04 10:30:00+00:00,34.0,42.0,22.0,50.5,2.5,330.0,5662,Nehru Nagar
2026-02-04 11:30:00+00:00,34.0,42.0,20.1,61.8,1.7,334.0,5662,Nehru Nagar
2026-02-04 12:30:00+00:00,43.3,54.0,19.0,66.7,0.767,251.0,5662,Nehru Nagar
2026-02-04 13:30:00+00:00,56.7,71.0,18.3,70.0,0.667,247.0,5662,Nehru Nagar
2026-02-04 15:30:00+00:00,73.0,92.0,16.9,72.0,0.7,260.0,5662,Nehru Nagar
2026-02-04 18:30:00+00:00,73.0,91.0,15.0,79.0,1.0,270.0,5662,Nehru Nagar
2026-02-04 19:30:00+00:00,74.0,92.5,14.6,79.8,0.675,188.0,5662,Nehru Nagar
2026-02-04 20:30:00+00:00,72.0,90.0,14.2,79.0,0.9,264.0,5662,Nehru Nagar
2026-02-04 21:30:00+00:00,71.5,89.0,14.0,73.5,0.975,251.0,5662,Nehru Nagar
2026-02-04 22:30:00+00:00,76.0,94.7,13.6,79.0,1.27,296.0,5662,Nehru Nagar
2026-02-04 23:30:00+00:00,80.5,101.0,13.5,80.8,1.43,281.0,5662,Nehru Nagar
2026-02-05 00:30:00+00:00,79.7,99.7,13.3,80.0,1.4,328.0,5662,Nehru Nagar
2026-02-05 01:30:00+00:00,82.0,103.0,13.6,79.0,1.63,289.0,5662,Nehru Nagar
2026-02-05 02:30:00+00:00,89.0,111.0,15.3,77.0,2.17,295.0,5662,Nehru Nagar
2026-02-05 03:30:00+00:00,83.0,104.0,19.2,65.5,2.45,305.0,5662,Nehru Nagar
2026-02-05 04:30:00+00:00,79.0,99.0,20.7,59.8,2.8,310.0,5662,Nehru Nagar
2026-02-05 05:30:00+00:00,70.3,88.0,22.2,54.3,2.63,269.0,5662,Nehru Nagar
2026-02-05 06:30:00+00:00,53.7,66.7,23.3,45.0,2.97,281.0,5662,Nehru Nagar
2026-02-05 07:30:00+00:00,47.0,59.0,24.1,42.0,2.8,269.0,5662,Nehru Nagar
2026-02-05 08:30:00+00:00,38.5,48.5,24.1,42.0,3.2,300.0,5662,Nehru Nagar
2026-02-05 09:30:00+00:00,32.3,40.0,24.1,41.7,3.07,292.0,5662,Nehru Nagar
2026-02-05 10:30:00+00:00,30.5,38.0,23.3,43.5,2.28,283.0,5662,Nehru Nagar
2026-02-05 11:30:00+00:00,38.0,47.5,21.4,47.3,1.6,280.0,5662,Nehru Nagar
2026-02-05 12:30:00+00:00,48.0,60.0,19.8,54.5,0.575,259.0,5662,Nehru Nagar
2026-02-05 13:30:00+00:00,56.0,70.3,19.0,58.7,1.03,305.0,5662,Nehru Nagar
2026-02-05 14:30:00+00:00,66.0,82.5,18.2,60.0,0.6,225.0,5662,Nehru Nagar
2026-02-05 15:30:00+00:00,64.5,80.5,17.5,62.5,0.6,183.0,5662,Nehru Nagar
2026-02-05 16:30:00+00:00,73.0,91.0,16.8,64.5,0.7,276.0,5662,Nehru Nagar
2026-02-05 17:30:00+00:00,74.0,92.3,16.5,61.7,0.8,215.0,5662,Nehru Nagar
2026-02-05 18:30:00+00:00,53.0,67.0,16.0,65.0,0.9,247.0,5662,Nehru Nagar
2026-02-05 19:30:00+00:00,49.5,62.0,15.6,65.8,0.725,172.0,5662,Nehru Nagar
2026-02-05 20:30:00+00:00,53.5,66.5,15.0,67.3,0.8,230.0,5662,Nehru Nagar
2026-02-05 21:30:00+00:00,54.3,67.7,15.2,65.3,1.87,309.0,5662,Nehru Nagar
2026-02-05 22:30:00+00:00,40.5,50.5,14.9,64.8,1.53,274.0,5662,Nehru Nagar
2026-02-05 23:30:00+00:00,38.5,48.0,14.3,65.3,1.33,231.0,5662,Nehru Nagar
2026-02-06 00:30:00+00:00,38.5,48.0,14.1,66.3,1.45,251.0,5662,Nehru Nagar
2026-02-06 01:30:00+00:00,46.0,57.0,14.9,67.3,1.23,255.0,5662,Nehru Nagar
2026-02-06 02:30:00+00:00,56.0,69.5,17.5,59.0,2.53,302.0,5662,Nehru Nagar
2026-02-06 03:30:00+00:00,56.5,71.0,19.7,52.8,2.98,307.0,5662,Nehru Nagar
2026-02-06 04:30:00+00:00,47.5,59.5,21.4,47.8,3.58,284.0,5662,Nehru Nagar
2026-02-06 05:30:00+00:00,40.5,50.5,23.0,43.8,3.33,288.0,5662,Nehru Nagar
2026-02-06 06:30:00+00:00,35.5,44.5,24.0,39.3,3.45,307.0,5662,Nehru Nagar
2026-02-06 07:30:00+00:00,31.5,39.0,24.5,37.5,3.73,292.0,5662,Nehru Nagar
2026-02-06 08:30:00+00:00,31.3,38.7,24.8,38.3,3.53,287.0,5662,Nehru Nagar
2026-02-06 09:30:00+00:00,33.5,42.0,24.7,39.5,3.48,310.0,5662,Nehru Nagar
2026-02-06 10:30:00+00:00,35.0,44.0,23.8,41.8,2.8,320.0,5662,Nehru Nagar
2026-02-06 11:30:00+00:00,36.5,45.5,22.2,47.3,1.28,227.0,5662,Nehru Nagar
2026-02-06 12:30:00+00:00,47.0,58.5,20.8,54.3,0.875,242.0,5662,Nehru Nagar
2026-02-06 13:30:00+00:00,56.0,70.0,20.1,55.8,0.9,245.0,5662,Nehru Nagar
2026-02-06 14:30:00+00:00,58.5,73.0,19.6,57.3,0.8,230.0,5662,Nehru Nagar
2026-02-06 15:30:00+00:00,68.5,85.5,18.9,60.0,0.675,261.0,5662,Nehru Nagar
2026-02-06 16:30:00+00:00,66.0,82.5,18.1,62.3,0.75,189.0,5662,Nehru Nagar
2026-02-06 17:30:00+00:00,71.0,88.5,17.5,65.0,0.9,273.0,5662,Nehru Nagar
2026-02-06 18:30:00+00:00,59.0,74.0,17.1,65.5,0.45,153.0,5662,Nehru Nagar
2026-02-06 19:30:00+00:00,55.5,69.0,16.9,66.8,1.08,214.0,5662,Nehru Nagar
2026-02-06 20:30:00+00:00,48.0,60.0,16.8,66.0,1.3,264.0,5662,Nehru Nagar
2026-02-06 21:30:00+00:00,43.7,55.3,16.3,65.3,0.867,237.0,5662,Nehru Nagar
2026-02-06 22:30:00+00:00,43.0,54.0,15.6,68.3,1.05,222.0,5662,Nehru Nagar
2026-02-06 23:30:00+00:00,49.5,62.0,15.0,68.8,1.13,279.0,5662,Nehru Nagar
2026-02-07 00:30:00+00:00,59.0,73.5,14.8,63.0,1.08,228.0,5662,Nehru Nagar
2026-02-07 01:30:00+00:00,73.5,91.5,15.7,61.5,1.23,248.0,5662,Nehru Nagar
2026-02-07 02:30:00+00:00,74.5,93.0,18.1,57.0,1.73,265.0,5662,Nehru Nagar
2026-02-07 03:30:00+00:00,52.0,65.0,20.8,51.0,2.35,268.0,5662,Nehru Nagar
2026-02-07 04:30:00+00:00,33.5,47.5,22.8,47.8,2.58,263.0,5662,Nehru Nagar
2026-02-07 05:30:00+00:00,28.0,42.0,24.4,42.8,3.03,275.0,5662,Nehru Nagar
2026-02-07 06:30:00+00:00,26.0,38.3,25.4,41.0,3.23,295.0,5662,Nehru Nagar
2026-02-07 07:30:00+00:00,22.5,33.0,26.2,37.3,3.43,287.0,5662,Nehru Nagar
2026-02-07 08:30:00+00:00,19.0,28.0,26.0,36.5,4.08,304.0,5662,Nehru Nagar
2026-02-07 09:30:00+00:00,18.0,26.5,25.8,38.5,3.8,286.0,5662,Nehru Nagar
2026-02-07 10:30:00+00:00,17.0,25.3,25.0,41.0,2.73,302.0,5662,Nehru Nagar
2026-02-07 11:30:00+00:00,20.5,30.5,23.7,46.5,1.25,321.0,5662,Nehru Nagar
2026-02-07 12:30:00+00:00,34.5,51.0,22.1,53.3,0.425,230.0,5662,Nehru Nagar
2026-02-07 13:30:00+00:00,50.0,74.5,20.9,58.8,0.3,232.0,5662,Nehru Nagar
2026-02-07 14:30:00+00:00,87.7,131.0,20.2,63.7,0.4,178.0,5662,Nehru Nagar
2026-02-07 15:30:00+00:00,95.5,143.0,19.8,64.0,0.425,223.0,5662,Nehru Nagar
2026-02-07 16:30:00+00:00,69.5,104.0,19.2,64.0,0.45,207.0,5662,Nehru Nagar
2026-02-07 17:30:00+00:00,50.0,74.0,18.8,65.0,0.5,169.0,5662,Nehru Nagar
2026-02-07 18:30:00+00:00,40.0,60.0,18.1,66.0,0.3,70.0,5662,Nehru Nagar
2026-02-08 15:30:00+00:00,146.0,218.0,18.4,68.0,0.3,349.0,5662,Nehru Nagar
2026-02-08 16:30:00+00:00,146.0,218.0,17.9,70.3,0.3,349.0,5662,Nehru Nagar
2026-02-08 17:30:00+00:00,136.0,204.0,17.4,70.3,0.3,349.0,5662,Nehru Nagar
2026-02-08 18:30:00+00:00,122.0,183.0,16.7,73.0,0.35,324.0,5662,Nehru Nagar
2026-02-08 19:30:00+00:00,100.0,150.0,16.6,75.0,0.75,185.0,5662,Nehru Nagar
2026-02-08 20:30:00+00:00,67.0,99.5,15.9,75.0,0.3,347.0,5662,Nehru Nagar
2026-02-08 21:30:00+00:00,51.5,76.5,15.5,76.5,0.3,349.0,5662,Nehru Nagar
2026-02-08 22:30:00+00:00,45.5,67.5,15.3,78.0,0.3,349.0,5662,Nehru Nagar
2026-02-08 23:30:00+00:00,50.0,74.0,15.3,78.3,0.333,272.0,5662,Nehru Nagar
2026-02-09 00:30:00+00:00,87.0,130.0,15.2,79.0,0.3,32.0,5662,Nehru Nagar
2026-02-09 01:30:00+00:00,109.0,163.0,17.0,79.0,0.375,59.3,5662,Nehru Nagar
2026-02-09 02:30:00+00:00,106.0,159.0,20.4,63.3,0.95,213.0,5662,Nehru Nagar
2026-02-09 03:30:00+00:00,74.0,110.0,23.1,43.0,1.1,197.0,5662,Nehru Nagar
2026-02-09 04:30:00+00:00,56.0,83.0,24.6,39.0,1.55,196.0,5662,Nehru Nagar
2026-02-09 05:30:00+00:00,52.0,77.0,25.2,38.0,1.7,228.0,5662,Nehru Nagar
2026-02-09 06:30:00+00:00,44.0,65.0,27.1,34.0,1.1,149.0,5662,Nehru Nagar
2026-02-09 07:30:00+00:00,44.0,65.0,27.6,36.0,1.5,200.0,5662,Nehru Nagar
2026-02-09 08:30:00+00:00,51.5,77.0,27.4,36.5,1.88,270.0,5662,Nehru Nagar
2026-02-09 09:30:00+00:00,35.3,53.3,26.9,36.7,2.13,324.0,5662,Nehru Nagar
2026-02-09 10:30:00+00:00,28.0,42.0,25.4,40.0,1.75,342.0,5662,Nehru Nagar
2026-02-09 11:30:00+00:00,29.0,43.3,23.7,46.3,1.0,252.0,5662,Nehru Nagar
2026-02-09 12:30:00+00:00,64.0,95.0,20.8,57.5,0.3,98.5,5662,Nehru Nagar
2026-02-09 13:30:00+00:00,84.7,126.0,19.7,62.7,0.3,94.0,5662,Nehru Nagar
2026-02-09 14:30:00+00:00,95.5,143.0,19.1,66.3,0.3,94.0,5662,Nehru Nagar
2026-02-09 15:30:00+00:00,121.0,181.0,18.6,68.0,0.3,97.5,5662,Nehru Nagar
2026-02-09 16:30:00+00:00,136.0,203.0,17.9,70.3,0.3,101.0,5662,Nehru Nagar
2026-02-09 17:30:00+00:00,117.0,175.0,17.6,70.7,0.3,137.0,5662,Nehru Nagar
2026-02-09 18:30:00+00:00,150.0,224.0,17.1,73.5,0.45,147.0,5662,Nehru Nagar
2026-02-09 19:30:00+00:00,119.0,178.0,16.5,72.3,0.433,203.0,5662,Nehru Nagar
2026-02-09 20:30:00+00:00,56.5,84.5,15.9,72.8,0.375,246.0,5662,Nehru Nagar
2026-02-09 21:30:00+00:00,67.0,100.0,15.2,73.0,0.3,349.0,5662,Nehru Nagar
2026-02-09 22:30:00+00:00,91.3,136.0,15.1,74.0,0.3,159.0,5662,Nehru Nagar
2026-02-09 23:30:00+00:00,85.5,128.0,15.0,74.3,0.3,284.0,5662,Nehru Nagar
2026-02-10 00:30:00+00:00,138.0,206.0,14.6,74.0,0.3,349.0,5662,Nehru Nagar
2026-02-10 01:30:00+00:00,179.0,268.0,16.7,75.0,0.5,214.0,5662,Nehru Nagar
2026-02-10 02:30:00+00:00,136.0,203.0,19.6,65.0,0.85,86.8,5662,Nehru Nagar
2026-02-10 03:30:00+00:00,102.0,152.0,22.4,53.0,1.28,176.0,5662,Nehru Nagar
2026-02-10 04:30:00+00:00,70.0,105.0,25.0,42.8,1.23,176.0,5662,Nehru Nagar
2026-02-10 05:30:00+00:00,46.0,68.5,26.4,37.5,1.53,195.0,5662,Nehru Nagar
2026-02-10 06:30:00+00:00,39.3,58.0,27.3,37.3,1.63,171.0,5662,Nehru Nagar
2026-02-10 08:30:00+00:00,26.0,39.0,27.3,39.0,2.0,282.0,5662,Nehru Nagar
2026-02-10 09:30:00+00:00,25.7,38.7,27.5,37.3,1.87,312.0,5662,Nehru Nagar
2026-02-10 10:30:00+00:00,25.5,38.0,26.2,41.3,1.63,319.0,5662,Nehru Nagar
2026-02-10 11:30:00+00:00,29.0,43.3,24.3,47.0,0.7,349.0,5662,Nehru Nagar
2026-02-10 12:30:00+00:00,59.0,88.5,22.2,56.5,0.325,227.0,5662,Nehru Nagar
2026-02-10 13:30:00+00:00,96.0,144.0,21.0,62.8,0.3,112.0,5662,Nehru Nagar
2026-02-10 14:30:00+00:00,115.0,172.0,20.0,66.0,0.3,108.0,5662,Nehru Nagar
2026-02-10 15:30:00+00:00,128.0,192.0,19.3,68.5,0.3,105.0,5662,Nehru Nagar
2026-02-10 16:30:00+00:00,143.0,215.0,18.8,69.0,0.3,102.0,5662,Nehru Nagar
2026-02-10 17:30:00+00:00,145.0,218.0,18.3,73.0,0.3,102.0,5662,Nehru Nagar
2026-02-10 18:30:00+00:00,116.0,173.0,18.0,71.0,0.3,105.0,5662,Nehru Nagar
2026-02-10 19:30:00+00:00,101.0,151.0,17.5,73.0,0.325,170.0,5662,Nehru Nagar
2026-02-10 20:30:00+00:00,72.0,108.0,17.2,71.0,0.45,329.0,5662,Nehru Nagar
2026-02-10 21:30:00+00:00,52.5,78.0,20.7,75.5,0.375,160.0,5662,Nehru Nagar
2026-02-10 22:30:00+00:00,52.0,77.5,16.8,76.3,0.625,200.0,5662,Nehru Nagar
2026-02-10 23:30:00+00:00,56.5,84.0,16.2,76.8,0.3,108.0,5662,Nehru Nagar
2026-02-11 00:30:00+00:00,58.0,86.0,16.7,77.8,0.775,80.3,5662,Nehru Nagar
2026-02-11 01:30:00+00:00,72.0,108.0,17.5,76.8,1.0,63.5,5662,Nehru Nagar
2026-02-11 02:30:00+00:00,94.0,141.0,20.0,71.0,0.875,112.0,5662,Nehru Nagar
2026-02-11 03:30:00+00:00,96.0,144.0,23.1,57.3,1.0,171.0,5662,Nehru Nagar
2026-02-11 04:30:00+00:00,83.7,125.0,24.7,49.3,1.23,257.0,5662,Nehru Nagar
2026-02-11 05:30:00+00:00,62.3,92.7,26.4,43.0,2.07,272.0,5662,Nehru Nagar
2026-02-11 06:30:00+00:00,56.0,83.0,26.9,41.3,2.2,280.0,5662,Nehru Nagar
2026-02-11 07:30:00+00:00,40.0,59.0,27.6,32.8,2.6,289.0,5662,Nehru Nagar
2026-02-11 08:30:00+00:00,36.5,54.0,28.1,34.5,2.3,315.0,5662,Nehru Nagar
2026-02-11 09:30:00+00:00,30.0,44.5,27.7,35.3,2.4,317.0,5662,Nehru Nagar
2026-02-11 10:30:00+00:00,27.0,40.0,26.5,38.5,1.98,334.0,5662,Nehru Nagar
2026-02-11 11:30:00+00:00,30.0,45.0,24.7,43.3,1.25,346.0,5662,Nehru Nagar
2026-02-11 12:30:00+00:00,41.0,61.5,23.2,51.0,0.5,349.0,5662,Nehru Nagar
2026-02-11 13:30:00+00:00,57.5,86.0,22.1,56.8,0.325,349.0,5662,Nehru Nagar
2026-02-11 14:30:00+00:00,76.7,115.0,21.1,60.7,0.3,349.0,5662,Nehru Nagar
2026-02-11 15:30:00+00:00,90.5,136.0,20.6,64.8,0.3,349.0,5662,Nehru Nagar
2026-02-11 16:30:00+00:00,84.5,126.0,20.4,65.5,0.325,56.0,5662,Nehru Nagar
2026-02-11 17:30:00+00:00,97.0,145.0,20.1,66.5,0.45,50.5,5662,Nehru Nagar
2026-02-11 19:30:00+00:00,84.3,126.0,19.0,66.3,0.4,240.0,5662,Nehru Nagar
2026-02-11 20:30:00+00:00,85.0,127.0,18.7,65.5,0.475,286.0,5662,Nehru Nagar
2026-02-11 21:30:00+00:00,68.5,103.0,18.6,65.0,1.15,343.0,5662,Nehru Nagar
2026-02-11 22:30:00+00:00,53.0,80.0,18.2,70.0,0.95,299.0,5662,Nehru Nagar
2026-02-11 23:30:00+00:00,49.0,73.5,17.8,68.8,0.625,203.0,5662,Nehru Nagar
2026-02-12 00:30:00+00:00,49.5,74.0,17.3,71.8,0.925,159.0,5662,Nehru Nagar
2026-02-12 01:30:00+00:00,62.5,93.5,17.7,71.3,1.23,196.0,5662,Nehru Nagar
2026-02-12 02:30:00+00:00,79.0,118.0,20.0,63.3,1.73,230.0,5662,Nehru Nagar
2026-02-12 03:30:00+00:00,76.5,114.0,22.8,53.5,1.98,262.0,5662,Nehru Nagar
2026-02-12 04:30:00+00:00,53.0,79.0,25.0,42.5,2.55,300.0,5662,Nehru Nagar
2026-02-12 05:30:00+00:00,33.5,50.0,26.8,35.0,2.75,308.0,5662,Nehru Nagar
2026-02-12 06:30:00+00:00,27.0,40.0,27.3,32.3,3.3,311.0,5662,Nehru Nagar
2026-02-12 07:30:00+00:00,23.5,34.5,27.8,32.3,3.33,315.0,5662,Nehru Nagar
2026-02-12 08:30:00+00:00,20.5,30.5,27.6,30.5,3.9,313.0,5662,Nehru Nagar
2026-02-12 09:30:00+00:00,13.0,19.3,27.5,31.7,2.93,327.0,5662,Nehru Nagar
2026-02-12 10:30:00+00:00,14.0,21.0,26.4,36.0,2.4,331.0,5662,Nehru Nagar
2026-02-12 11:30:00+00:00,19.5,29.5,24.5,39.0,1.18,337.0,5662,Nehru Nagar
2026-02-12 12:30:00+00:00,32.3,48.7,22.7,46.0,0.367,205.0,5662,Nehru Nagar
2026-02-12 13:30:00+00:00,70.5,106.0,21.3,55.0,0.4,204.0,5662,Nehru Nagar
2026-02-12 14:30:00+00:00,67.0,100.0,21.3,51.5,0.7,349.0,5662,Nehru Nagar
2026-02-12 15:30:00+00:00,43.0,64.5,20.4,53.8,0.425,349.0,5662,Nehru Nagar
2026-02-12 16:30:00+00:00,48.5,72.5,19.6,57.8,0.3,349.0,5662,Nehru Nagar
2026-02-12 17:30:00+00:00,55.0,82.0,19.4,59.0,0.433,199.0,5662,Nehru Nagar
2026-02-12 18:30:00+00:00,62.0,92.0,18.7,59.5,0.45,248.0,5662,Nehru Nagar
2026-02-12 19:30:00+00:00,52.5,78.0,18.4,59.8,0.35,294.0,5662,Nehru Nagar
2026-02-12 20:30:00+00:00,38.0,57.0,17.9,55.3,0.325,349.0,5662,Nehru Nagar
2026-02-12 21:30:00+00:00,32.0,48.0,17.7,59.5,0.35,349.0,5662,Nehru Nagar
2026-02-12 22:30:00+00:00,30.0,44.5,17.4,63.8,0.6,349.0,5662,Nehru Nagar
2026-02-12 23:30:00+00:00,28.7,42.3,17.2,65.0,0.733,330.0,5662,Nehru Nagar
2026-02-13 00:30:00+00:00,29.5,43.5,16.8,65.8,0.85,349.0,5662,Nehru Nagar
2026-02-13 01:30:00+00:00,41.0,61.0,18.3,63.5,0.75,223.0,5662,Nehru Nagar
2026-02-13 02:30:00+00:00,52.5,78.0,20.6,55.5,1.33,324.0,5662,Nehru Nagar
2026-02-13 03:30:00+00:00,45.0,67.0,22.8,48.0,1.63,290.0,5662,Nehru Nagar
2026-02-13 04:30:00+00:00,32.5,49.0,24.8,41.8,1.83,292.0,5662,Nehru Nagar
2026-02-13 05:30:00+00:00,33.3,50.0,25.7,37.0,2.43,302.0,5662,Nehru Nagar
2026-02-13 06:30:00+00:00,34.0,50.0,26.5,33.8,2.93,285.0,5662,Nehru Nagar
2026-02-13 07:30:00+00:00,27.5,41.0,26.9,34.3,3.05,308.0,5662,Nehru Nagar
2026-02-13 08:30:00+00:00,27.0,40.5,26.5,32.3,3.25,318.0,5662,Nehru Nagar
2026-02-13 09:30:00+00:00,26.5,39.0,26.6,32.0,2.4,297.0,5662,Nehru Nagar
2026-02-13 10:30:00+00:00,27.0,40.0,25.7,35.0,1.98,328.0,5662,Nehru Nagar
2026-02-13 11:30:00+00:00,26.0,38.5,24.1,39.8,0.925,346.0,5662,Nehru Nagar
2026-02-13 12:30:00+00:00,41.0,61.0,22.4,46.5,0.5,320.0,5662,Nehru Nagar
2026-02-13 13:30:00+00:00,73.0,109.0,20.8,56.3,0.3,114.0,5662,Nehru Nagar
2026-02-13 14:30:00+00:00,110.0,164.0,19.8,61.3,0.3,110.0,5662,Nehru Nagar
2026-02-13 15:30:00+00:00,132.0,197.0,19.1,65.5,0.3,110.0,5662,Nehru Nagar
2026-02-13 16:30:00+00:00,120.0,179.0,18.5,68.0,0.3,109.0,5662,Nehru Nagar
2026-02-13 17:30:00+00:00,99.3,149.0,18.3,70.0,0.3,128.0,5662,Nehru Nagar
2026-02-13 18:30:00+00:00,105.0,157.0,17.2,73.5,0.3,349.0,5662,Nehru Nagar
2026-02-13 19:30:00+00:00,94.5,141.0,17.2,73.8,0.3,118.0,5662,Nehru Nagar
2026-02-13 20:30:00+00:00,76.5,115.0,17.0,74.8,0.3,15.8,5662,Nehru Nagar
2026-02-13 21:30:00+00:00,80.5,121.0,16.9,75.3,0.3,76.8,5662,Nehru Nagar
2026-02-13 22:30:00+00:00,97.0,145.0,16.4,75.3,0.3,272.0,5662,Nehru Nagar
2026-02-13 23:30:00+00:00,122.0,183.0,16.4,74.8,0.425,257.0,5662,Nehru Nagar
2026-02-14 00:30:00+00:00,106.0,159.0,16.3,73.3,0.5,293.0,5662,Nehru Nagar
2026-02-14 01:30:00+00:00,75.0,112.0,17.8,70.3,0.75,339.0,5662,Nehru Nagar
2026-02-14 02:30:00+00:00,65.0,97.0,20.7,58.8,1.38,316.0,5662,Nehru Nagar
2026-02-14 03:30:00+00:00,42.5,63.5,23.0,47.5,1.85,300.0,5662,Nehru Nagar
2026-02-14 04:30:00+00:00,32.0,48.0,24.9,41.5,2.18,283.0,5662,Nehru Nagar
2026-02-14 05:30:00+00:00,29.5,44.0,26.0,38.5,2.5,284.0,5662,Nehru Nagar
2026-02-14 06:30:00+00:00,29.0,42.7,26.3,39.7,3.63,298.0,5662,Nehru Nagar
2026-02-14 07:30:00+00:00,26.5,39.5,27.1,37.8,3.38,286.0,5662,Nehru Nagar
2026-02-14 08:30:00+00:00,22.7,33.7,27.4,36.7,3.17,300.0,5662,Nehru Nagar
2026-02-14 09:30:00+00:00,18.5,27.0,27.2,34.8,3.35,322.0,5662,Nehru Nagar
2026-02-14 10:30:00+00:00,18.0,26.0,26.2,36.8,2.6,321.0,5662,Nehru Nagar
2026-02-14 11:30:00+00:00,23.0,34.0,24.4,41.0,1.73,336.0,5662,Nehru Nagar
2026-02-14 12:30:00+00:00,40.5,60.5,22.9,47.3,0.825,349.0,5662,Nehru Nagar
2026-02-14 13:30:00+00:00,54.0,81.0,21.8,50.8,0.5,349.0,5662,Nehru Nagar
2026-02-14 14:30:00+00:00,55.0,83.0,21.3,53.8,0.7,349.0,5662,Nehru Nagar
2026-02-14 15:30:00+00:00,57.5,86.5,20.4,56.8,0.3,349.0,5662,Nehru Nagar
2026-02-14 16:30:00+00:00,79.3,119.0,19.2,61.7,0.3,349.0,5662,Nehru Nagar
2026-02-14 17:30:00+00:00,111.0,167.0,18.7,66.7,0.3,349.0,5662,Nehru Nagar
2026-02-14 18:30:00+00:00,61.0,91.0,18.7,66.0,0.65,349.0,5662,Nehru Nagar
2026-02-14 19:30:00+00:00,56.0,83.5,18.1,65.8,0.35,349.0,5662,Nehru Nagar
2026-02-14 20:30:00+00:00,48.5,72.5,17.7,67.0,0.4,314.0,5662,Nehru Nagar
2026-02-14 21:30:00+00:00,45.5,68.0,17.5,67.8,0.4,165.0,5662,Nehru Nagar
2026-02-14 22:30:00+00:00,43.0,64.0,17.3,68.0,0.425,156.0,5662,Nehru Nagar
2026-02-14 23:30:00+00:00,47.0,70.0,17.1,67.5,0.45,184.0,5662,Nehru Nagar
2026-02-15 00:30:00+00:00,68.0,102.0,16.5,69.3,0.775,138.0,5662,Nehru Nagar
2026-02-15 01:30:00+00:00,70.0,105.0,17.4,71.8,1.03,187.0,5662,Nehru Nagar
2026-02-15 02:30:00+00:00,57.7,86.7,19.9,63.0,1.1,201.0,5662,Nehru Nagar
2026-02-15 03:30:00+00:00,54.0,81.0,22.8,48.5,1.93,238.0,5662,Nehru Nagar
2026-02-15 04:30:00+00:00,49.5,74.5,25.4,43.8,1.68,238.0,5662,Nehru Nagar
2026-02-15 05:30:00+00:00,45.5,68.0,26.8,39.3,2.35,253.0,5662,Nehru Nagar
2026-02-15 06:30:00+00:00,35.5,52.5,27.6,36.3,2.88,278.0,5662,Nehru Nagar
2026-02-15 07:30:00+00:00,27.0,39.5,28.3,37.0,2.78,269.0,5662,Nehru Nagar
2026-02-15 08:30:00+00:00,24.7,37.0,28.4,37.3,3.27,285.0,5662,Nehru Nagar
2026-02-15 09:30:00+00:00,22.5,33.5,28.3,38.3,2.8,284.0,5662,Nehru Nagar
2026-02-15 10:30:00+00:00,22.0,32.5,27.3,40.3,2.65,315.0,5662,Nehru Nagar
2026-02-15 11:30:00+00:00,24.5,36.5,25.6,45.3,1.35,347.0,5662,Nehru Nagar
2026-02-15 12:30:00+00:00,29.0,43.5,23.8,52.8,0.425,349.0,5662,Nehru Nagar
2026-02-15 13:30:00+00:00,46.5,70.0,22.4,57.3,0.3,349.0,5662,Nehru Nagar
2026-02-15 14:30:00+00:00,73.5,110.0,21.5,63.3,0.325,272.0,5662,Nehru Nagar
2026-02-15 15:30:00+00:00,90.5,135.0,21.2,64.8,0.3,36.8,5662,Nehru Nagar
2026-02-15 16:30:00+00:00,103.0,154.0,20.6,68.7,0.3,35.7,5662,Nehru Nagar
2026-02-15 17:30:00+00:00,119.0,179.0,19.9,69.7,0.3,37.0,5662,Nehru Nagar
2026-02-15 18:30:00+00:00,67.0,100.0,19.3,70.5,0.3,41.0,5662,Nehru Nagar
2026-02-15 19:30:00+00:00,65.0,97.3,18.7,71.7,0.3,42.0,5662,Nehru Nagar
2026-02-15 20:30:00+00:00,62.0,92.5,18.6,74.5,0.45,39.5,5662,Nehru Nagar
2026-02-15 21:30:00+00:00,50.0,74.5,18.4,72.8,0.4,36.8,5662,Nehru Nagar
2026-02-15 22:30:00+00:00,37.7,56.7,18.2,71.3,0.5,96.7,5662,Nehru Nagar
2026-02-15 23:30:00+00:00,32.5,48.5,17.8,72.3,0.45,94.3,5662,Nehru Nagar
2026-02-16 00:30:00+00:00,32.0,47.0,17.4,74.0,0.5,183.0,5662,Nehru Nagar
2026-02-16 01:30:00+00:00,55.0,82.0,19.1,72.0,0.475,347.0,5662,Nehru Nagar
2026-02-16 02:30:00+00:00,75.0,112.0,22.7,59.0,1.1,272.0,5662,Nehru Nagar
2026-02-16 03:30:00+00:00,64.0,95.0,26.1,46.3,1.2,233.0,5662,Nehru Nagar
2026-02-17 06:30:00+00:00,42.0,62.0,29.9,29.0,2.4,233.0,5662,Nehru Nagar
2026-02-17 07:30:00+00:00,34.0,50.0,30.5,26.3,2.08,259.0,5662,Nehru Nagar
2026-02-17 08:30:00+00:00,21.3,31.3,30.4,24.0,2.5,256.0,5662,Nehru Nagar
2026-02-17 09:30:00+00:00,17.5,25.5,30.4,24.8,2.15,283.0,5662,Nehru Nagar
2026-02-17 10:30:00+00:00,18.0,26.0,28.8,30.0,1.83,275.0,5662,Nehru Nagar
2026-02-17 11:30:00+00:00,24.5,36.0,26.8,37.5,0.6,158.0,5662,Nehru Nagar
2026-02-17 12:30:00+00:00,59.5,88.5,24.5,47.5,0.3,98.0,5662,Nehru Nagar
2026-02-17 13:30:00+00:00,112.0,167.0,22.8,55.3,0.3,98.0,5662,Nehru Nagar
2026-02-17 14:30:00+00:00,130.0,194.0,21.8,58.5,0.3,98.0,5662,Nehru Nagar
2026-02-17 15:30:00+00:00,133.0,198.0,21.0,60.0,0.3,98.0,5662,Nehru Nagar
2026-02-18 01:30:00+00:00,111.0,167.0,18.4,73.0,1.33,149.0,5662,Nehru Nagar
2026-02-18 02:30:00+00:00,99.7,149.0,21.1,60.3,1.87,198.0,5662,Nehru Nagar
2026-02-18 03:30:00+00:00,65.5,97.5,24.9,47.8,1.58,246.0,5662,Nehru Nagar
2026-02-18 04:30:00+00:00,58.5,87.5,26.9,42.8,1.85,252.0,5662,Nehru Nagar
2026-02-18 05:30:00+00:00,47.0,71.0,28.4,37.5,2.08,269.0,5662,Nehru Nagar
2026-02-18 06:30:00+00:00,37.5,56.0,28.9,34.8,2.43,263.0,5662,Nehru Nagar
2026-02-18 07:30:00+00:00,36.0,53.5,29.7,32.8,1.98,233.0,5662,Nehru Nagar
2026-02-18 08:30:00+00:00,30.7,45.7,30.3,30.0,1.57,258.0,5662,Nehru Nagar
2026-02-18 09:30:00+00:00,33.0,49.5,29.5,34.0,1.93,282.0,5662,Nehru Nagar
2026-02-18 10:30:00+00:00,36.0,54.0,28.1,34.5,1.5,313.0,5662,Nehru Nagar
2026-02-18 11:30:00+00:00,35.0,52.0,26.2,40.0,1.68,342.0,5662,Nehru Nagar
2026-02-18 12:30:00+00:00,36.0,53.5,24.6,49.0,1.98,330.0,5662,Nehru Nagar
2026-02-18 13:30:00+00:00,42.5,63.0,23.3,61.3,1.75,327.0,5662,Nehru Nagar
2026-02-18 14:30:00+00:00,47.5,70.5,22.3,66.3,1.93,344.0,5662,Nehru Nagar
2026-02-18 15:30:00+00:00,47.7,71.0,21.6,66.7,2.3,326.0,5662,Nehru Nagar
2026-02-19 07:30:00+00:00,18.0,26.5,29.0,40.0,2.4,269.0,5662,Nehru Nagar
2026-02-19 09:30:00+00:00,17.0,26.0,29.2,39.0,2.0,267.0,5662,Nehru Nagar
2026-02-19 10:30:00+00:00,19.0,28.0,27.4,43.0,1.65,271.0,5662,Nehru Nagar
2026-02-19 11:30:00+00:00,21.0,31.0,26.3,46.3,0.725,268.0,5662,Nehru Nagar
2026-02-19 12:30:00+00:00,31.0,46.0,24.7,54.0,0.35,107.0,5662,Nehru Nagar
2026-02-19 13:30:00+00:00,53.5,80.0,23.8,59.8,0.3,137.0,5662,Nehru Nagar
2026-02-19 14:30:00+00:00,71.0,106.0,23.3,62.3,0.3,96.8,5662,Nehru Nagar
2026-02-19 15:30:00+00:00,82.5,123.0,22.9,62.5,0.4,348.0,5662,Nehru Nagar
2026-02-19 16:30:00+00:00,91.0,136.0,22.5,62.8,0.5,348.0,5662,Nehru Nagar
2026-02-19 17:30:00+00:00,90.3,135.0,22.1,65.0,0.467,299.0,5662,Nehru Nagar
2026-02-19 18:30:00+00:00,80.0,120.0,21.1,68.5,0.5,168.0,5662,Nehru Nagar
2026-02-19 19:30:00+00:00,71.5,107.0,20.7,69.8,0.775,344.0,5662,Nehru Nagar
2026-02-19 20:30:00+00:00,50.0,75.0,20.4,69.0,0.375,219.0,5662,Nehru Nagar
2026-02-19 21:30:00+00:00,38.5,57.5,20.2,69.5,0.85,283.0,5662,Nehru Nagar
2026-02-19 22:30:00+00:00,37.5,55.5,19.6,70.3,1.3,341.0,5662,Nehru Nagar
2026-02-19 23:30:00+00:00,32.5,48.0,19.1,71.3,0.6,316.0,5662,Nehru Nagar
2026-02-20 00:30:00+00:00,32.7,48.0,19.0,71.7,0.467,331.0,5662,Nehru Nagar
2026-02-20 01:30:00+00:00,36.5,54.0,20.8,69.5,0.35,117.0,5662,Nehru Nagar
2026-02-20 02:30:00+00:00,37.7,56.7,23.3,56.3,1.67,235.0,5662,Nehru Nagar
2026-02-20 03:30:00+00:00,33.7,50.7,24.4,52.0,2.27,229.0,5662,Nehru Nagar
2026-02-20 04:30:00+00:00,29.0,43.3,27.3,44.0,2.17,277.0,5662,Nehru Nagar
2026-02-20 05:30:00+00:00,26.0,38.5,28.9,40.0,2.38,256.0,5662,Nehru Nagar
2026-02-20 06:30:00+00:00,22.5,33.0,29.7,37.5,2.68,282.0,5662,Nehru Nagar
2026-02-20 07:30:00+00:00,21.3,31.3,30.3,32.7,2.67,278.0,5662,Nehru Nagar
2026-02-20 09:30:00+00:00,19.7,28.7,29.9,36.3,2.93,313.0,5662,Nehru Nagar
2026-02-20 10:30:00+00:00,19.7,28.7,29.1,36.7,2.47,322.0,5662,Nehru Nagar
2026-02-20 11:30:00+00:00,20.5,30.5,27.4,42.8,1.53,326.0,5662,Nehru Nagar
2026-02-20 12:30:00+00:00,30.0,44.5,26.0,48.8,0.725,346.0,5662,Nehru Nagar
2026-02-20 13:30:00+00:00,37.0,55.0,24.8,54.3,0.775,340.0,5662,Nehru Nagar
2026-02-20 14:30:00+00:00,36.7,54.7,24.2,56.0,0.567,258.0,5662,Nehru Nagar
2026-02-20 15:30:00+00:00,35.0,52.0,23.9,57.0,1.0,339.0,5662,Nehru Nagar
2026-02-20 16:30:00+00:00,31.5,47.0,23.3,58.8,0.825,337.0,5662,Nehru Nagar
2026-02-20 17:30:00+00:00,34.7,51.7,22.8,60.7,0.967,343.0,5662,Nehru Nagar
2026-02-20 18:30:00+00:00,42.0,62.0,22.0,63.0,0.6,118.0,5662,Nehru Nagar
2026-02-20 19:30:00+00:00,48.5,72.0,21.4,64.8,0.575,164.0,5662,Nehru Nagar
2026-02-20 20:30:00+00:00,60.5,90.0,20.8,67.0,0.6,240.0,5662,Nehru Nagar
2026-02-20 21:30:00+00:00,55.5,83.0,20.2,66.5,0.4,283.0,5662,Nehru Nagar
2026-02-20 22:30:00+00:00,40.5,60.5,20.1,66.0,0.525,208.0,5662,Nehru Nagar
2026-02-20 23:30:00+00:00,37.0,55.0,19.7,66.8,0.575,135.0,5662,Nehru Nagar
2026-02-21 00:30:00+00:00,46.0,68.5,19.4,65.3,0.625,172.0,5662,Nehru Nagar
2026-02-21 01:30:00+00:00,73.0,109.0,20.4,63.3,0.775,241.0,5662,Nehru Nagar
2026-02-21 02:30:00+00:00,91.0,137.0,22.4,59.0,1.48,304.0,5662,Nehru Nagar
2026-02-21 03:30:00+00:00,82.5,124.0,25.2,53.3,1.6,305.0,5662,Nehru Nagar
2026-02-21 04:30:00+00:00,61.5,92.0,27.1,48.3,1.83,288.0,5662,Nehru Nagar
2026-02-21 05:30:00+00:00,46.5,70.0,28.1,43.0,2.63,293.0,5662,Nehru Nagar
2026-02-21 06:30:00+00:00,39.0,58.5,28.9,42.0,2.85,254.0,5662,Nehru Nagar
2026-02-21 07:30:00+00:00,33.7,49.7,28.9,40.0,4.07,283.0,5662,Nehru Nagar
2026-02-21 08:30:00+00:00,36.5,54.0,29.6,39.0,2.93,280.0,5662,Nehru Nagar
2026-02-21 09:30:00+00:00,34.3,51.3,29.0,39.0,3.57,275.0,5662,Nehru Nagar
2026-02-21 10:30:00+00:00,25.0,38.0,28.3,41.0,3.15,284.0,5662,Nehru Nagar
2026-02-21 11:30:00+00:00,30.0,44.5,26.3,47.3,2.23,332.0,5662,Nehru Nagar
2026-02-21 12:30:00+00:00,31.5,47.5,25.1,52.5,1.58,341.0,5662,Nehru Nagar
2026-02-21 13:30:00+00:00,37.0,55.5,24.2,53.8,1.23,337.0,5662,Nehru Nagar
2026-02-21 14:30:00+00:00,50.0,74.5,23.6,53.0,0.65,347.0,5662,Nehru Nagar
2026-02-21 15:30:00+00:00,60.5,90.0,23.0,54.5,0.425,291.0,5662,Nehru Nagar
2026-02-21 16:30:00+00:00,57.5,86.0,22.1,57.8,0.35,185.0,5662,Nehru Nagar
2026-02-21 17:30:00+00:00,87.7,132.0,21.3,62.0,0.4,45.0,5662,Nehru Nagar
2026-02-21 19:30:00+00:00,146.0,218.0,20.6,60.5,0.35,174.0,5662,Nehru Nagar
2026-02-21 20:30:00+00:00,135.0,202.0,20.5,60.3,0.45,191.0,5662,Nehru Nagar
2026-02-21 21:30:00+00:00,125.0,187.0,19.9,62.0,0.35,84.3,5662,Nehru Nagar
2026-02-21 22:30:00+00:00,125.0,187.0,19.6,64.8,0.425,173.0,5662,Nehru Nagar
2026-02-21 23:30:00+00:00,125.0,187.0,19.0,65.5,0.425,349.0,5662,Nehru Nagar
2026-02-22 00:30:00+00:00,104.0,156.0,18.6,69.0,0.3,348.0,5662,Nehru Nagar
2026-02-22 01:30:00+00:00,87.0,131.0,20.9,64.8,0.425,235.0,5662,Nehru Nagar
2026-02-22 02:30:00+00:00,84.0,126.0,23.9,53.3,1.0,138.0,5662,Nehru Nagar
2026-02-22 03:30:00+00:00,105.0,157.0,26.4,44.3,1.28,153.0,5662,Nehru Nagar
2026-02-22 04:30:00+00:00,86.0,129.0,28.3,39.3,1.65,228.0,5662,Nehru Nagar
2026-02-22 05:30:00+00:00,47.5,70.5,29.6,36.8,2.0,166.0,5662,Nehru Nagar
2026-02-22 06:30:00+00:00,42.0,62.0,30.2,33.3,2.43,240.0,5662,Nehru Nagar
2026-02-22 07:30:00+00:00,30.5,45.0,30.5,30.3,2.63,299.0,5662,Nehru Nagar
2026-02-22 08:30:00+00:00,21.0,31.3,30.3,31.3,2.87,284.0,5662,Nehru Nagar
2026-02-22 09:30:00+00:00,16.5,25.0,30.0,31.5,3.0,306.0,5662,Nehru Nagar
2026-02-22 10:30:00+00:00,15.7,23.7,29.1,32.0,2.6,329.0,5662,Nehru Nagar
2026-02-22 11:30:00+00:00,21.0,31.5,27.2,36.5,1.35,343.0,5662,Nehru Nagar
2026-02-22 12:30:00+00:00,26.5,40.0,25.6,40.0,0.625,345.0,5662,Nehru Nagar
2026-02-22 13:30:00+00:00,49.7,74.3,24.4,45.3,0.333,348.0,5662,Nehru Nagar
2026-02-22 14:30:00+00:00,102.0,152.0,23.2,54.5,0.35,104.0,5662,Nehru Nagar
2026-02-22 15:30:00+00:00,95.0,142.0,22.8,56.5,0.325,211.0,5662,Nehru Nagar
2026-02-22 16:30:00+00:00,87.0,130.0,22.1,58.8,0.3,125.0,5662,Nehru Nagar
2026-02-22 17:30:00+00:00,79.3,118.0,21.5,61.3,0.3,124.0,5662,Nehru Nagar
2026-02-22 18:30:00+00:00,64.0,96.0,21.3,64.0,0.65,203.0,5662,Nehru Nagar
2026-02-22 19:30:00+00:00,71.5,107.0,20.9,64.5,0.35,294.0,5662,Nehru Nagar
2026-02-22 20:30:00+00:00,80.0,120.0,20.8,64.5,0.575,109.0,5662,Nehru Nagar
2026-02-22 21:30:00+00:00,75.0,113.0,20.4,63.8,0.575,65.5,5662,Nehru Nagar
2026-02-22 22:30:00+00:00,60.0,90.0,20.1,63.5,0.45,59.0,5662,Nehru Nagar
2026-02-22 23:30:00+00:00,54.5,81.5,19.6,61.8,0.425,216.0,5662,Nehru Nagar
2026-02-23 00:30:00+00:00,64.5,96.5,19.3,64.8,0.475,167.0,5662,Nehru Nagar
2026-02-23 01:30:00+00:00,72.0,108.0,21.4,61.8,0.675,101.0,5662,Nehru Nagar
2026-02-23 02:30:00+00:00,71.0,107.0,24.7,51.3,1.0,103.0,5662,Nehru Nagar
2026-02-23 03:30:00+00:00,56.0,83.5,27.5,41.8,0.9,161.0,5662,Nehru Nagar
2026-02-23 04:30:00+00:00,45.0,68.0,29.6,36.0,1.4,209.0,5662,Nehru Nagar
2026-02-23 05:30:00+00:00,40.0,60.0,30.2,34.5,1.6,165.0,5662,Nehru Nagar
2026-02-23 06:30:00+00:00,35.0,52.0,30.5,35.0,2.18,235.0,5662,Nehru Nagar
2026-02-23 07:30:00+00:00,35.5,52.5,31.0,35.0,1.53,204.0,5662,Nehru Nagar
2026-02-23 08:30:00+00:00,34.5,51.5,31.0,33.5,1.9,262.0,5662,Nehru Nagar
2026-02-23 09:30:00+00:00,29.5,44.0,30.9,32.3,1.78,252.0,5662,Nehru Nagar
2026-02-23 10:30:00+00:00,31.0,45.5,29.7,34.8,1.43,304.0,5662,Nehru Nagar
2026-02-23 11:30:00+00:00,37.0,55.0,27.7,42.0,1.0,182.0,5662,Nehru Nagar
2026-02-23 12:30:00+00:00,65.5,98.5,25.9,48.3,0.325,287.0,5662,Nehru Nagar
2026-02-23 13:30:00+00:00,101.0,152.0,24.5,52.7,0.3,349.0,5662,Nehru Nagar
2026-02-23 14:30:00+00:00,133.0,200.0,23.7,59.0,0.3,349.0,5662,Nehru Nagar
2026-02-23 15:30:00+00:00,124.0,186.0,23.5,59.0,0.3,165.0,5662,Nehru Nagar
2026-02-23 16:30:00+00:00,120.0,180.0,22.8,60.3,0.3,50.5,5662,Nehru Nagar
2026-02-23 17:30:00+00:00,120.0,180.0,22.1,63.7,0.3,61.0,5662,Nehru Nagar
2026-02-23 18:30:00+00:00,108.0,162.0,21.3,67.5,0.35,349.0,5662,Nehru Nagar
2026-02-23 19:30:00+00:00,101.0,151.0,21.1,69.0,0.3,50.5,5662,Nehru Nagar
2026-02-23 20:30:00+00:00,84.0,126.0,20.6,69.0,0.3,38.0,5662,Nehru Nagar
2026-02-23 21:30:00+00:00,80.0,120.0,20.5,68.5,0.3,50.3,5662,Nehru Nagar
2026-02-23 22:30:00+00:00,85.0,127.0,20.0,70.3,0.3,49.0,5662,Nehru Nagar
2026-02-23 23:30:00+00:00,77.5,116.0,19.7,71.8,0.3,49.0,5662,Nehru Nagar
2026-02-24 00:30:00+00:00,91.5,138.0,19.6,73.3,0.3,49.0,5662,Nehru Nagar
2026-02-24 01:30:00+00:00,120.0,181.0,22.3,65.7,0.7,73.0,5662,Nehru Nagar
2026-02-24 02:30:00+00:00,102.0,153.0,25.7,51.5,0.35,149.0,5662,Nehru Nagar
2026-02-24 03:30:00+00:00,62.5,94.0,27.7,43.0,1.0,163.0,5662,Nehru Nagar
2026-02-24 04:30:00+00:00,40.5,60.5,29.0,41.3,1.28,144.0,5662,Nehru Nagar
2026-02-24 05:30:00+00:00,33.0,48.5,30.3,38.5,1.18,175.0,5662,Nehru Nagar
2026-02-24 06:30:00+00:00,29.5,44.0,30.8,35.5,1.55,223.0,5662,Nehru Nagar
2026-02-24 07:30:00+00:00,26.5,39.5,31.3,32.0,1.9,225.0,5662,Nehru Nagar
2026-02-24 08:30:00+00:00,21.7,32.0,31.2,25.7,3.1,302.0,5662,Nehru Nagar
2026-02-24 09:30:00+00:00,16.3,24.7,30.5,31.3,2.6,309.0,5662,Nehru Nagar
2026-02-24 12:30:00+00:00,93.0,139.0,25.9,45.0,0.3,349.0,5662,Nehru Nagar
2026-02-24 13:30:00+00:00,185.0,276.0,24.6,52.3,0.3,349.0,5662,Nehru Nagar
2026-02-24 14:30:00+00:00,284.0,426.0,23.9,57.0,0.325,307.0,5662,Nehru Nagar
2026-02-24 15:30:00+00:00,253.0,379.0,23.4,60.3,0.3,231.0,5662,Nehru Nagar
2026-02-24 16:30:00+00:00,158.0,236.0,22.9,61.8,0.6,272.0,5662,Nehru Nagar
2026-02-24 17:30:00+00:00,124.0,185.0,22.5,59.7,0.4,136.0,5662,Nehru Nagar
2026-02-24 18:30:00+00:00,78.0,116.0,22.3,59.5,0.35,87.0,5662,Nehru Nagar
2026-02-24 19:30:00+00:00,98.5,147.0,21.9,62.5,0.3,175.0,5662,Nehru Nagar
2026-02-24 20:30:00+00:00,119.0,178.0,21.5,64.0,0.575,280.0,5662,Nehru Nagar
2026-02-24 21:30:00+00:00,115.0,171.0,20.9,65.5,0.3,172.0,5662,Nehru Nagar
2026-02-24 22:30:00+00:00,94.5,141.0,20.4,67.0,0.3,255.0,5662,Nehru Nagar
2026-02-24 23:30:00+00:00,76.5,115.0,19.8,68.5,0.3,349.0,5662,Nehru Nagar
2026-02-25 00:30:00+00:00,103.0,155.0,19.5,71.8,0.3,349.0,5662,Nehru Nagar
2026-02-25 01:30:00+00:00,136.0,204.0,22.2,68.0,0.35,152.0,5662,Nehru Nagar
2026-02-25 02:30:00+00:00,140.0,209.0,25.0,53.0,1.28,294.0,5662,Nehru Nagar
2026-02-25 03:30:00+00:00,129.0,193.0,26.5,45.0,1.68,276.0,5662,Nehru Nagar
2026-02-25 04:30:00+00:00,86.5,130.0,28.9,42.3,1.65,248.0,5662,Nehru Nagar
2026-02-25 05:30:00+00:00,52.0,77.5,30.6,36.3,2.0,158.0,5662,Nehru Nagar
2026-02-25 06:30:00+00:00,48.5,72.5,31.1,33.0,2.03,229.0,5662,Nehru Nagar
2026-02-25 07:30:00+00:00,34.0,51.5,31.7,26.8,2.38,280.0,5662,Nehru Nagar
2026-02-25 08:30:00+00:00,17.5,27.0,32.0,24.3,2.48,284.0,5662,Nehru Nagar
2026-02-25 09:30:00+00:00,15.3,22.7,30.9,28.3,2.97,322.0,5662,Nehru Nagar
2026-02-25 10:30:00+00:00,16.5,24.0,29.7,33.5,2.6,332.0,5662,Nehru Nagar
2026-02-25 11:30:00+00:00,21.0,31.0,27.9,39.8,1.58,343.0,5662,Nehru Nagar
2026-02-25 12:30:00+00:00,27.0,39.7,26.0,44.0,1.27,346.0,5662,Nehru Nagar
2026-02-25 13:30:00+00:00,30.5,45.5,25.0,47.3,0.85,349.0,5662,Nehru Nagar
2026-02-25 14:30:00+00:00,34.5,52.5,24.4,49.0,1.05,349.0,5662,Nehru Nagar
2026-02-25 15:30:00+00:00,35.0,52.5,23.9,51.3,0.6,349.0,5662,Nehru Nagar
2026-02-25 16:30:00+00:00,37.5,56.0,23.3,52.0,0.6,349.0,5662,Nehru Nagar
2026-02-25 17:30:00+00:00,39.0,59.0,22.7,53.3,0.433,349.0,5662,Nehru Nagar
2026-02-25 18:30:00+00:00,37.0,56.0,21.8,56.5,0.3,349.0,5662,Nehru Nagar
2026-02-25 19:30:00+00:00,36.0,54.5,21.5,58.0,0.325,131.0,5662,Nehru Nagar
2026-02-25 20:30:00+00:00,47.0,71.0,20.9,61.5,0.425,253.0,5662,Nehru Nagar
2026-02-25 21:30:00+00:00,68.5,104.0,20.6,63.0,0.475,206.0,5662,Nehru Nagar
2026-02-25 22:30:00+00:00,65.0,98.5,20.4,61.0,0.925,222.0,5662,Nehru Nagar
2026-02-25 23:30:00+00:00,56.5,85.5,19.9,63.5,0.575,165.0,5662,Nehru Nagar
2026-02-26 00:30:00+00:00,53.5,80.5,19.8,64.3,0.925,268.0,5662,Nehru Nagar
2026-02-26 01:30:00+00:00,44.5,67.0,21.5,56.0,1.08,323.0,5662,Nehru Nagar
2026-02-26 02:30:00+00:00,41.0,62.0,24.6,44.3,1.4,299.0,5662,Nehru Nagar
2026-02-26 03:30:00+00:00,36.5,55.0,26.3,40.0,2.33,270.0,5662,Nehru Nagar
2026-02-26 04:30:00+00:00,32.0,47.5,28.4,34.5,2.05,245.0,5662,Nehru Nagar
2026-02-26 05:30:00+00:00,29.5,43.5,29.7,31.8,2.35,262.0,5662,Nehru Nagar
2026-02-26 06:30:00+00:00,26.5,40.0,29.9,33.0,3.53,301.0,5662,Nehru Nagar
2026-02-26 07:30:00+00:00,25.0,38.0,30.4,33.8,3.38,298.0,5662,Nehru Nagar
2026-02-26 08:30:00+00:00,22.5,33.5,30.8,29.0,3.63,303.0,5662,Nehru Nagar
2026-02-26 09:30:00+00:00,17.7,26.0,30.5,28.7,3.67,322.0,5662,Nehru Nagar
2026-02-26 10:30:00+00:00,14.5,21.0,29.6,31.8,2.63,328.0,5662,Nehru Nagar
2026-02-26 11:30:00+00:00,18.0,27.0,27.9,37.8,1.23,347.0,5662,Nehru Nagar
2026-02-26 12:30:00+00:00,24.5,37.0,26.5,43.5,0.4,272.0,5662,Nehru Nagar
2026-02-26 13:30:00+00:00,37.0,55.5,25.8,46.3,0.325,62.3,5662,Nehru Nagar
2026-02-26 14:30:00+00:00,55.5,83.5,24.0,54.3,0.3,317.0,5662,Nehru Nagar
2026-02-26 15:30:00+00:00,79.0,119.0,23.3,58.3,0.3,159.0,5662,Nehru Nagar
2026-02-26 16:30:00+00:00,120.0,180.0,22.4,59.3,0.3,349.0,5662,Nehru Nagar
2026-02-26 17:30:00+00:00,148.0,221.0,21.7,61.7,0.367,300.0,5662,Nehru Nagar
2026-02-26 18:30:00+00:00,118.0,178.0,21.5,63.5,0.3,96.0,5662,Nehru Nagar
2026-02-26 19:30:00+00:00,83.0,125.0,21.5,62.8,0.5,151.0,5662,Nehru Nagar
2026-02-26 20:30:00+00:00,46.0,69.0,21.4,61.5,0.575,122.0,5662,Nehru Nagar
2026-02-26 21:30:00+00:00,47.5,71.0,20.6,60.8,0.35,229.0,5662,Nehru Nagar
2026-02-26 22:30:00+00:00,64.0,95.5,19.8,61.5,0.325,53.8,5662,Nehru Nagar
2026-02-26 23:30:00+00:00,91.5,137.0,20.1,61.5,0.4,89.0,5662,Nehru Nagar
2026-02-27 00:30:00+00:00,125.0,187.0,20.0,62.3,0.375,111.0,5662,Nehru Nagar
2026-02-27 01:30:00+00:00,138.0,207.0,22.1,57.3,0.475,169.0,5662,Nehru Nagar
2026-02-27 02:30:00+00:00,103.0,155.0,25.5,44.5,0.975,156.0,5662,Nehru Nagar
2026-02-27 03:30:00+00:00,65.0,97.5,27.7,37.0,1.53,198.0,5662,Nehru Nagar
2026-02-27 04:30:00+00:00,47.5,71.5,30.2,32.0,1.78,123.0,5662,Nehru Nagar
2026-02-27 05:30:00+00:00,25.0,38.0,31.7,26.3,1.9,169.0,5662,Nehru Nagar
2026-02-27 06:30:00+00:00,17.5,26.5,32.5,23.8,1.98,145.0,5662,Nehru Nagar
2026-02-27 07:30:00+00:00,16.5,25.0,32.9,26.3,2.05,199.0,5662,Nehru Nagar
2026-02-27 08:30:00+00:00,15.3,23.3,32.5,24.7,3.0,268.0,5662,Nehru Nagar
2026-02-27 09:30:00+00:00,13.0,19.0,32.3,26.3,2.9,272.0,5662,Nehru Nagar
2026-02-27 10:30:00+00:00,10.0,15.0,31.3,27.3,2.28,315.0,5662,Nehru Nagar
2026-02-27 11:30:00+00:00,9.5,14.0,29.3,33.3,0.975,346.0,5662,Nehru Nagar
2026-02-27 12:30:00+00:00,30.0,44.5,26.8,40.5,0.3,349.0,5662,Nehru Nagar
2026-02-27 13:30:00+00:00,54.0,80.5,25.2,46.8,0.3,349.0,5662,Nehru Nagar
2026-02-27 14:30:00+00:00,62.5,94.0,24.2,50.8,0.3,349.0,5662,Nehru Nagar
2026-02-27 15:30:00+00:00,59.5,89.5,23.8,53.5,0.3,349.0,5662,Nehru Nagar
2026-02-27 16:30:00+00:00,57.5,86.5,23.8,54.0,0.3,76.5,5662,Nehru Nagar
2026-02-27 17:30:00+00:00,67.0,101.0,23.9,54.0,0.367,112.0,5662,Nehru Nagar
2026-02-27 18:30:00+00:00,67.0,100.0,22.8,58.5,0.3,54.0,5662,Nehru Nagar
2026-02-27 19:30:00+00:00,70.0,105.0,23.0,57.0,0.375,51.5,5662,Nehru Nagar
2026-02-27 20:30:00+00:00,76.0,115.0,22.0,60.0,0.367,80.3,5662,Nehru Nagar
2026-02-27 21:30:00+00:00,71.5,108.0,21.0,69.3,0.4,106.0,5662,Nehru Nagar
2026-02-27 22:30:00+00:00,71.5,108.0,20.8,71.5,0.35,166.0,5662,Nehru Nagar
2026-02-27 23:30:00+00:00,86.5,131.0,20.5,71.5,0.6,159.0,5662,Nehru Nagar
2026-02-28 00:30:00+00:00,84.5,127.0,20.1,73.5,0.3,278.0,5662,Nehru Nagar
2026-02-28 01:30:00+00:00,85.0,127.0,22.7,66.3,0.325,64.0,5662,Nehru Nagar
2026-02-28 02:30:00+00:00,85.0,127.0,26.3,44.5,0.625,172.0,5662,Nehru Nagar
2026-02-28 03:30:00+00:00,62.5,94.0,28.4,36.3,1.6,259.0,5662,Nehru Nagar
2026-02-28 04:30:00+00:00,51.0,77.0,29.2,36.0,2.8,295.0,5662,Nehru Nagar
2026-02-28 05:30:00+00:00,38.5,57.5,31.1,33.3,2.4,277.0,5662,Nehru Nagar
2026-02-28 06:30:00+00:00,20.5,30.5,32.1,31.0,2.73,299.0,5662,Nehru Nagar
2026-02-28 07:30:00+00:00,19.0,29.0,33.1,23.0,2.75,312.0,5662,Nehru Nagar
2026-02-28 08:30:00+00:00,13.0,19.5,33.6,20.3,2.63,293.0,5662,Nehru Nagar
2026-02-28 09:30:00+00:00,9.5,14.0,32.9,21.5,2.6,305.0,5662,Nehru Nagar
2026-02-28 10:30:00+00:00,11.0,16.5,32.1,20.3,1.78,292.0,5662,Nehru Nagar
2026-02-28 11:30:00+00:00,15.0,23.0,30.5,22.3,0.875,228.0,5662,Nehru Nagar
2026-02-28 12:30:00+00:00,47.0,70.5,28.6,31.8,0.3,210.0,5662,Nehru Nagar
2026-02-28 13:30:00+00:00,78.5,118.0,27.3,37.5,0.3,25.3,5662,Nehru Nagar
2026-02-28 14:30:00+00:00,121.0,182.0,26.1,42.8,0.325,56.3,5662,Nehru Nagar
2026-02-28 15:30:00+00:00,125.0,187.0,25.7,44.0,0.3,189.0,5662,Nehru Nagar
2026-02-28 16:30:00+00:00,92.5,140.0,24.6,51.0,0.45,177.0,5662,Nehru Nagar
2026-02-28 17:30:00+00:00,95.0,143.0,23.6,56.5,0.3,91.0,5662,Nehru Nagar
2026-02-28 19:30:00+00:00,54.0,82.0,23.3,49.5,0.45,319.0,5662,Nehru Nagar
2026-02-28 20:30:00+00:00,43.5,65.5,23.0,52.0,0.35,147.0,5662,Nehru Nagar
2026-02-28 21:30:00+00:00,34.5,51.5,22.8,53.0,0.375,156.0,5662,Nehru Nagar
2026-02-28 22:30:00+00:00,31.5,47.0,22.5,50.5,0.7,349.0,5662,Nehru Nagar
2026-02-28 23:30:00+00:00,27.5,40.5,21.9,52.8,0.375,110.0,5662,Nehru Nagar
2026-03-01 00:30:00+00:00,29.5,43.5,21.5,54.0,0.75,343.0,5662,Nehru Nagar
2026-03-01 01:30:00+00:00,39.0,58.5,23.2,51.5,1.08,326.0,5662,Nehru Nagar
2026-03-01 02:30:00+00:00,47.3,71.0,25.5,46.7,1.8,307.0,5662,Nehru Nagar
2026-03-01 03:30:00+00:00,39.0,57.5,27.7,39.5,2.0,306.0,5662,Nehru Nagar
2026-03-01 04:30:00+00:00,32.5,48.0,30.2,33.8,2.18,293.0,5662,Nehru Nagar
2026-03-01 05:30:00+00:00,30.0,44.5,31.5,28.8,2.85,288.0,5662,Nehru Nagar
2026-03-01 06:30:00+00:00,21.5,32.5,32.1,26.8,3.4,290.0,5662,Nehru Nagar
2026-03-01 07:30:00+00:00,17.0,26.5,32.9,22.3,3.6,295.0,5662,Nehru Nagar
2026-03-01 08:30:00+00:00,15.0,23.3,32.9,19.7,4.0,286.0,5662,Nehru Nagar
2026-03-01 09:30:00+00:00,12.5,18.5,32.5,18.3,4.1,310.0,5662,Nehru Nagar
2026-03-01 10:30:00+00:00,12.0,17.7,31.8,19.0,3.77,301.0,5662,Nehru Nagar
2026-03-01 11:30:00+00:00,12.0,19.0,29.9,24.5,2.1,304.0,5662,Nehru Nagar
2026-03-01 12:30:00+00:00,17.0,26.5,28.0,29.3,0.75,171.0,5662,Nehru Nagar
2026-03-01 13:30:00+00:00,31.0,47.5,26.8,32.5,0.375,156.0,5662,Nehru Nagar
2026-03-01 14:30:00+00:00,47.0,71.5,26.1,35.0,0.425,148.0,5662,Nehru Nagar
2026-03-01 15:30:00+00:00,71.5,108.0,25.2,38.0,0.4,209.0,5662,Nehru Nagar
2026-03-01 16:30:00+00:00,85.0,127.0,24.6,38.8,0.45,123.0,5662,Nehru Nagar
2026-03-01 17:30:00+00:00,78.7,118.0,23.9,40.3,0.367,199.0,5662,Nehru Nagar
2026-03-01 19:30:00+00:00,31.0,46.0,23.0,37.0,1.0,339.0,5662,Nehru Nagar
2026-03-01 20:30:00+00:00,26.5,39.5,22.7,41.3,0.625,224.0,5662,Nehru Nagar
2026-03-01 21:30:00+00:00,22.5,34.0,21.9,43.0,0.7,317.0,5662,Nehru Nagar
2026-03-01 22:30:00+00:00,25.0,37.5,21.5,45.8,0.575,227.0,5662,Nehru Nagar
2026-03-01 23:30:00+00:00,26.7,40.0,21.2,44.3,1.1,244.0,5662,Nehru Nagar
2026-03-02 00:30:00+00:00,27.0,41.5,21.1,44.0,1.45,263.0,5662,Nehru Nagar
2026-03-02 01:30:00+00:00,35.0,53.5,22.9,41.0,1.45,262.0,5662,Nehru Nagar
2026-03-02 02:30:00+00:00,40.0,60.5,25.8,37.0,2.4,275.0,5662,Nehru Nagar
2026-03-02 03:30:00+00:00,36.7,55.0,27.9,33.0,2.7,278.0,5662,Nehru Nagar
2026-03-02 04:30:00+00:00,31.5,47.5,29.2,33.3,3.38,285.0,5662,Nehru Nagar
2026-03-02 05:30:00+00:00,29.0,43.5,30.5,28.3,3.95,288.0,5662,Nehru Nagar
2026-03-02 06:30:00+00:00,23.5,35.0,31.5,23.0,4.7,290.0,5662,Nehru Nagar
2026-03-02 07:30:00+00:00,17.0,25.7,32.1,23.3,4.33,280.0,5662,Nehru Nagar
2026-03-02 08:30:00+00:00,18.0,27.5,32.4,26.5,3.9,273.0,5662,Nehru Nagar
2026-03-02 09:30:00+00:00,20.0,30.7,32.2,29.0,3.77,299.0,5662,Nehru Nagar
2026-03-02 11:30:00+00:00,21.0,31.5,29.2,37.5,1.95,344.0,5662,Nehru Nagar
2026-03-02 12:30:00+00:00,26.0,39.5,27.9,41.3,0.8,348.0,5662,Nehru Nagar
2026-03-02 13:30:00+00:00,30.0,46.0,27.3,43.5,0.7,286.0,5662,Nehru Nagar
2026-03-02 16:30:00+00:00,35.5,53.0,25.2,45.5,1.35,336.0,5662,Nehru Nagar
2026-03-02 17:30:00+00:00,37.5,56.0,24.5,46.5,0.975,260.0,5662,Nehru Nagar
2026-03-02 18:30:00+00:00,63.5,95.5,24.0,47.8,0.975,192.0,5662,Nehru Nagar
2026-03-02 19:30:00+00:00,105.0,158.0,23.5,47.0,1.25,254.0,5662,Nehru Nagar
2026-03-02 20:30:00+00:00,112.0,169.0,22.8,47.3,0.833,217.0,5662,Nehru Nagar
2026-03-02 21:30:00+00:00,95.0,143.0,22.5,46.5,1.1,276.0,5662,Nehru Nagar
2026-03-02 22:30:00+00:00,60.0,90.0,21.8,45.3,1.33,221.0,5662,Nehru Nagar
2026-03-02 23:30:00+00:00,50.3,75.0,21.2,47.0,1.37,252.0,5662,Nehru Nagar
2026-03-03 00:30:00+00:00,56.5,84.0,21.1,48.5,1.48,246.0,5662,Nehru Nagar
2026-03-03 01:30:00+00:00,72.0,108.0,22.7,45.3,1.7,255.0,5662,Nehru Nagar
2026-03-03 02:30:00+00:00,67.0,101.0,25.0,42.3,2.55,271.0,5662,Nehru Nagar
2026-03-03 03:30:00+00:00,46.0,69.3,26.7,39.3,4.23,287.0,5662,Nehru Nagar
2026-03-03 04:30:00+00:00,37.0,55.5,28.6,35.5,4.08,289.0,5662,Nehru Nagar
2026-03-03 05:30:00+00:00,34.7,51.7,30.6,30.0,3.63,313.0,5662,Nehru Nagar
2026-03-03 06:30:00+00:00,28.5,42.5,31.6,26.0,4.45,306.0,5662,Nehru Nagar
2026-03-03 07:30:00+00:00,20.3,30.7,31.9,24.7,5.0,301.0,5662,Nehru Nagar
2026-03-03 08:30:00+00:00,15.5,23.5,32.2,23.0,4.93,308.0,5662,Nehru Nagar
2026-03-03 09:30:00+00:00,14.0,21.0,32.0,24.8,4.5,307.0,5662,Nehru Nagar
2026-03-03 10:30:00+00:00,18.0,26.3,31.4,26.0,3.77,293.0,5662,Nehru Nagar
2026-03-03 11:30:00+00:00,17.0,25.5,29.9,28.3,2.58,311.0,5662,Nehru Nagar
2026-03-03 12:30:00+00:00,17.0,25.0,28.2,33.0,0.775,311.0,5662,Nehru Nagar
2026-03-03 14:30:00+00:00,53.3,80.7,26.2,39.3,0.433,133.0,5662,Nehru Nagar
2026-03-03 15:30:00+00:00,59.5,89.5,25.4,42.0,0.4,85.5,5662,Nehru Nagar
2026-03-03 16:30:00+00:00,61.0,91.5,24.9,42.0,0.35,121.0,5662,Nehru Nagar
2026-03-03 17:30:00+00:00,49.5,74.0,24.5,42.0,0.5,121.0,5662,Nehru Nagar
2026-03-03 18:30:00+00:00,40.0,60.0,24.1,41.5,0.7,192.0,5662,Nehru Nagar
2026-03-03 19:30:00+00:00,43.0,65.3,23.7,41.7,0.6,260.0,5662,Nehru Nagar
2026-03-03 20:30:00+00:00,41.5,62.0,23.2,41.5,0.7,318.0,5662,Nehru Nagar
2026-03-03 21:30:00+00:00,26.7,40.0,22.4,43.0,0.867,314.0,5662,Nehru Nagar
2026-03-03 22:30:00+00:00,25.5,39.0,21.8,44.5,1.4,330.0,5662,Nehru Nagar
2026-03-03 23:30:00+00:00,27.5,41.5,21.4,46.0,0.95,267.0,5662,Nehru Nagar
2026-03-04 00:30:00+00:00,31.0,46.5,21.0,48.0,0.9,257.0,5662,Nehru Nagar
2026-03-04 01:30:00+00:00,36.0,54.0,22.0,48.5,1.5,278.0,5662,Nehru Nagar
2026-03-04 02:30:00+00:00,41.0,61.5,24.6,45.0,2.2,324.0,5662,Nehru Nagar
2026-03-04 03:30:00+00:00,37.0,56.0,27.1,42.0,2.55,308.0,5662,Nehru Nagar
2026-03-04 04:30:00+00:00,30.0,45.0,29.0,40.8,2.58,281.0,5662,Nehru Nagar
2026-03-04 05:30:00+00:00,30.0,45.0,30.4,40.5,2.93,292.0,5662,Nehru Nagar
2026-03-04 06:30:00+00:00,30.0,45.7,31.2,36.7,3.97,291.0,5662,Nehru Nagar
2026-03-04 07:30:00+00:00,29.5,45.0,32.2,32.0,4.25,278.0,5662,Nehru Nagar
2026-03-04 08:30:00+00:00,25.0,37.5,32.4,30.5,4.5,312.0,5662,Nehru Nagar
2026-03-04 09:30:00+00:00,20.0,29.5,32.0,31.5,4.4,305.0,5662,Nehru Nagar
2026-03-04 10:30:00+00:00,24.5,36.0,31.0,34.5,3.8,275.0,5662,Nehru Nagar
2026-03-04 11:30:00+00:00,27.0,39.7,29.9,37.7,2.83,286.0,5662,Nehru Nagar
2026-03-04 12:30:00+00:00,26.5,39.5,28.5,42.0,2.25,293.0,5662,Nehru Nagar
2026-03-04 13:30:00+00:00,29.0,44.0,27.8,43.5,1.6,339.0,5662,Nehru Nagar
2026-03-04 14:30:00+00:00,31.5,47.5,26.8,47.0,0.75,340.0,5662,Nehru Nagar
2026-03-04 15:30:00+00:00,39.7,59.7,26.2,50.0,0.567,346.0,5662,Nehru Nagar
2026-03-04 16:30:00+00:00,42.7,64.3,25.3,53.3,0.667,216.0,5662,Nehru Nagar
2026-03-04 17:30:00+00:00,41.0,62.0,23.8,60.0,0.3,110.0,5662,Nehru Nagar
2026-03-04 18:30:00+00:00,43.0,65.0,23.3,63.0,0.3,221.0,5662,Nehru Nagar
2026-03-04 19:30:00+00:00,36.7,55.7,22.7,64.0,0.3,349.0,5662,Nehru Nagar
2026-03-04 20:30:00+00:00,36.0,54.5,23.2,63.5,0.35,131.0,5662,Nehru Nagar
2026-03-04 21:30:00+00:00,40.0,60.0,22.6,63.5,0.3,260.0,5662,Nehru Nagar
2026-03-04 22:30:00+00:00,46.7,69.3,22.1,64.3,0.667,190.0,5662,Nehru Nagar
2026-03-04 23:30:00+00:00,47.0,69.5,21.6,63.0,1.05,239.0,5662,Nehru Nagar
2026-03-05 00:30:00+00:00,43.5,65.0,21.3,63.5,0.85,204.0,5662,Nehru Nagar
2026-03-05 01:30:00+00:00,44.5,66.5,22.7,62.5,1.05,239.0,5662,Nehru Nagar
2026-03-05 02:30:00+00:00,45.3,67.3,25.4,54.3,1.83,314.0,5662,Nehru Nagar
2026-03-05 03:30:00+00:00,40.0,60.5,28.4,47.0,1.8,304.0,5662,Nehru Nagar
2026-03-05 04:30:00+00:00,34.3,52.3,29.8,46.0,2.2,286.0,5662,Nehru Nagar
2026-03-05 06:30:00+00:00,29.0,43.5,32.6,41.5,2.65,300.0,5662,Nehru Nagar
2026-03-05 07:30:00+00:00,26.0,38.3,33.0,39.0,3.5,284.0,5662,Nehru Nagar
2026-03-05 08:30:00+00:00,23.5,35.5,33.5,35.5,3.65,295.0,5662,Nehru Nagar
2026-03-05 09:30:00+00:00,20.3,31.3,33.2,34.7,4.0,298.0,5662,Nehru Nagar
2026-03-05 10:30:00+00:00,18.5,28.0,32.3,36.0,3.35,307.0,5662,Nehru Nagar
2026-03-05 11:30:00+00:00,23.0,34.7,31.0,37.7,3.07,318.0,5662,Nehru Nagar
2026-03-05 12:30:00+00:00,32.3,48.0,29.3,42.0,2.8,327.0,5662,Nehru Nagar
2026-03-05 13:30:00+00:00,38.0,56.7,27.9,50.0,1.43,337.0,5662,Nehru Nagar
2026-03-05 14:30:00+00:00,52.0,77.5,27.3,54.5,0.9,344.0,5662,Nehru Nagar
2026-03-05 15:30:00+00:00,64.0,95.0,26.6,59.0,0.4,311.0,5662,Nehru Nagar
2026-03-05 16:30:00+00:00,79.5,120.0,26.2,64.0,0.65,187.0,5662,Nehru Nagar
2026-03-05 17:30:00+00:00,76.5,115.0,25.6,66.5,0.45,151.0,5662,Nehru Nagar
2026-03-05 18:30:00+00:00,64.0,96.0,25.1,68.0,0.4,108.0,5662,Nehru Nagar
2026-03-05 19:30:00+00:00,56.3,85.0,24.3,69.7,0.667,146.0,5662,Nehru Nagar
2026-03-05 20:30:00+00:00,54.0,81.0,23.8,71.3,0.35,132.0,5662,Nehru Nagar
2026-03-05 21:30:00+00:00,54.0,80.7,23.4,73.7,0.3,349.0,5662,Nehru Nagar
2026-03-05 22:30:00+00:00,58.0,87.0,23.2,74.0,0.4,319.0,5662,Nehru Nagar
2026-03-05 23:30:00+00:00,55.3,82.7,22.7,75.7,0.667,237.0,5662,Nehru Nagar
2026-03-06 00:30:00+00:00,61.3,91.3,22.6,77.0,0.4,349.0,5662,Nehru Nagar
2026-03-06 01:30:00+00:00,102.0,153.0,24.1,73.5,1.2,324.0,5662,Nehru Nagar
2026-03-06 02:30:00+00:00,117.0,176.0,26.1,66.3,1.33,307.0,5662,Nehru Nagar
2026-03-06 03:30:00+00:00,81.5,123.0,29.8,54.0,1.1,254.0,5662,Nehru Nagar
2026-03-06 04:30:00+00:00,82.0,124.0,31.4,50.0,1.35,268.0,5662,Nehru Nagar
2026-03-06 05:30:00+00:00,92.5,139.0,32.2,48.0,1.95,197.0,5662,Nehru Nagar
2026-03-06 06:30:00+00:00,93.5,141.0,32.9,43.5,2.0,209.0,5662,Nehru Nagar
2026-03-06 07:30:00+00:00,71.0,107.0,33.2,43.0,2.45,214.0,5662,Nehru Nagar
2026-03-06 08:30:00+00:00,56.3,84.7,33.5,43.0,2.03,193.0,5662,Nehru Nagar
2026-03-06 09:30:00+00:00,56.0,84.5,33.2,43.0,2.4,213.0,5662,Nehru Nagar
2026-03-06 10:30:00+00:00,61.0,91.5,32.4,46.8,1.95,216.0,5662,Nehru Nagar
2026-03-06 11:30:00+00:00,65.0,97.5,30.8,51.5,2.05,215.0,5662,Nehru Nagar
2026-03-06 12:30:00+00:00,75.0,112.0,29.2,55.0,1.8,194.0,5662,Nehru Nagar
2026-03-06 13:30:00+00:00,73.0,110.0,29.0,53.0,1.4,176.0,5662,Nehru Nagar
2026-03-06 14:30:00+00:00,72.0,108.0,28.4,53.5,1.6,173.0,5662,Nehru Nagar
2026-03-06 15:30:00+00:00,74.5,112.0,27.9,55.0,1.35,193.0,5662,Nehru Nagar
2026-03-06 16:30:00+00:00,70.5,106.0,27.8,53.0,1.05,199.0,5662,Nehru Nagar
2026-03-06 17:30:00+00:00,63.0,95.0,27.2,55.3,1.0,215.0,5662,Nehru Nagar
2026-03-06 18:30:00+00:00,60.5,91.0,26.8,56.5,1.85,246.0,5662,Nehru Nagar
2026-03-06 19:30:00+00:00,59.0,88.0,26.4,58.5,1.2,208.0,5662,Nehru Nagar
2026-03-06 20:30:00+00:00,57.0,85.5,25.8,60.0,1.1,199.0,5662,Nehru Nagar
2026-03-06 21:30:00+00:00,57.5,87.0,25.3,61.5,1.05,187.0,5662,Nehru Nagar
2026-03-06 22:30:00+00:00,60.0,90.0,24.9,63.5,0.75,151.0,5662,Nehru Nagar
2026-03-06 23:30:00+00:00,61.0,91.0,24.4,65.3,0.367,110.0,5662,Nehru Nagar
2026-03-07 00:30:00+00:00,91.5,137.0,24.4,66.5,0.8,230.0,5662,Nehru Nagar
2026-03-07 01:30:00+00:00,106.0,159.0,25.3,65.0,0.55,167.0,5662,Nehru Nagar
2026-03-07 02:30:00+00:00,85.5,129.0,27.8,56.0,1.05,112.0,5662,Nehru Nagar
2026-03-07 03:30:00+00:00,81.5,123.0,30.4,48.5,1.1,153.0,5662,Nehru Nagar
2026-03-07 04:30:00+00:00,81.0,122.0,32.2,43.5,1.1,179.0,5662,Nehru Nagar
2026-03-07 05:30:00+00:00,314.0,471.0,32.9,42.0,1.5,251.0,5662,Nehru Nagar
2026-03-07 06:30:00+00:00,197.0,295.0,33.8,40.3,1.53,180.0,5662,Nehru Nagar
2026-03-07 07:30:00+00:00,75.0,112.0,33.8,40.0,2.0,245.0,5662,Nehru Nagar
2026-03-07 12:30:00+00:00,92.0,138.0,29.5,53.0,1.1,151.0,5662,Nehru Nagar
2026-03-07 13:30:00+00:00,89.0,134.0,29.1,54.0,1.0,189.0,5662,Nehru Nagar
2026-03-07 14:30:00+00:00,96.5,145.0,28.4,55.5,0.6,135.0,5662,Nehru Nagar
2026-03-07 15:30:00+00:00,125.0,187.0,27.3,61.0,0.3,95.0,5662,Nehru Nagar
2026-03-07 16:30:00+00:00,136.0,204.0,26.7,64.3,0.3,95.0,5662,Nehru Nagar
2026-03-07 17:30:00+00:00,144.0,216.0,26.4,65.8,0.3,83.0,5662,Nehru Nagar
2026-03-07 18:30:00+00:00,142.0,213.0,25.9,65.0,0.3,329.0,5662,Nehru Nagar
2026-03-07 19:30:00+00:00,122.0,183.0,25.2,68.0,0.3,349.0,5662,Nehru Nagar
2026-03-07 20:30:00+00:00,105.0,158.0,25.3,67.5,0.35,91.0,5662,Nehru Nagar
2026-03-07 21:30:00+00:00,91.5,138.0,24.8,68.0,0.3,41.0,5662,Nehru Nagar
2026-03-07 22:30:00+00:00,96.5,145.0,24.3,71.0,0.3,40.0,5662,Nehru Nagar
2026-03-07 23:30:00+00:00,120.0,180.0,23.9,73.3,0.333,123.0,5662,Nehru Nagar
2026-03-08 00:30:00+00:00,132.0,197.0,24.0,75.0,0.4,349.0,5662,Nehru Nagar
2026-03-08 01:30:00+00:00,122.0,182.0,25.8,69.5,0.55,302.0,5662,Nehru Nagar
2026-03-08 02:30:00+00:00,119.0,178.0,28.3,58.0,1.25,247.0,5662,Nehru Nagar
2026-03-08 03:30:00+00:00,104.0,156.0,30.6,52.0,1.35,135.0,5662,Nehru Nagar
2026-03-08 04:30:00+00:00,87.7,132.0,31.8,47.7,1.77,195.0,5662,Nehru Nagar
2026-03-08 05:30:00+00:00,73.0,110.0,32.9,44.7,1.87,230.0,5662,Nehru Nagar
2026-03-08 06:30:00+00:00,65.5,97.5,33.9,42.0,1.8,247.0,5662,Nehru Nagar
2026-03-08 07:30:00+00:00,57.0,85.0,34.3,41.5,2.35,272.0,5662,Nehru Nagar
2026-03-08 08:30:00+00:00,57.0,85.0,34.7,40.0,2.5,270.0,5662,Nehru Nagar
2026-03-08 09:30:00+00:00,53.5,79.5,34.3,40.0,2.25,295.0,5662,Nehru Nagar
2026-03-08 10:30:00+00:00,49.0,73.5,33.7,40.5,2.15,334.0,5662,Nehru Nagar
2026-03-08 11:30:00+00:00,50.5,76.0,32.3,42.0,1.6,332.0,5662,Nehru Nagar
2026-03-08 12:30:00+00:00,62.0,93.0,30.9,46.5,0.5,347.0,5662,Nehru Nagar
2026-03-08 13:30:00+00:00,104.0,156.0,29.3,54.0,0.3,349.0,5662,Nehru Nagar
2026-03-08 14:30:00+00:00,134.0,201.0,28.5,58.0,0.7,265.0,5662,Nehru Nagar
2026-03-08 15:30:00+00:00,126.0,190.0,27.6,61.5,0.525,332.0,5662,Nehru Nagar
2026-03-08 16:30:00+00:00,118.0,177.0,27.4,62.5,0.3,349.0,5662,Nehru Nagar
2026-03-08 17:30:00+00:00,144.0,215.0,27.0,64.5,0.35,73.0,5662,Nehru Nagar
2026-03-08 18:30:00+00:00,161.0,241.0,26.5,67.0,0.35,78.5,5662,Nehru Nagar
2026-03-08 19:30:00+00:00,137.0,206.0,26.2,66.0,0.5,62.0,5662,Nehru Nagar
2026-03-08 20:30:00+00:00,115.0,172.0,25.8,67.5,0.45,73.5,5662,Nehru Nagar
2026-03-08 21:30:00+00:00,104.0,156.0,25.5,68.0,0.4,38.5,5662,Nehru Nagar
2026-03-08 22:30:00+00:00,93.5,140.0,25.0,66.0,0.6,187.0,5662,Nehru Nagar
2026-03-08 23:30:00+00:00,78.0,117.0,24.7,64.3,0.4,71.5,5662,Nehru Nagar
2026-03-09 00:30:00+00:00,77.5,117.0,24.7,62.8,0.5,118.0,5662,Nehru Nagar
2026-03-09 01:30:00+00:00,79.3,119.0,27.0,56.3,0.567,108.0,5662,Nehru Nagar
2026-03-09 02:30:00+00:00,71.0,106.0,29.4,48.5,1.15,87.8,5662,Nehru Nagar
2026-03-09 03:30:00+00:00,61.3,91.3,31.5,42.3,1.33,116.0,5662,Nehru Nagar
2026-03-09 04:30:00+00:00,47.0,70.5,33.6,36.5,1.75,141.0,5662,Nehru Nagar
2026-03-09 05:30:00+00:00,33.5,50.0,34.7,35.0,2.0,156.0,5662,Nehru Nagar
2026-03-09 06:30:00+00:00,32.0,48.0,35.7,32.0,1.85,128.0,5662,Nehru Nagar
2026-03-09 07:30:00+00:00,33.0,49.5,36.3,30.0,2.25,169.0,5662,Nehru Nagar
2026-03-09 08:30:00+00:00,29.5,43.5,36.6,30.5,1.75,123.0,5662,Nehru Nagar
2026-03-09 09:30:00+00:00,27.7,40.7,36.0,28.7,1.63,242.0,5662,Nehru Nagar
2026-03-09 10:30:00+00:00,24.7,37.0,35.6,28.0,2.17,330.0,5662,Nehru Nagar
2026-03-09 11:30:00+00:00,26.0,39.5,33.4,33.8,1.15,347.0,5662,Nehru Nagar
2026-03-09 12:30:00+00:00,47.0,71.0,31.4,39.0,0.4,348.0,5662,Nehru Nagar
2026-03-09 13:30:00+00:00,71.0,107.0,30.7,42.3,0.567,348.0,5662,Nehru Nagar
2026-03-09 14:30:00+00:00,107.0,161.0,29.5,48.5,0.325,348.0,5662,Nehru Nagar
2026-03-09 15:30:00+00:00,118.0,177.0,28.3,55.0,0.3,348.0,5662,Nehru Nagar
2026-03-09 16:30:00+00:00,113.0,170.0,27.8,56.5,1.35,258.0,5662,Nehru Nagar
2026-03-09 17:30:00+00:00,116.0,174.0,27.2,67.0,2.4,199.0,5662,Nehru Nagar
2026-03-10 07:30:00+00:00,58.5,88.0,36.2,36.5,1.85,252.0,5662,Nehru Nagar
2026-03-10 08:30:00+00:00,46.5,69.5,35.8,32.3,2.78,298.0,5662,Nehru Nagar
2026-03-10 09:30:00+00:00,39.7,59.7,35.4,35.7,2.7,320.0,5662,Nehru Nagar
2026-03-10 10:30:00+00:00,42.0,63.5,34.5,36.3,2.55,324.0,5662,Nehru Nagar
2026-03-10 11:30:00+00:00,42.5,64.0,32.8,41.3,1.88,338.0,5662,Nehru Nagar
2026-03-10 12:30:00+00:00,50.0,75.5,31.5,46.5,0.7,346.0,5662,Nehru Nagar
2026-03-10 13:30:00+00:00,83.5,126.0,30.4,50.5,0.5,346.0,5662,Nehru Nagar
2026-03-10 14:30:00+00:00,103.0,154.0,29.5,54.5,0.35,348.0,5662,Nehru Nagar
2026-03-10 15:30:00+00:00,101.0,152.0,28.7,58.8,0.5,331.0,5662,Nehru Nagar
2026-03-10 16:30:00+00:00,92.0,138.0,28.4,59.0,0.9,240.0,5662,Nehru Nagar
2026-03-10 17:30:00+00:00,82.3,124.0,27.5,63.7,0.9,194.0,5662,Nehru Nagar
2026-03-10 18:30:00+00:00,103.0,154.0,27.5,74.5,1.0,208.0,5662,Nehru Nagar
2026-03-10 19:30:00+00:00,108.0,162.0,26.9,76.3,0.725,252.0,5662,Nehru Nagar
2026-03-10 20:30:00+00:00,114.0,171.0,26.4,78.5,0.75,99.8,5662,Nehru Nagar
2026-03-10 21:30:00+00:00,112.0,168.0,24.9,80.0,0.925,233.0,5662,Nehru Nagar
2026-03-10 22:30:00+00:00,111.0,167.0,25.0,82.5,0.675,142.0,5662,Nehru Nagar
2026-03-10 23:30:00+00:00,115.0,173.0,24.9,83.0,0.575,101.0,5662,Nehru Nagar
2026-03-11 00:30:00+00:00,112.0,169.0,24.7,82.0,0.6,186.0,5662,Nehru Nagar
2026-03-11 01:30:00+00:00,128.0,193.0,26.0,77.3,0.8,203.0,5662,Nehru Nagar
2026-03-11 02:30:00+00:00,154.0,231.0,28.0,67.8,1.6,248.0,5662,Nehru Nagar
2026-03-11 03:30:00+00:00,122.0,183.0,30.8,54.8,2.05,278.0,5662,Nehru Nagar
2026-03-11 04:30:00+00:00,85.0,127.0,32.5,52.0,2.23,269.0,5662,Nehru Nagar
2026-03-11 05:30:00+00:00,79.7,119.0,33.8,43.0,3.47,294.0,5662,Nehru Nagar
2026-03-11 06:30:00+00:00,67.5,101.0,35.4,35.5,2.5,240.0,5662,Nehru Nagar
2026-03-11 07:30:00+00:00,52.0,77.7,35.6,30.0,3.4,260.0,5662,Nehru Nagar
2026-03-11 08:30:00+00:00,42.0,62.5,36.1,28.3,3.18,297.0,5662,Nehru Nagar
2026-03-11 09:30:00+00:00,41.5,62.0,35.9,30.5,3.23,297.0,5662,Nehru Nagar
2026-03-11 10:30:00+00:00,37.0,55.0,35.2,30.8,2.68,310.0,5662,Nehru Nagar
2026-03-11 11:30:00+00:00,34.0,51.0,33.5,33.5,1.43,339.0,5662,Nehru Nagar
2026-03-11 12:30:00+00:00,69.5,104.0,31.7,40.8,0.325,256.0,5662,Nehru Nagar
2026-03-11 13:30:00+00:00,120.0,179.0,30.5,45.8,0.375,319.0,5662,Nehru Nagar
2026-03-11 14:30:00+00:00,110.0,165.0,30.1,45.5,0.725,211.0,5662,Nehru Nagar
2026-03-11 15:30:00+00:00,80.5,121.0,29.1,44.0,0.35,113.0,5662,Nehru Nagar
2026-03-11 16:30:00+00:00,70.5,106.0,28.3,45.8,0.35,119.0,5662,Nehru Nagar
2026-03-11 17:30:00+00:00,75.7,114.0,27.7,44.7,0.567,167.0,5662,Nehru Nagar
2026-03-11 19:30:00+00:00,101.0,151.0,27.0,42.0,1.0,183.0,5662,Nehru Nagar
2026-03-11 20:30:00+00:00,93.0,140.0,26.7,42.3,0.9,154.0,5662,Nehru Nagar
2026-03-11 21:30:00+00:00,85.0,128.0,26.1,43.5,1.0,218.0,5662,Nehru Nagar
2026-03-11 22:30:00+00:00,66.5,99.0,25.3,44.8,1.0,190.0,5662,Nehru Nagar
2026-03-11 23:30:00+00:00,45.5,67.5,25.1,45.0,0.75,159.0,5662,Nehru Nagar
2026-03-12 00:30:00+00:00,41.0,61.0,25.2,44.5,0.75,172.0,5662,Nehru Nagar
2026-03-12 01:30:00+00:00,86.0,129.0,27.3,41.0,0.925,178.0,5662,Nehru Nagar
2026-03-12 02:30:00+00:00,123.0,185.0,29.5,37.5,1.23,232.0,5662,Nehru Nagar
2026-03-12 03:30:00+00:00,102.0,154.0,32.0,31.5,1.53,266.0,5662,Nehru Nagar
2026-03-12 04:30:00+00:00,67.0,100.0,34.4,26.3,2.05,292.0,5662,Nehru Nagar
2026-03-12 05:30:00+00:00,36.0,54.0,35.3,24.0,2.73,285.0,5662,Nehru Nagar
2026-03-12 06:30:00+00:00,28.5,43.0,36.1,24.3,3.13,274.0,5662,Nehru Nagar
2026-03-12 07:30:00+00:00,27.0,40.5,36.6,23.5,3.7,280.0,5662,Nehru Nagar
2026-03-12 08:30:00+00:00,22.5,34.0,36.4,23.3,4.33,304.0,5662,Nehru Nagar
2026-03-12 09:30:00+00:00,18.5,27.5,35.6,24.0,3.65,309.0,5662,Nehru Nagar
2026-03-12 10:30:00+00:00,15.0,22.0,34.9,27.0,3.05,321.0,5662,Nehru Nagar
2026-03-12 11:30:00+00:00,23.0,34.5,33.3,31.0,1.8,345.0,5662,Nehru Nagar
2026-03-12 12:30:00+00:00,31.0,46.0,31.5,35.5,0.525,348.0,5662,Nehru Nagar
2026-03-12 13:30:00+00:00,65.5,98.0,30.4,40.3,0.3,348.0,5662,Nehru Nagar
2026-03-12 14:30:00+00:00,96.0,145.0,29.9,44.0,0.3,122.0,5662,Nehru Nagar
2026-03-12 15:30:00+00:00,124.0,186.0,29.0,49.3,0.375,75.0,5662,Nehru Nagar
2026-03-12 16:30:00+00:00,109.0,163.0,28.5,47.5,0.4,35.0,5662,Nehru Nagar
2026-03-12 17:30:00+00:00,71.3,107.0,27.6,48.7,0.333,106.0,5662,Nehru Nagar
2026-03-12 18:30:00+00:00,50.0,76.0,27.4,41.5,0.4,58.5,5662,Nehru Nagar
2026-03-12 19:30:00+00:00,49.5,75.0,26.8,41.5,0.425,115.0,5662,Nehru Nagar
2026-03-12 20:30:00+00:00,61.7,92.7,26.4,41.3,0.4,211.0,5662,Nehru Nagar
2026-03-12 21:30:00+00:00,81.5,122.0,26.0,40.8,1.1,231.0,5662,Nehru Nagar
2026-03-12 22:30:00+00:00,61.5,92.0,24.8,45.5,1.3,324.0,5662,Nehru Nagar
2026-03-12 23:30:00+00:00,47.0,70.0,24.0,49.0,0.825,322.0,5662,Nehru Nagar
2026-03-13 00:30:00+00:00,52.0,78.0,24.5,48.5,0.75,330.0,5662,Nehru Nagar
2026-03-13 01:30:00+00:00,73.0,110.0,26.4,44.8,1.35,338.0,5662,Nehru Nagar
2026-03-13 02:30:00+00:00,75.0,112.0,28.9,44.3,1.98,313.0,5662,Nehru Nagar
2026-03-13 03:30:00+00:00,59.0,88.5,31.2,43.3,2.2,292.0,5662,Nehru Nagar
2026-03-13 04:30:00+00:00,57.0,86.0,32.8,41.0,1.7,280.0,5662,Nehru Nagar
2026-03-13 07:30:00+00:00,32.0,48.7,35.9,29.7,3.03,253.0,5662,Nehru Nagar
2026-03-13 08:30:00+00:00,32.5,49.5,36.2,27.0,2.9,306.0,5662,Nehru Nagar
2026-03-13 09:30:00+00:00,27.5,41.5,35.9,27.0,3.28,305.0,5662,Nehru Nagar
2026-03-13 10:30:00+00:00,20.0,30.0,34.9,29.8,2.33,307.0,5662,Nehru Nagar
2026-03-13 11:30:00+00:00,27.0,40.5,33.1,37.3,1.88,307.0,5662,Nehru Nagar
2026-03-13 12:30:00+00:00,65.5,98.0,31.5,41.8,0.85,348.0,5662,Nehru Nagar
2026-03-13 13:30:00+00:00,78.5,118.0,30.8,42.0,1.03,339.0,5662,Nehru Nagar
2026-03-13 14:30:00+00:00,55.5,84.0,30.1,43.5,2.0,336.0,5662,Nehru Nagar
2026-03-13 15:30:00+00:00,45.0,67.5,29.0,46.8,1.98,340.0,5662,Nehru Nagar
2026-03-13 16:30:00+00:00,38.0,57.0,28.2,47.3,1.88,346.0,5662,Nehru Nagar
2026-03-13 17:30:00+00:00,35.0,53.0,27.5,49.5,1.7,338.0,5662,Nehru Nagar
2026-03-13 18:30:00+00:00,46.0,68.0,26.4,50.0,1.95,344.0,5662,Nehru Nagar
2026-03-13 19:30:00+00:00,41.5,61.5,26.2,47.8,1.88,343.0,5662,Nehru Nagar
2026-03-13 20:30:00+00:00,35.5,52.5,25.4,50.5,2.08,337.0,5662,Nehru Nagar
2026-03-13 21:30:00+00:00,36.7,55.3,24.7,54.7,2.0,335.0,5662,Nehru Nagar
2026-03-13 22:30:00+00:00,33.5,50.5,24.1,57.3,1.85,338.0,5662,Nehru Nagar
2026-03-13 23:30:00+00:00,28.5,42.5,23.5,59.0,1.65,340.0,5662,Nehru Nagar
2026-03-14 00:30:00+00:00,30.0,45.5,23.9,59.3,0.825,299.0,5662,Nehru Nagar
2026-03-14 01:30:00+00:00,36.0,54.0,26.1,53.3,1.03,274.0,5662,Nehru Nagar
2026-03-14 02:30:00+00:00,45.5,67.5,28.0,47.0,1.63,212.0,5662,Nehru Nagar
2026-03-14 03:30:00+00:00,49.0,73.0,30.0,39.0,1.88,243.0,5662,Nehru Nagar
2026-03-14 04:30:00+00:00,39.5,59.0,31.9,33.5,2.15,235.0,5662,Nehru Nagar
2026-03-14 05:30:00+00:00,30.0,44.5,33.5,29.8,2.1,177.0,5662,Nehru Nagar
2026-03-14 06:30:00+00:00,25.5,37.5,34.9,24.3,2.23,231.0,5662,Nehru Nagar
2026-03-14 07:30:00+00:00,19.5,29.0,34.9,24.3,2.48,255.0,5662,Nehru Nagar
2026-03-14 08:30:00+00:00,17.0,25.5,35.8,19.5,3.05,296.0,5662,Nehru Nagar
2026-03-14 09:30:00+00:00,16.0,24.0,35.2,22.5,2.18,236.0,5662,Nehru Nagar
2026-03-14 10:30:00+00:00,44.5,66.5,34.5,23.0,2.43,301.0,5662,Nehru Nagar
2026-03-14 11:30:00+00:00,43.0,64.5,32.4,28.5,1.75,347.0,5662,Nehru Nagar
2026-03-14 12:30:00+00:00,18.5,28.0,30.5,32.3,0.875,347.0,5662,Nehru Nagar
2026-03-14 13:30:00+00:00,42.5,63.5,29.3,36.0,0.425,348.0,5662,Nehru Nagar
2026-03-14 14:30:00+00:00,73.5,110.0,28.1,41.3,0.3,347.0,5662,Nehru Nagar
2026-03-14 15:30:00+00:00,86.5,130.0,27.5,43.8,0.45,289.0,5662,Nehru Nagar
2026-03-14 16:30:00+00:00,81.0,122.0,27.3,44.3,1.3,234.0,5662,Nehru Nagar
2026-03-14 17:30:00+00:00,65.7,99.0,26.5,43.7,0.8,248.0,5662,Nehru Nagar
2026-03-14 18:30:00+00:00,42.0,63.0,26.4,45.0,1.0,245.0,5662,Nehru Nagar
2026-03-14 19:30:00+00:00,49.0,74.0,26.1,46.0,0.525,245.0,5662,Nehru Nagar
2026-03-14 20:30:00+00:00,52.5,79.5,26.3,45.0,1.38,228.0,5662,Nehru Nagar
2026-03-14 21:30:00+00:00,45.7,69.3,25.4,49.3,0.767,162.0,5662,Nehru Nagar
2026-03-14 22:30:00+00:00,53.0,80.5,25.2,48.5,0.875,236.0,5662,Nehru Nagar
2026-03-14 23:30:00+00:00,80.5,121.0,25.1,50.0,1.08,264.0,5662,Nehru Nagar
2026-03-15 00:30:00+00:00,73.5,110.0,24.7,50.8,1.83,215.0,5662,Nehru Nagar
2026-03-15 01:30:00+00:00,48.0,72.0,24.7,51.5,2.7,219.0,5662,Nehru Nagar
2026-03-15 02:30:00+00:00,46.5,70.0,26.5,48.0,3.08,215.0,5662,Nehru Nagar
2026-03-15 03:30:00+00:00,44.5,67.5,29.6,36.8,3.55,231.0,5662,Nehru Nagar
2026-03-15 04:30:00+00:00,36.5,55.5,31.4,33.0,4.65,223.0,5662,Nehru Nagar
2026-03-15 05:30:00+00:00,24.3,36.0,33.1,29.0,4.4,207.0,5662,Nehru Nagar
2026-03-15 06:30:00+00:00,27.0,40.5,32.2,33.0,4.48,253.0,5662,Nehru Nagar
2026-03-15 07:30:00+00:00,31.5,48.0,32.5,33.3,4.1,238.0,5662,Nehru Nagar
2026-03-15 08:30:00+00:00,28.0,42.5,32.8,32.8,3.88,230.0,5662,Nehru Nagar
2026-03-15 09:30:00+00:00,25.0,37.5,33.1,30.5,3.5,243.0,5662,Nehru Nagar
2026-03-15 10:30:00+00:00,24.5,36.5,32.3,32.0,3.18,246.0,5662,Nehru Nagar
2026-03-15 11:30:00+00:00,25.0,37.5,30.4,38.0,2.45,247.0,5662,Nehru Nagar
2026-03-15 12:30:00+00:00,28.0,42.0,27.2,45.0,4.4,223.0,5662,Nehru Nagar
2026-03-15 13:30:00+00:00,28.5,42.5,25.0,48.0,3.8,226.0,5662,Nehru Nagar
2026-03-15 14:30:00+00:00,23.0,34.5,24.0,47.3,3.3,209.0,5662,Nehru Nagar
2026-03-15 15:30:00+00:00,17.0,25.5,24.4,47.0,3.18,217.0,5662,Nehru Nagar
2026-03-15 16:30:00+00:00,17.0,25.0,24.4,47.0,3.2,220.0,5662,Nehru Nagar
2026-03-15 17:30:00+00:00,18.5,27.5,23.9,47.5,3.4,207.0,5662,Nehru Nagar
2026-03-15 18:30:00+00:00,10.0,14.0,23.8,45.5,3.2,222.0,5662,Nehru Nagar
2026-03-15 19:30:00+00:00,14.5,21.0,23.8,43.8,2.83,205.0,5662,Nehru Nagar
2026-03-15 20:30:00+00:00,11.0,16.7,24.1,41.3,2.53,215.0,5662,Nehru Nagar
2026-03-15 21:30:00+00:00,10.0,15.0,23.9,42.0,2.0,173.0,5662,Nehru Nagar
2026-03-15 22:30:00+00:00,13.0,19.3,22.1,50.7,1.8,247.0,5662,Nehru Nagar
2026-03-15 23:30:00+00:00,15.5,23.5,20.8,59.0,2.25,271.0,5662,Nehru Nagar
2026-03-16 00:30:00+00:00,25.0,37.5,20.6,59.0,2.48,270.0,5662,Nehru Nagar
2026-03-16 01:30:00+00:00,29.5,44.0,21.7,54.3,2.85,213.0,5662,Nehru Nagar
2026-03-16 02:30:00+00:00,29.5,44.0,23.9,47.0,3.33,210.0,5662,Nehru Nagar
2026-03-16 03:30:00+00:00,31.0,46.5,27.2,38.3,3.1,211.0,5662,Nehru Nagar
2026-03-16 04:30:00+00:00,26.5,40.0,29.4,35.3,3.15,217.0,5662,Nehru Nagar
2026-03-16 05:30:00+00:00,29.0,44.0,31.3,33.0,2.85,221.0,5662,Nehru Nagar
2026-03-16 06:30:00+00:00,36.3,54.7,33.0,32.3,2.13,196.0,5662,Nehru Nagar
2026-03-16 07:30:00+00:00,32.5,48.5,34.4,32.0,1.8,182.0,5662,Nehru Nagar
2026-03-16 08:30:00+00:00,31.5,47.0,35.3,30.0,1.55,153.0,5662,Nehru Nagar
2026-03-16 09:30:00+00:00,50.5,75.5,35.1,31.8,1.63,286.0,5662,Nehru Nagar
2026-03-16 10:30:00+00:00,55.0,82.0,34.4,33.0,1.35,231.0,5662,Nehru Nagar
2026-03-16 11:30:00+00:00,47.5,71.0,32.0,37.3,1.43,338.0,5662,Nehru Nagar
2026-03-16 12:30:00+00:00,30.7,46.3,29.9,42.0,0.967,349.0,5662,Nehru Nagar
2026-03-16 13:30:00+00:00,40.5,61.5,29.1,43.3,0.575,349.0,5662,Nehru Nagar
2026-03-16 14:30:00+00:00,52.3,79.3,28.3,44.7,0.567,317.0,5662,Nehru Nagar
2026-03-16 15:30:00+00:00,56.0,84.0,27.2,49.8,0.925,179.0,5662,Nehru Nagar
2026-03-16 16:30:00+00:00,57.0,85.5,26.6,50.8,1.53,201.0,5662,Nehru Nagar
2026-03-16 17:30:00+00:00,61.0,92.0,25.7,52.7,1.4,180.0,5662,Nehru Nagar
2026-03-16 18:30:00+00:00,65.0,98.0,24.8,55.0,1.75,201.0,5662,Nehru Nagar
2026-03-16 19:30:00+00:00,54.5,82.0,24.6,55.3,1.4,197.0,5662,Nehru Nagar
2026-03-16 20:30:00+00:00,45.0,67.5,25.8,48.5,1.55,234.0,5662,Nehru Nagar
2026-03-16 21:30:00+00:00,40.5,60.5,25.6,47.0,2.58,222.0,5662,Nehru Nagar
2026-03-16 22:30:00+00:00,42.0,63.0,24.6,52.0,2.18,159.0,5662,Nehru Nagar
2026-03-16 23:30:00+00:00,44.0,66.0,24.2,53.8,1.73,122.0,5662,Nehru Nagar
2026-03-17 00:30:00+00:00,44.0,66.0,24.1,56.8,1.83,100.0,5662,Nehru Nagar
2026-03-17 01:30:00+00:00,57.0,85.5,25.8,58.0,1.65,93.0,5662,Nehru Nagar
2026-03-17 02:30:00+00:00,67.0,101.0,27.8,53.8,1.73,122.0,5662,Nehru Nagar
2026-03-17 03:30:00+00:00,64.0,96.5,29.9,48.3,1.63,114.0,5662,Nehru Nagar
2026-03-17 04:30:00+00:00,56.5,85.0,32.0,43.5,1.7,110.0,5662,Nehru Nagar
2026-03-17 05:30:00+00:00,51.5,77.5,34.1,35.5,1.8,123.0,5662,Nehru Nagar
2026-03-17 06:30:00+00:00,39.0,58.7,35.6,28.3,1.97,101.0,5662,Nehru Nagar
2026-03-17 07:30:00+00:00,31.0,,36.6,24.0,1.93,149.0,5662,Nehru Nagar
2026-03-17 08:30:00+00:00,27.0,,37.2,22.8,1.35,152.0,5662,Nehru Nagar
2026-03-17 09:30:00+00:00,24.0,,35.9,23.5,1.68,253.0,5662,Nehru Nagar
2026-03-17 10:30:00+00:00,41.0,62.0,34.6,29.0,1.57,278.0,5662,Nehru Nagar
2026-03-17 11:30:00+00:00,52.5,79.0,32.8,33.5,1.25,203.0,5662,Nehru Nagar
2026-03-17 12:30:00+00:00,85.0,128.0,31.1,38.0,0.825,219.0,5662,Nehru Nagar
2026-03-17 13:30:00+00:00,122.0,183.0,30.0,40.8,1.2,216.0,5662,Nehru Nagar
2026-03-17 14:30:00+00:00,102.0,153.0,28.3,45.0,2.28,214.0,5662,Nehru Nagar
2026-03-17 15:30:00+00:00,77.0,115.0,27.3,48.0,1.48,206.0,5662,Nehru Nagar
2026-03-17 16:30:00+00:00,77.5,116.0,26.8,48.5,1.53,197.0,5662,Nehru Nagar
2026-03-17 17:30:00+00:00,78.3,117.0,26.3,50.0,0.967,194.0,5662,Nehru Nagar
2026-03-17 18:30:00+00:00,83.0,124.0,26.1,49.5,1.3,197.0,5662,Nehru Nagar
2026-03-17 19:30:00+00:00,88.0,132.0,25.2,54.8,1.08,233.0,5662,Nehru Nagar
2026-03-17 20:30:00+00:00,91.5,138.0,24.7,57.0,1.18,184.0,5662,Nehru Nagar
2026-03-17 21:30:00+00:00,94.5,142.0,24.3,57.8,0.825,265.0,5662,Nehru Nagar
2026-03-17 22:30:00+00:00,103.0,154.0,23.5,61.0,0.925,230.0,5662,Nehru Nagar
2026-03-17 23:30:00+00:00,90.0,135.0,23.2,60.8,0.625,221.0,5662,Nehru Nagar
2026-03-18 00:30:00+00:00,106.0,159.0,23.9,56.7,1.0,243.0,5662,Nehru Nagar
2026-03-18 01:30:00+00:00,122.0,183.0,25.9,49.0,1.23,141.0,5662,Nehru Nagar
2026-03-18 02:30:00+00:00,67.0,101.0,29.5,37.0,1.1,199.0,5662,Nehru Nagar
2026-03-18 03:30:00+00:00,56.0,84.0,31.8,33.3,1.48,201.0,5662,Nehru Nagar
2026-03-18 04:30:00+00:00,43.0,64.5,33.6,28.8,1.83,217.0,5662,Nehru Nagar
2026-03-18 05:30:00+00:00,34.5,52.0,35.2,27.5,1.6,185.0,5662,Nehru Nagar
2026-03-18 06:30:00+00:00,31.7,48.0,36.2,25.0,1.8,170.0,5662,Nehru Nagar
2026-03-18 07:30:00+00:00,27.0,40.5,37.2,23.8,1.63,210.0,5662,Nehru Nagar
2026-03-18 08:30:00+00:00,24.3,36.3,36.8,24.7,1.87,255.0,5662,Nehru Nagar
2026-03-18 09:30:00+00:00,27.0,40.5,35.5,26.3,1.93,242.0,5662,Nehru Nagar
2026-03-18 10:30:00+00:00,32.0,48.0,34.5,31.5,2.65,262.0,5662,Nehru Nagar
2026-03-18 11:30:00+00:00,37.5,56.0,32.8,34.5,1.88,210.0,5662,Nehru Nagar
2026-03-18 12:30:00+00:00,40.0,60.0,31.0,38.5,1.65,183.0,5662,Nehru Nagar
2026-03-18 13:30:00+00:00,44.0,66.0,29.8,42.0,1.6,257.0,5662,Nehru Nagar
2026-03-18 14:30:00+00:00,48.0,72.0,28.5,45.0,1.43,276.0,5662,Nehru Nagar
2026-03-18 15:30:00+00:00,47.5,71.5,27.7,46.5,1.53,210.0,5662,Nehru Nagar
2026-03-18 16:30:00+00:00,50.0,75.5,27.0,47.0,1.2,266.0,5662,Nehru Nagar
2026-03-18 17:30:00+00:00,55.0,82.7,26.3,48.3,1.07,196.0,5662,Nehru Nagar
2026-03-18 18:30:00+00:00,60.0,90.0,25.6,49.5,1.45,194.0,5662,Nehru Nagar
2026-03-18 19:30:00+00:00,59.5,89.5,25.3,49.0,1.68,297.0,5662,Nehru Nagar
2026-03-18 20:30:00+00:00,52.5,79.0,24.4,53.0,2.15,284.0,5662,Nehru Nagar
2026-03-18 21:30:00+00:00,42.5,63.5,23.0,60.0,2.45,261.0,5662,Nehru Nagar
2026-03-18 22:30:00+00:00,38.5,57.5,22.6,58.5,1.7,244.0,5662,Nehru Nagar
2026-03-18 23:30:00+00:00,43.0,64.5,22.5,59.5,1.28,193.0,5662,Nehru Nagar
2026-03-19 00:30:00+00:00,56.5,84.5,23.0,57.3,1.88,204.0,5662,Nehru Nagar
2026-03-19 01:30:00+00:00,61.5,91.5,24.6,52.0,2.13,200.0,5662,Nehru Nagar
2026-03-19 02:30:00+00:00,58.5,87.0,26.9,45.0,2.5,228.0,5662,Nehru Nagar
2026-03-19 03:30:00+00:00,55.0,82.0,29.6,37.8,2.85,220.0,5662,Nehru Nagar
2026-03-19 04:30:00+00:00,42.5,63.5,32.3,31.5,2.88,218.0,5662,Nehru Nagar
2026-03-19 05:30:00+00:00,31.0,46.3,34.1,25.0,2.47,226.0,5662,Nehru Nagar
2026-03-19 06:30:00+00:00,23.5,35.0,35.9,22.0,2.08,246.0,5662,Nehru Nagar
2026-03-19 07:30:00+00:00,25.5,38.0,36.4,23.3,2.15,209.0,5662,Nehru Nagar
2026-03-19 08:30:00+00:00,31.0,47.0,36.7,22.3,1.83,212.0,5662,Nehru Nagar
2026-03-19 09:30:00+00:00,28.5,43.0,36.9,22.8,1.63,246.0,5662,Nehru Nagar
2026-03-19 10:30:00+00:00,27.5,41.0,35.7,24.5,1.55,215.0,5662,Nehru Nagar
2026-03-19 11:30:00+00:00,33.0,49.5,33.8,30.0,0.825,190.0,5662,Nehru Nagar
2026-03-19 12:30:00+00:00,57.0,85.5,31.4,36.8,0.55,148.0,5662,Nehru Nagar
2026-03-19 13:30:00+00:00,71.0,107.0,30.1,37.7,2.5,219.0,5662,Nehru Nagar
2026-03-19 14:30:00+00:00,48.5,73.0,28.4,40.5,1.7,222.0,5662,Nehru Nagar
2026-03-19 15:30:00+00:00,36.5,55.0,27.6,41.0,1.8,208.0,5662,Nehru Nagar
2026-03-19 16:30:00+00:00,33.0,50.0,26.8,42.5,1.9,223.0,5662,Nehru Nagar
2026-03-19 17:30:00+00:00,34.0,51.3,26.1,44.7,1.53,267.0,5662,Nehru Nagar
2026-03-19 18:30:00+00:00,44.0,66.0,25.4,48.0,1.25,339.0,5662,Nehru Nagar
2026-03-19 19:30:00+00:00,46.5,70.0,24.9,50.3,1.53,332.0,5662,Nehru Nagar
2026-03-19 20:30:00+00:00,50.0,75.0,24.1,53.8,1.58,342.0,5662,Nehru Nagar
2026-03-19 21:30:00+00:00,49.7,74.0,23.5,58.3,1.87,296.0,5662,Nehru Nagar
2026-03-19 22:30:00+00:00,41.5,62.0,22.5,65.3,2.03,312.0,5662,Nehru Nagar
2026-03-19 23:30:00+00:00,36.0,54.0,21.9,67.3,2.43,307.0,5662,Nehru Nagar
2026-03-20 00:30:00+00:00,38.5,58.0,21.8,66.3,2.28,324.0,5662,Nehru Nagar
2026-03-20 01:30:00+00:00,40.0,60.0,22.1,68.0,2.83,318.0,5662,Nehru Nagar
2026-03-20 02:30:00+00:00,45.5,68.0,23.6,64.8,2.08,214.0,5662,Nehru Nagar
2026-03-20 03:30:00+00:00,48.0,72.5,23.3,64.8,2.43,173.0,5662,Nehru Nagar
2026-03-20 04:30:00+00:00,48.0,72.0,22.3,73.5,3.03,272.0,5662,Nehru Nagar
2026-03-20 05:30:00+00:00,47.0,70.0,24.0,68.5,4.25,302.0,5662,Nehru Nagar
2026-03-20 06:30:00+00:00,30.0,45.0,22.5,67.7,3.27,307.0,5662,Nehru Nagar
2026-03-20 07:30:00+00:00,27.5,41.5,21.6,71.0,2.88,333.0,5662,Nehru Nagar
2026-03-20 08:30:00+00:00,32.5,49.0,21.1,76.5,3.15,316.0,5662,Nehru Nagar
2026-03-20 09:30:00+00:00,32.0,48.0,21.3,76.5,3.28,237.0,5662,Nehru Nagar
2026-03-20 10:30:00+00:00,27.3,41.7,21.6,74.0,2.13,217.0,5662,Nehru Nagar
2026-03-20 11:30:00+00:00,27.0,41.0,21.7,72.3,2.05,210.0,5662,Nehru Nagar
2026-03-20 12:30:00+00:00,30.5,46.0,21.4,72.8,1.85,317.0,5662,Nehru Nagar
2026-03-20 13:30:00+00:00,34.0,51.5,20.8,75.8,2.38,329.0,5662,Nehru Nagar
2026-03-20 14:30:00+00:00,32.0,48.5,20.7,77.5,1.35,322.0,5662,Nehru Nagar
2026-03-20 15:30:00+00:00,31.0,47.0,20.9,78.0,1.45,209.0,5662,Nehru Nagar
2026-03-20 16:30:00+00:00,31.5,47.5,20.3,79.5,0.8,141.0,5662,Nehru Nagar
2026-03-20 17:30:00+00:00,29.7,44.3,20.2,81.0,0.433,281.0,5662,Nehru Nagar
2026-03-20 18:30:00+00:00,27.0,40.0,20.3,81.5,1.45,325.0,5662,Nehru Nagar
2026-03-20 19:30:00+00:00,30.0,45.0,20.2,82.0,1.43,200.0,5662,Nehru Nagar
2026-03-20 20:30:00+00:00,28.5,43.0,19.6,82.3,1.15,208.0,5662,Nehru Nagar
2026-03-20 21:30:00+00:00,28.5,43.0,19.4,84.0,0.875,237.0,5662,Nehru Nagar
2026-03-20 22:30:00+00:00,34.5,52.0,19.4,84.0,1.6,312.0,5662,Nehru Nagar
2026-03-20 23:30:00+00:00,31.0,47.0,19.3,83.3,1.13,306.0,5662,Nehru Nagar
2026-03-21 00:30:00+00:00,23.5,36.0,19.4,83.0,1.48,296.0,5662,Nehru Nagar
2026-03-21 01:30:00+00:00,22.0,33.5,19.6,82.5,1.98,334.0,5662,Nehru Nagar
2026-03-21 02:30:00+00:00,24.5,37.0,20.2,80.3,2.0,306.0,5662,Nehru Nagar
2026-03-21 03:30:00+00:00,26.0,39.0,20.8,76.5,1.4,302.0,5662,Nehru Nagar
2026-03-21 04:30:00+00:00,21.5,32.5,22.4,69.8,2.2,296.0,5662,Nehru Nagar
2026-03-21 05:30:00+00:00,23.5,35.5,23.9,61.3,2.6,302.0,5662,Nehru Nagar
2026-03-21 06:30:00+00:00,24.5,36.5,25.8,54.0,2.2,285.0,5662,Nehru Nagar
2026-03-21 07:30:00+00:00,19.0,28.0,27.0,48.5,2.43,273.0,5662,Nehru Nagar
2026-03-21 08:30:00+00:00,15.5,23.0,27.5,44.8,2.83,305.0,5662,Nehru Nagar
2026-03-21 09:30:00+00:00,10.7,16.3,27.5,41.7,2.77,294.0,5662,Nehru Nagar
2026-03-21 10:30:00+00:00,10.5,16.5,27.1,40.5,2.83,320.0,5662,Nehru Nagar
2026-03-21 11:30:00+00:00,10.5,16.0,26.1,40.8,2.4,338.0,5662,Nehru Nagar
2026-03-21 12:30:00+00:00,12.0,17.5,24.8,47.3,0.7,346.0,5662,Nehru Nagar
2026-03-21 13:30:00+00:00,19.0,27.5,24.2,50.5,0.55,349.0,5662,Nehru Nagar
2026-03-21 14:30:00+00:00,30.7,46.0,23.5,52.7,0.933,349.0,5662,Nehru Nagar
2026-03-21 15:30:00+00:00,35.5,53.5,22.9,54.8,0.725,349.0,5662,Nehru Nagar
2026-03-21 16:30:00+00:00,38.3,57.7,22.5,59.0,0.8,348.0,5662,Nehru Nagar
2026-03-21 17:30:00+00:00,41.3,62.3,22.1,59.7,0.9,329.0,5662,Nehru Nagar
2026-03-21 18:30:00+00:00,37.0,55.0,21.4,59.5,0.85,348.0,5662,Nehru Nagar
2026-03-21 19:30:00+00:00,36.0,54.0,21.1,62.3,0.875,344.0,5662,Nehru Nagar
2026-03-21 20:30:00+00:00,32.3,48.3,21.0,61.7,0.833,347.0,5662,Nehru Nagar
2026-03-21 21:30:00+00:00,33.0,49.0,20.7,65.0,0.5,349.0,5662,Nehru Nagar
2026-03-21 22:30:00+00:00,34.5,51.0,20.3,67.8,0.475,339.0,5662,Nehru Nagar
2026-03-21 23:30:00+00:00,34.5,51.0,19.8,68.8,0.6,348.0,5662,Nehru Nagar
2026-03-22 00:30:00+00:00,33.5,50.5,20.2,68.8,0.725,345.0,5662,Nehru Nagar
2026-03-22 01:30:00+00:00,32.5,49.5,22.7,63.0,1.23,311.0,5662,Nehru Nagar
2026-03-22 02:30:00+00:00,26.5,40.5,24.8,55.0,2.2,317.0,5662,Nehru Nagar
2026-03-22 03:30:00+00:00,21.0,31.5,26.6,48.8,2.23,289.0,5662,Nehru Nagar
2026-03-22 04:30:00+00:00,19.5,28.5,27.8,44.0,2.65,302.0,5662,Nehru Nagar
2026-03-22 05:30:00+00:00,17.0,25.0,29.0,39.5,2.78,289.0,5662,Nehru Nagar
2026-03-22 06:30:00+00:00,16.5,24.5,30.0,35.3,2.93,287.0,5662,Nehru Nagar
2026-03-22 07:30:00+00:00,17.5,26.5,30.7,34.5,3.45,294.0,5662,Nehru Nagar
2026-03-22 08:30:00+00:00,22.0,33.0,31.4,31.5,3.53,309.0,5662,Nehru Nagar
2026-03-22 09:30:00+00:00,22.5,33.5,31.6,30.3,3.63,318.0,5662,Nehru Nagar
2026-03-22 10:30:00+00:00,18.5,28.0,31.1,31.5,2.9,325.0,5662,Nehru Nagar
2026-03-22 11:30:00+00:00,19.5,29.0,29.7,33.5,1.85,339.0,5662,Nehru Nagar
2026-03-22 12:30:00+00:00,23.5,35.0,28.1,37.5,0.625,349.0,5662,Nehru Nagar
2026-03-22 13:30:00+00:00,35.5,53.5,27.3,40.5,0.45,349.0,5662,Nehru Nagar
2026-03-22 14:30:00+00:00,52.5,79.0,26.7,42.5,0.375,347.0,5662,Nehru Nagar
2026-03-22 15:30:00+00:00,64.5,97.0,25.7,45.3,0.3,347.0,5662,Nehru Nagar
2026-03-22 16:30:00+00:00,67.5,102.0,24.8,49.0,0.3,349.0,5662,Nehru Nagar
2026-03-22 17:30:00+00:00,65.0,98.0,24.2,51.5,0.3,349.0,5662,Nehru Nagar
2026-03-22 18:30:00+00:00,42.0,63.0,23.4,55.0,0.3,163.0,5662,Nehru Nagar
2026-03-22 19:30:00+00:00,48.0,72.0,23.1,55.5,0.3,105.0,5662,Nehru Nagar
2026-03-22 20:30:00+00:00,51.5,77.0,22.6,58.3,0.3,105.0,5662,Nehru Nagar
2026-03-22 21:30:00+00:00,49.0,73.0,22.3,59.8,0.3,132.0,5662,Nehru Nagar
2026-03-22 22:30:00+00:00,48.0,71.3,21.9,57.3,0.3,113.0,5662,Nehru Nagar
2026-03-22 23:30:00+00:00,46.5,69.0,21.7,61.5,0.3,107.0,5662,Nehru Nagar
2026-03-23 00:30:00+00:00,71.5,107.0,22.5,62.0,0.3,80.5,5662,Nehru Nagar
2026-03-23 01:30:00+00:00,95.3,143.0,25.0,55.3,0.533,54.0,5662,Nehru Nagar
2026-03-23 02:30:00+00:00,97.5,147.0,27.7,46.0,0.65,144.0,5662,Nehru Nagar
2026-03-23 03:30:00+00:00,82.5,124.0,30.0,38.8,0.95,151.0,5662,Nehru Nagar
2026-03-23 04:30:00+00:00,53.0,79.0,31.9,34.5,1.13,198.0,5662,Nehru Nagar
2026-03-23 05:30:00+00:00,43.0,64.5,31.8,35.3,1.85,276.0,5662,Nehru Nagar
2026-03-23 06:30:00+00:00,36.5,54.5,32.7,32.5,2.45,251.0,5662,Nehru Nagar
2026-03-23 07:30:00+00:00,24.0,35.5,32.1,34.0,2.6,293.0,5662,Nehru Nagar
2026-03-23 08:30:00+00:00,19.3,28.7,31.0,36.0,3.13,292.0,5662,Nehru Nagar
2026-03-23 09:30:00+00:00,22.0,33.0,29.8,37.7,3.17,309.0,5662,Nehru Nagar
2026-03-23 12:30:00+00:00,26.0,39.0,27.4,42.7,0.867,174.0,5662,Nehru Nagar
2026-03-23 13:30:00+00:00,32.5,48.5,26.3,48.0,1.53,266.0,5662,Nehru Nagar
2026-03-23 14:30:00+00:00,30.5,46.0,25.4,51.5,1.35,240.0,5662,Nehru Nagar
2026-03-23 15:30:00+00:00,28.0,42.5,24.8,54.5,0.925,195.0,5662,Nehru Nagar
2026-03-23 16:30:00+00:00,32.5,49.0,24.3,56.3,1.25,241.0,5662,Nehru Nagar
2026-03-23 17:30:00+00:00,34.0,51.3,23.6,60.0,0.9,231.0,5662,Nehru Nagar
2026-03-23 18:30:00+00:00,35.0,53.0,22.7,64.0,0.85,173.0,5662,Nehru Nagar
2026-03-23 19:30:00+00:00,31.5,47.0,22.6,65.3,0.35,240.0,5662,Nehru Nagar
2026-03-23 20:30:00+00:00,33.0,49.0,22.2,66.3,0.55,281.0,5662,Nehru Nagar
2026-03-23 21:30:00+00:00,37.5,56.5,21.8,67.5,0.3,335.0,5662,Nehru Nagar
2026-03-23 22:30:00+00:00,39.0,59.0,21.7,69.0,0.675,349.0,5662,Nehru Nagar
2026-03-23 23:30:00+00:00,41.3,62.3,21.3,69.0,0.7,349.0,5662,Nehru Nagar
2026-03-24 00:30:00+00:00,41.5,62.5,21.6,69.3,1.0,349.0,5662,Nehru Nagar
2026-03-24 01:30:00+00:00,45.5,68.5,24.7,61.3,0.625,294.0,5662,Nehru Nagar
2026-03-24 02:30:00+00:00,38.0,57.0,27.7,46.0,1.18,287.0,5662,Nehru Nagar
2026-03-24 03:30:00+00:00,30.0,44.5,29.6,41.5,1.2,241.0,5662,Nehru Nagar
2026-03-24 04:30:00+00:00,31.5,47.0,31.6,37.5,1.25,229.0,5662,Nehru Nagar
2026-03-24 05:30:00+00:00,24.3,36.7,32.7,33.7,1.9,238.0,5662,Nehru Nagar
2026-03-24 06:30:00+00:00,17.5,26.5,33.1,30.5,2.8,267.0,5662,Nehru Nagar
2026-03-24 07:30:00+00:00,15.0,22.5,33.7,29.5,2.98,286.0,5662,Nehru Nagar
2026-03-24 08:30:00+00:00,13.5,19.5,34.0,28.3,3.18,320.0,5662,Nehru Nagar
2026-03-24 09:30:00+00:00,11.0,16.0,33.8,29.0,2.93,316.0,5662,Nehru Nagar
2026-03-24 10:30:00+00:00,13.3,20.0,33.3,30.3,2.73,322.0,5662,Nehru Nagar
2026-03-24 11:30:00+00:00,12.0,18.0,32.0,32.5,1.83,336.0,5662,Nehru Nagar
2026-03-24 12:30:00+00:00,11.5,17.5,29.9,35.8,1.28,345.0,5662,Nehru Nagar
2026-03-24 13:30:00+00:00,13.0,20.0,29.1,36.0,1.05,333.0,5662,Nehru Nagar
2026-03-24 15:30:00+00:00,40.5,61.5,26.9,45.3,0.35,314.0,5662,Nehru Nagar
2026-03-24 16:30:00+00:00,58.0,87.5,26.0,49.8,0.325,166.0,5662,Nehru Nagar
2026-03-24 17:30:00+00:00,55.7,84.0,25.6,50.7,0.3,343.0,5662,Nehru Nagar
2026-03-24 18:30:00+00:00,38.0,58.0,24.5,55.5,0.3,349.0,5662,Nehru Nagar
2026-03-24 19:30:00+00:00,38.0,57.7,24.2,56.7,0.3,349.0,5662,Nehru Nagar
2026-03-24 20:30:00+00:00,37.5,56.0,24.2,56.3,0.45,349.0,5662,Nehru Nagar
2026-03-24 21:30:00+00:00,36.5,54.5,23.8,57.0,1.23,348.0,5662,Nehru Nagar
2026-03-24 22:30:00+00:00,39.0,58.5,23.4,58.0,0.925,317.0,5662,Nehru Nagar
2026-03-24 23:30:00+00:00,44.5,66.5,23.0,59.3,0.35,248.0,5662,Nehru Nagar
2026-03-25 00:30:00+00:00,49.5,74.0,23.3,59.8,0.475,186.0,5662,Nehru Nagar
2026-03-25 01:30:00+00:00,75.5,113.0,25.7,54.0,0.75,117.0,5662,Nehru Nagar
2026-03-25 02:30:00+00:00,90.3,135.0,28.6,45.7,0.867,149.0,5662,Nehru Nagar
2026-03-25 03:30:00+00:00,67.0,100.0,30.7,38.3,1.25,244.0,5662,Nehru Nagar
2026-03-25 04:30:00+00:00,53.3,80.0,31.9,33.3,1.9,220.0,5662,Nehru Nagar
2026-03-25 05:30:00+00:00,29.7,45.3,33.1,26.3,2.43,250.0,5662,Nehru Nagar
2026-03-25 07:30:00+00:00,19.0,28.0,34.2,19.5,4.2,333.0,5662,Nehru Nagar
2026-03-25 08:30:00+00:00,14.5,21.5,34.4,17.0,4.13,308.0,5662,Nehru Nagar
2026-03-25 09:30:00+00:00,11.0,16.7,34.7,16.7,3.97,311.0,5662,Nehru Nagar
2026-03-25 10:30:00+00:00,10.0,15.5,34.1,13.0,3.83,321.0,5662,Nehru Nagar
2026-03-25 11:30:00+00:00,9.5,14.5,32.8,17.3,2.15,335.0,5662,Nehru Nagar
2026-03-25 12:30:00+00:00,17.0,25.0,30.7,23.5,0.775,337.0,5662,Nehru Nagar
2026-03-25 13:30:00+00:00,24.5,36.0,29.2,26.5,0.725,344.0,5662,Nehru Nagar
2026-03-25 14:30:00+00:00,38.5,58.0,28.2,30.5,0.3,349.0,5662,Nehru Nagar
2026-03-25 15:30:00+00:00,49.0,74.3,27.5,30.7,0.4,349.0,5662,Nehru Nagar
2026-03-25 16:30:00+00:00,51.7,77.7,26.7,33.7,0.3,349.0,5662,Nehru Nagar
2026-03-25 17:30:00+00:00,52.7,79.0,25.6,37.7,0.367,349.0,5662,Nehru Nagar
2026-03-25 19:30:00+00:00,39.0,58.0,23.8,41.0,0.3,341.0,5662,Nehru Nagar
2026-03-25 20:30:00+00:00,33.0,49.3,24.1,41.0,0.533,168.0,5662,Nehru Nagar
2026-03-25 21:30:00+00:00,34.0,51.0,23.2,44.5,0.3,300.0,5662,Nehru Nagar
2026-03-25 22:30:00+00:00,37.5,56.5,23.6,45.0,0.3,28.3,5662,Nehru Nagar
2026-03-25 23:30:00+00:00,48.5,73.0,23.3,47.3,0.425,142.0,5662,Nehru Nagar
2026-03-26 00:30:00+00:00,70.0,105.0,24.2,44.0,0.4,135.0,5662,Nehru Nagar
2026-03-26 01:30:00+00:00,76.0,114.0,27.4,37.3,0.6,99.5,5662,Nehru Nagar
2026-03-26 02:30:00+00:00,84.5,127.0,30.3,33.5,0.625,125.0,5662,Nehru Nagar
2026-03-26 03:30:00+00:00,109.0,164.0,31.9,32.3,1.43,273.0,5662,Nehru Nagar
2026-03-26 04:30:00+00:00,89.5,134.0,33.8,28.0,1.9,264.0,5662,Nehru Nagar
2026-03-26 05:30:00+00:00,39.0,58.5,34.8,25.8,2.9,284.0,5662,Nehru Nagar
2026-03-26 06:30:00+00:00,18.0,27.5,36.1,22.5,3.05,296.0,5662,Nehru Nagar
2026-03-26 07:30:00+00:00,16.0,24.0,36.8,22.0,3.55,300.0,5662,Nehru Nagar
2026-03-26 08:30:00+00:00,16.0,24.0,37.0,22.3,3.68,296.0,5662,Nehru Nagar
2026-03-26 09:30:00+00:00,14.5,22.0,36.9,22.0,3.83,313.0,5662,Nehru Nagar
2026-03-26 10:30:00+00:00,12.0,18.0,36.5,23.0,3.18,330.0,5662,Nehru Nagar
2026-03-26 11:30:00+00:00,9.0,13.3,34.9,25.3,1.87,335.0,5662,Nehru Nagar
2026-03-26 12:30:00+00:00,19.3,29.3,32.5,30.0,0.567,349.0,5662,Nehru Nagar
2026-03-26 13:30:00+00:00,31.7,48.0,31.5,32.7,0.4,349.0,5662,Nehru Nagar
2026-03-26 14:30:00+00:00,44.0,66.5,30.5,34.5,0.7,348.0,5662,Nehru Nagar
2026-03-26 15:30:00+00:00,42.5,64.0,30.0,35.3,0.5,349.0,5662,Nehru Nagar
2026-03-26 16:30:00+00:00,42.0,63.0,29.4,36.5,0.575,348.0,5662,Nehru Nagar
2026-03-26 17:30:00+00:00,41.7,62.7,28.9,37.7,0.733,349.0,5662,Nehru Nagar
2026-03-26 18:30:00+00:00,47.0,71.0,28.0,40.0,0.5,349.0,5662,Nehru Nagar
2026-03-26 19:30:00+00:00,46.0,69.5,27.7,38.5,0.8,349.0,5662,Nehru Nagar
2026-03-26 20:30:00+00:00,42.0,63.0,27.2,41.3,1.15,349.0,5662,Nehru Nagar
2026-03-26 21:30:00+00:00,35.0,52.5,26.9,41.8,1.5,346.0,5662,Nehru Nagar
2026-03-26 22:30:00+00:00,27.7,41.7,27.0,41.0,0.733,340.0,5662,Nehru Nagar
2026-03-26 23:30:00+00:00,26.3,39.3,26.7,42.3,0.433,349.0,5662,Nehru Nagar
2026-03-27 00:30:00+00:00,28.0,42.0,26.9,44.5,0.55,168.0,5662,Nehru Nagar
2026-03-27 01:30:00+00:00,48.0,72.0,27.1,46.8,0.9,193.0,5662,Nehru Nagar
2026-03-27 02:30:00+00:00,66.5,99.5,29.3,42.8,0.75,79.8,5662,Nehru Nagar
2026-03-27 03:30:00+00:00,65.5,98.0,31.3,37.0,1.25,199.0,5662,Nehru Nagar
2026-03-27 04:30:00+00:00,64.5,96.0,28.5,51.0,1.43,248.0,5662,Nehru Nagar
2026-03-27 05:30:00+00:00,56.5,84.5,30.1,48.0,1.4,310.0,5662,Nehru Nagar
2026-03-27 06:30:00+00:00,44.5,67.0,30.4,44.0,3.0,246.0,5662,Nehru Nagar
2026-03-27 07:30:00+00:00,24.7,36.7,31.8,35.0,4.03,237.0,5662,Nehru Nagar
2026-03-27 08:30:00+00:00,10.3,15.0,29.9,39.3,3.1,224.0,5662,Nehru Nagar
2026-03-27 09:30:00+00:00,10.5,15.5,30.3,40.3,2.68,215.0,5662,Nehru Nagar
2026-03-27 10:30:00+00:00,12.5,18.5,30.6,37.3,2.3,234.0,5662,Nehru Nagar
2026-03-27 11:30:00+00:00,14.8,21.5,30.0,38.8,1.2,149.0,5662,Nehru Nagar
2026-03-27 12:30:00+00:00,31.5,46.5,28.7,41.3,0.325,313.0,5662,Nehru Nagar
2026-03-27 13:30:00+00:00,59.5,88.5,27.6,46.5,0.3,349.0,5662,Nehru Nagar
2026-03-27 14:30:00+00:00,82.5,124.0,27.1,51.3,0.45,256.0,5662,Nehru Nagar
2026-03-27 15:30:00+00:00,77.0,115.0,26.4,52.8,0.5,255.0,5662,Nehru Nagar
2026-03-27 16:30:00+00:00,63.5,94.5,26.2,54.3,0.425,222.0,5662,Nehru Nagar
2026-03-27 17:30:00+00:00,86.7,130.0,25.9,53.7,1.27,262.0,5662,Nehru Nagar
2026-03-27 18:30:00+00:00,58.0,86.0,25.1,56.0,1.15,249.0,5662,Nehru Nagar
2026-03-27 19:30:00+00:00,48.0,72.0,24.7,56.8,0.95,262.0,5662,Nehru Nagar
2026-03-27 20:30:00+00:00,38.0,57.0,24.6,58.0,0.725,254.0,5662,Nehru Nagar
2026-03-27 21:30:00+00:00,33.0,49.0,24.5,58.5,0.475,174.0,5662,Nehru Nagar
2026-03-27 22:30:00+00:00,27.5,41.5,24.5,55.8,0.9,262.0,5662,Nehru Nagar
2026-03-27 23:30:00+00:00,42.5,64.5,24.2,55.8,0.7,240.0,5662,Nehru Nagar
2026-03-28 00:30:00+00:00,70.0,105.0,24.6,57.3,0.575,241.0,5662,Nehru Nagar
2026-03-28 01:30:00+00:00,81.3,121.0,26.7,50.3,1.43,253.0,5662,Nehru Nagar
2026-03-28 02:30:00+00:00,63.0,94.0,28.8,43.5,2.3,290.0,5662,Nehru Nagar
2026-03-28 03:30:00+00:00,35.3,52.0,30.9,40.0,2.27,292.0,5662,Nehru Nagar
2026-03-28 04:30:00+00:00,28.0,41.0,32.6,36.8,1.98,259.0,5662,Nehru Nagar
2026-03-28 05:30:00+00:00,28.0,41.0,33.9,33.0,2.23,242.0,5662,Nehru Nagar
2026-03-28 06:30:00+00:00,24.0,36.0,34.2,31.5,2.75,261.0,5662,Nehru Nagar
2026-03-28 07:30:00+00:00,16.0,25.0,35.1,29.0,2.8,272.0,5662,Nehru Nagar
2026-03-28 08:30:00+00:00,21.0,32.0,35.3,29.8,2.43,269.0,5662,Nehru Nagar
2026-03-28 09:30:00+00:00,25.0,38.0,35.6,29.3,1.58,251.0,5662,Nehru Nagar
2026-03-28 10:30:00+00:00,23.5,35.5,35.5,29.8,1.53,283.0,5662,Nehru Nagar
2026-03-28 11:30:00+00:00,24.0,36.0,33.7,32.0,1.28,333.0,5662,Nehru Nagar
2026-03-28 12:30:00+00:00,31.5,47.5,31.7,37.3,0.825,242.0,5662,Nehru Nagar
2026-03-28 13:30:00+00:00,60.0,90.0,30.3,42.3,0.625,214.0,5662,Nehru Nagar
2026-03-28 14:30:00+00:00,77.5,117.0,29.5,43.3,1.03,221.0,5662,Nehru Nagar
2026-03-28 15:30:00+00:00,63.0,94.3,28.6,45.0,0.433,173.0,5662,Nehru Nagar
2026-03-28 16:30:00+00:00,60.0,90.0,28.2,45.3,0.8,141.0,5662,Nehru Nagar
2026-03-28 17:30:00+00:00,63.3,95.3,27.7,47.0,0.7,133.0,5662,Nehru Nagar
2026-03-28 18:30:00+00:00,67.0,101.0,26.9,50.5,0.9,193.0,5662,Nehru Nagar
2026-03-28 19:30:00+00:00,72.5,110.0,26.7,51.0,1.08,192.0,5662,Nehru Nagar
2026-03-28 20:30:00+00:00,63.0,95.0,27.0,49.5,1.8,238.0,5662,Nehru Nagar
2026-03-28 21:30:00+00:00,45.0,67.0,26.6,51.0,1.18,214.0,5662,Nehru Nagar
2026-03-28 22:30:00+00:00,42.0,63.0,26.4,51.8,1.35,211.0,5662,Nehru Nagar
2026-03-28 23:30:00+00:00,40.5,61.5,26.3,51.3,1.73,222.0,5662,Nehru Nagar
2026-03-29 00:30:00+00:00,44.0,66.0,26.4,51.0,1.0,154.0,5662,Nehru Nagar
2026-03-29 01:30:00+00:00,53.0,79.0,27.7,48.8,1.33,119.0,5662,Nehru Nagar
2026-03-29 02:30:00+00:00,59.7,89.0,29.4,45.0,1.43,172.0,5662,Nehru Nagar
2026-03-29 03:30:00+00:00,55.5,83.5,32.4,38.0,1.93,157.0,5662,Nehru Nagar
2026-03-29 04:30:00+00:00,44.0,67.0,34.5,35.3,1.98,148.0,5662,Nehru Nagar
2026-03-29 05:30:00+00:00,36.0,54.0,36.0,31.5,1.43,142.0,5662,Nehru Nagar
2026-03-29 06:30:00+00:00,30.5,45.5,37.4,26.8,1.35,215.0,5662,Nehru Nagar
2026-03-29 07:30:00+00:00,31.0,47.0,37.4,26.8,2.08,227.0,5662,Nehru Nagar
2026-03-29 08:30:00+00:00,32.0,48.0,37.9,25.5,2.18,247.0,5662,Nehru Nagar
2026-03-29 09:30:00+00:00,33.0,49.0,37.8,25.5,2.2,252.0,5662,Nehru Nagar
2026-03-29 11:30:00+00:00,25.0,37.0,34.5,34.0,0.3,95.0,5662,Nehru Nagar
2026-03-29 12:30:00+00:00,102.0,152.0,32.8,37.3,0.725,145.0,5662,Nehru Nagar
2026-03-29 13:30:00+00:00,84.0,126.0,32.0,37.5,1.13,174.0,5662,Nehru Nagar
2026-03-29 14:30:00+00:00,80.0,120.0,31.1,39.5,1.2,206.0,5662,Nehru Nagar
2026-03-29 15:30:00+00:00,81.0,121.0,30.4,42.5,1.95,219.0,5662,Nehru Nagar
2026-03-29 16:30:00+00:00,57.0,86.0,29.6,45.8,2.23,242.0,5662,Nehru Nagar
2026-03-29 17:30:00+00:00,48.3,73.0,29.2,46.7,2.73,241.0,5662,Nehru Nagar
2026-03-29 18:30:00+00:00,58.0,86.0,28.6,48.0,2.7,244.0,5662,Nehru Nagar
2026-03-29 19:30:00+00:00,55.5,82.5,28.1,49.0,2.7,226.0,5662,Nehru Nagar
2026-03-29 20:30:00+00:00,57.7,86.3,28.1,48.0,2.23,231.0,5662,Nehru Nagar
2026-03-29 21:30:00+00:00,63.0,95.0,27.9,48.5,2.13,219.0,5662,Nehru Nagar
2026-03-29 22:30:00+00:00,56.0,84.0,27.4,48.5,1.45,164.0,5662,Nehru Nagar
2026-03-29 23:30:00+00:00,41.3,62.0,26.9,49.0,1.27,123.0,5662,Nehru Nagar
2026-03-30 00:30:00+00:00,60.0,90.0,27.2,50.5,0.95,101.0,5662,Nehru Nagar
2026-03-30 01:30:00+00:00,81.7,122.0,29.2,45.3,1.17,132.0,5662,Nehru Nagar
2026-03-30 03:30:00+00:00,55.0,83.0,34.7,35.0,1.6,183.0,5662,Nehru Nagar
2026-03-30 04:30:00+00:00,50.3,75.7,37.0,31.7,1.37,135.0,5662,Nehru Nagar
2026-03-30 05:30:00+00:00,47.5,71.5,38.2,27.3,1.93,201.0,5662,Nehru Nagar
2026-03-30 06:30:00+00:00,44.0,66.0,38.5,24.5,2.4,278.0,5662,Nehru Nagar
2026-03-30 07:30:00+00:00,27.5,40.5,38.9,22.5,2.85,276.0,5662,Nehru Nagar
2026-03-30 08:30:00+00:00,47.0,70.0,38.8,19.5,3.38,268.0,5662,Nehru Nagar
2026-03-30 09:30:00+00:00,55.5,83.5,37.6,19.3,3.8,327.0,5662,Nehru Nagar
2026-03-30 10:30:00+00:00,22.0,33.0,37.4,18.8,3.3,331.0,5662,Nehru Nagar
2026-03-30 11:30:00+00:00,19.5,29.5,36.1,20.5,2.7,338.0,5662,Nehru Nagar
2026-03-30 12:30:00+00:00,24.0,37.0,33.8,24.3,2.2,339.0,5662,Nehru Nagar
2026-03-30 13:30:00+00:00,25.0,38.0,32.6,25.3,1.88,346.0,5662,Nehru Nagar
2026-03-30 14:30:00+00:00,27.0,41.0,31.7,27.3,1.75,345.0,5662,Nehru Nagar
2026-03-30 15:30:00+00:00,27.5,41.5,30.8,30.8,2.33,336.0,5662,Nehru Nagar
2026-03-30 16:30:00+00:00,29.5,43.5,29.7,36.3,2.23,334.0,5662,Nehru Nagar
2026-03-30 17:30:00+00:00,29.3,43.3,29.2,38.3,1.57,338.0,5662,Nehru Nagar
2026-03-30 18:30:00+00:00,35.0,53.0,28.6,39.0,2.7,303.0,5662,Nehru Nagar
2026-03-30 19:30:00+00:00,29.0,44.0,28.2,40.3,2.03,289.0,5662,Nehru Nagar
2026-03-30 20:30:00+00:00,22.0,33.0,27.7,40.0,1.73,272.0,5662,Nehru Nagar
2026-03-30 21:30:00+00:00,19.0,29.0,27.5,42.3,1.4,204.0,5662,Nehru Nagar
2026-03-30 22:30:00+00:00,22.0,34.0,26.9,45.0,2.68,289.0,5662,Nehru Nagar
2026-03-30 23:30:00+00:00,20.0,30.0,26.6,47.0,2.45,326.0,5662,Nehru Nagar
2026-03-31 00:30:00+00:00,18.0,27.0,26.3,46.8,2.13,340.0,5662,Nehru Nagar
2026-03-31 01:30:00+00:00,26.0,40.0,28.4,41.7,2.23,336.0,5662,Nehru Nagar
2026-03-31 02:30:00+00:00,27.3,41.3,30.2,38.0,3.03,323.0,5662,Nehru Nagar
2026-03-31 03:30:00+00:00,23.0,35.0,33.2,31.3,2.0,317.0,5662,Nehru Nagar
2026-03-31 04:30:00+00:00,44.5,67.5,35.4,27.5,2.05,290.0,5662,Nehru Nagar
2026-03-31 05:30:00+00:00,66.7,101.0,36.6,24.7,2.4,269.0,5662,Nehru Nagar
2026-03-31 06:30:00+00:00,103.0,156.0,36.9,24.0,3.4,300.0,5662,Nehru Nagar
2026-03-31 07:30:00+00:00,78.5,119.0,37.9,24.0,2.65,280.0,5662,Nehru Nagar
2026-03-31 08:30:00+00:00,25.5,38.5,38.0,24.3,2.38,262.0,5662,Nehru Nagar
2026-03-31 09:30:00+00:00,19.5,29.5,38.3,23.3,2.58,275.0,5662,Nehru Nagar
2026-03-31 10:30:00+00:00,15.5,23.5,37.8,24.0,1.73,294.0,5662,Nehru Nagar
2026-03-31 11:30:00+00:00,14.0,21.0,36.2,26.0,1.48,340.0,5662,Nehru Nagar
2026-03-31 12:30:00+00:00,16.0,24.7,33.9,30.3,0.467,243.0,5662,Nehru Nagar
2026-03-31 13:30:00+00:00,50.0,75.0,32.8,33.8,0.425,348.0,5662,Nehru Nagar
2026-03-31 14:30:00+00:00,83.0,124.0,32.0,37.8,0.45,228.0,5662,Nehru Nagar
2026-03-31 15:30:00+00:00,72.0,108.0,31.8,36.3,0.9,214.0,5662,Nehru Nagar
2026-03-31 16:30:00+00:00,47.5,71.5,31.0,37.5,2.23,274.0,5662,Nehru Nagar
2026-03-31 17:30:00+00:00,27.0,41.0,24.3,65.0,3.4,251.0,5662,Nehru Nagar
2026-03-31 18:30:00+00:00,15.0,23.0,24.1,68.0,2.25,218.0,5662,Nehru Nagar
2026-03-31 19:30:00+00:00,16.5,24.5,24.8,63.5,2.6,219.0,5662,Nehru Nagar
2026-03-31 20:30:00+00:00,20.0,29.0,25.0,60.8,2.3,221.0,5662,Nehru Nagar
2026-03-31 21:30:00+00:00,23.5,34.5,24.3,59.5,4.85,282.0,5662,Nehru Nagar
2026-03-31 22:30:00+00:00,21.7,32.3,21.9,70.3,3.4,209.0,5662,Nehru Nagar
2026-03-31 23:30:00+00:00,11.5,17.5,22.4,70.3,1.78,228.0,5662,Nehru Nagar
2026-04-01 00:30:00+00:00,8.5,12.5,23.5,65.5,2.05,197.0,5662,Nehru Nagar
2026-04-01 01:30:00+00:00,19.0,28.0,25.6,57.8,1.85,164.0,5662,Nehru Nagar
2026-04-01 02:30:00+00:00,24.5,36.5,28.6,46.3,2.1,159.0,5662,Nehru Nagar
2026-04-01 03:30:00+00:00,18.0,27.0,32.0,38.3,2.1,143.0,5662,Nehru Nagar
2026-04-01 04:30:00+00:00,14.7,21.3,34.8,31.0,2.27,151.0,5662,Nehru Nagar
2026-04-01 05:30:00+00:00,11.0,16.0,35.9,27.8,2.53,116.0,5662,Nehru Nagar
2026-04-01 06:30:00+00:00,8.5,12.5,36.5,28.5,2.25,125.0,5662,Nehru Nagar
2026-04-01 07:30:00+00:00,13.0,19.0,37.2,27.0,1.7,224.0,5662,Nehru Nagar
2026-04-01 08:30:00+00:00,15.0,22.0,37.6,27.3,1.75,210.0,5662,Nehru Nagar
2026-04-01 09:30:00+00:00,16.5,24.5,37.8,24.5,1.4,192.0,5662,Nehru Nagar
2026-04-01 10:30:00+00:00,17.0,26.0,37.2,25.3,0.95,261.0,5662,Nehru Nagar
2026-04-01 11:30:00+00:00,18.5,28.5,36.2,28.5,0.4,266.0,5662,Nehru Nagar
2026-04-01 12:30:00+00:00,28.0,42.0,33.2,37.0,1.23,273.0,5662,Nehru Nagar
2026-04-01 13:30:00+00:00,32.0,48.0,31.6,42.5,1.43,343.0,5662,Nehru Nagar
2026-04-01 14:30:00+00:00,28.0,42.0,30.8,43.3,1.1,341.0,5662,Nehru Nagar
2026-04-01 15:30:00+00:00,29.0,43.0,30.3,44.3,1.08,347.0,5662,Nehru Nagar
2026-04-01 16:30:00+00:00,34.0,51.0,29.1,48.8,0.3,349.0,5662,Nehru Nagar
2026-04-01 17:30:00+00:00,38.7,58.7,28.5,49.3,0.333,334.0,5662,Nehru Nagar
2026-04-01 18:30:00+00:00,43.0,65.0,28.0,54.0,0.4,304.0,5662,Nehru Nagar
2026-04-01 19:30:00+00:00,41.5,62.5,27.4,52.3,0.3,340.0,5662,Nehru Nagar
2026-04-01 20:30:00+00:00,38.0,57.0,27.0,53.3,0.35,324.0,5662,Nehru Nagar
2026-04-01 21:30:00+00:00,36.5,54.5,26.6,54.0,0.3,333.0,5662,Nehru Nagar
2026-04-01 22:30:00+00:00,33.3,49.3,26.2,53.0,0.3,348.0,5662,Nehru Nagar
2026-04-01 23:30:00+00:00,32.0,48.0,26.5,51.8,0.65,160.0,5662,Nehru Nagar
2026-04-02 00:30:00+00:00,64.7,96.7,27.1,55.7,0.367,69.0,5662,Nehru Nagar
2026-04-02 01:30:00+00:00,78.0,116.0,29.7,47.8,0.6,171.0,5662,Nehru Nagar
2026-04-02 02:30:00+00:00,75.0,112.0,32.3,38.3,0.95,198.0,5662,Nehru Nagar
2026-04-02 03:30:00+00:00,80.0,120.0,34.6,33.3,1.3,240.0,5662,Nehru Nagar
2026-04-02 04:30:00+00:00,84.0,126.0,36.6,28.8,1.33,171.0,5662,Nehru Nagar
2026-04-02 05:30:00+00:00,31.0,47.0,37.4,29.0,1.95,227.0,5662,Nehru Nagar
2026-04-02 06:30:00+00:00,36.5,54.5,38.1,27.5,2.53,279.0,5662,Nehru Nagar
2026-04-02 07:30:00+00:00,33.5,49.5,38.4,27.8,2.38,273.0,5662,Nehru Nagar
2026-04-02 08:30:00+00:00,24.0,36.0,38.7,26.5,2.85,302.0,5662,Nehru Nagar
2026-04-02 09:30:00+00:00,19.5,29.5,39.4,25.0,2.3,315.0,5662,Nehru Nagar
2026-04-02 10:30:00+00:00,13.5,20.5,38.7,25.0,2.6,336.0,5662,Nehru Nagar
2026-04-02 11:30:00+00:00,11.5,17.5,36.7,27.8,1.33,343.0,5662,Nehru Nagar
2026-04-02 12:30:00+00:00,23.5,35.5,34.4,34.5,0.9,286.0,5662,Nehru Nagar
2026-04-02 13:30:00+00:00,39.5,59.5,33.4,36.8,1.0,278.0,5662,Nehru Nagar
2026-04-02 14:30:00+00:00,48.0,72.0,32.7,38.8,0.75,272.0,5662,Nehru Nagar
2026-04-02 15:30:00+00:00,55.0,83.0,31.3,42.8,0.3,349.0,5662,Nehru Nagar
2026-04-02 16:30:00+00:00,60.7,92.0,30.6,46.0,0.3,349.0,5662,Nehru Nagar
2026-04-02 17:30:00+00:00,64.7,98.0,30.3,46.0,0.3,349.0,5662,Nehru Nagar
2026-04-02 18:30:00+00:00,63.0,95.0,29.7,48.5,0.3,349.0,5662,Nehru Nagar
2026-04-02 19:30:00+00:00,76.5,115.0,29.1,52.0,0.3,349.0,5662,Nehru Nagar
2026-04-02 20:30:00+00:00,96.0,143.0,28.6,55.3,0.3,349.0,5662,Nehru Nagar
2026-04-02 21:30:00+00:00,94.5,142.0,28.8,54.3,0.3,349.0,5662,Nehru Nagar
2026-04-02 22:30:00+00:00,92.5,139.0,28.6,54.3,0.425,308.0,5662,Nehru Nagar
2026-04-02 23:30:00+00:00,85.5,128.0,28.8,49.3,2.75,226.0,5662,Nehru Nagar
2026-04-03 00:30:00+00:00,47.0,70.0,28.1,44.8,3.63,239.0,5662,Nehru Nagar
2026-04-03 01:30:00+00:00,18.5,27.5,28.6,42.5,3.55,295.0,5662,Nehru Nagar
2026-04-03 02:30:00+00:00,22.0,33.0,30.6,37.8,1.53,302.0,5662,Nehru Nagar
2026-04-03 03:30:00+00:00,35.0,53.0,31.9,33.3,0.9,236.0,5662,Nehru Nagar
2026-04-03 04:30:00+00:00,60.0,90.0,33.5,33.5,0.575,252.0,5662,Nehru Nagar
2026-04-03 05:30:00+00:00,54.5,81.5,35.3,31.8,0.925,210.0,5662,Nehru Nagar
2026-04-03 06:30:00+00:00,21.5,32.5,36.7,28.8,2.38,219.0,5662,Nehru Nagar
2026-04-03 07:30:00+00:00,17.0,25.0,36.4,31.0,3.28,226.0,5662,Nehru Nagar
2026-04-03 08:30:00+00:00,17.5,25.5,37.8,26.3,2.18,269.0,5662,Nehru Nagar
2026-04-03 09:30:00+00:00,19.5,28.5,38.3,23.8,1.78,259.0,5662,Nehru Nagar
2026-04-03 10:30:00+00:00,22.0,32.0,38.3,22.7,1.2,268.0,5662,Nehru Nagar
2026-04-03 11:30:00+00:00,16.0,24.0,35.7,27.8,1.8,318.0,5662,Nehru Nagar
2026-04-03 12:30:00+00:00,21.0,32.0,33.6,31.5,1.3,345.0,5662,Nehru Nagar
2026-04-03 13:30:00+00:00,85.0,127.0,32.6,33.8,1.6,340.0,5662,Nehru Nagar
2026-04-03 14:30:00+00:00,94.0,140.0,31.5,40.0,0.9,274.0,5662,Nehru Nagar
2026-04-03 15:30:00+00:00,39.5,58.5,30.9,42.0,0.8,231.0,5662,Nehru Nagar
2026-04-03 16:30:00+00:00,46.5,69.5,30.5,43.5,0.35,283.0,5662,Nehru Nagar
2026-04-03 17:30:00+00:00,53.3,80.0,30.0,45.0,0.4,284.0,5662,Nehru Nagar
2026-04-03 18:30:00+00:00,51.0,77.0,29.4,47.0,3.2,325.0,5662,Nehru Nagar
2026-04-03 19:30:00+00:00,41.0,62.0,27.6,52.8,2.8,296.0,5662,Nehru Nagar
2026-04-03 20:30:00+00:00,32.0,48.0,26.7,55.8,1.95,278.0,5662,Nehru Nagar
2026-04-03 21:30:00+00:00,38.0,57.0,26.3,56.3,1.53,287.0,5662,Nehru Nagar
2026-04-03 22:30:00+00:00,37.0,56.0,25.9,57.3,1.13,236.0,5662,Nehru Nagar
2026-04-03 23:30:00+00:00,40.0,60.0,26.2,55.5,0.875,205.0,5662,Nehru Nagar
2026-04-04 00:30:00+00:00,46.0,69.0,26.5,56.0,1.28,95.3,5662,Nehru Nagar
2026-04-04 01:30:00+00:00,58.5,88.5,28.6,51.5,0.95,178.0,5662,Nehru Nagar
2026-04-04 02:30:00+00:00,54.7,82.0,30.9,43.7,1.63,224.0,5662,Nehru Nagar
2026-04-04 03:30:00+00:00,55.0,82.0,32.1,41.5,2.25,289.0,5662,Nehru Nagar
2026-04-04 04:30:00+00:00,65.0,97.0,33.3,38.0,2.5,296.0,5662,Nehru Nagar
2026-04-04 06:30:00+00:00,276.0,414.0,35.8,33.3,2.0,237.0,5662,Nehru Nagar
2026-04-04 07:30:00+00:00,156.0,234.0,36.5,31.8,2.08,292.0,5662,Nehru Nagar
2026-04-04 08:30:00+00:00,26.7,40.7,37.4,30.3,1.9,275.0,5662,Nehru Nagar
2026-04-04 09:30:00+00:00,24.0,37.0,36.2,29.0,1.6,269.0,5662,Nehru Nagar
2026-04-04 10:30:00+00:00,38.5,58.5,27.9,57.5,4.73,204.0,5662,Nehru Nagar
2026-04-04 11:30:00+00:00,51.0,77.0,22.2,89.3,4.18,251.0,5662,Nehru Nagar
2026-04-04 12:30:00+00:00,24.0,36.0,22.1,87.8,3.85,222.0,5662,Nehru Nagar
2026-04-04 13:30:00+00:00,22.0,32.7,23.2,86.7,2.5,234.0,5662,Nehru Nagar
2026-04-06 02:30:00+00:00,90.0,136.0,25.9,48.7,1.43,268.0,5662,Nehru Nagar
2026-04-06 03:30:00+00:00,57.0,86.0,28.8,40.0,1.45,223.0,5662,Nehru Nagar
2026-04-06 04:30:00+00:00,13.0,20.0,30.6,36.8,1.93,276.0,5662,Nehru Nagar
2026-04-06 05:30:00+00:00,2.0,4.0,31.8,36.3,2.07,272.0,5662,Nehru Nagar
2026-04-06 08:30:00+00:00,18.0,28.0,33.8,28.7,2.37,309.0,5662,Nehru Nagar
2026-04-06 09:30:00+00:00,11.5,17.5,33.9,27.0,2.68,311.0,5662,Nehru Nagar
2026-04-06 10:30:00+00:00,13.7,21.0,33.8,27.0,1.8,328.0,5662,Nehru Nagar
2026-04-06 11:30:00+00:00,18.0,28.0,32.5,29.7,1.13,341.0,5662,Nehru Nagar
2026-04-06 15:30:00+00:00,118.0,177.0,26.4,57.0,0.3,101.0,5662,Nehru Nagar
2026-04-06 16:30:00+00:00,116.0,174.0,25.6,60.5,0.3,101.0,5662,Nehru Nagar
2026-04-06 17:30:00+00:00,108.0,162.0,25.3,60.7,0.3,101.0,5662,Nehru Nagar
2026-04-06 19:30:00+00:00,22.0,34.0,25.7,52.5,0.3,93.0,5662,Nehru Nagar
2026-04-06 20:30:00+00:00,32.0,49.0,25.6,56.3,0.325,112.0,5662,Nehru Nagar
2026-04-06 21:30:00+00:00,54.5,82.5,25.1,59.3,0.6,253.0,5662,Nehru Nagar
2026-04-06 22:30:00+00:00,111.0,167.0,24.3,62.3,0.5,288.0,5662,Nehru Nagar
2026-04-06 23:30:00+00:00,112.0,168.0,23.8,65.0,0.425,287.0,5662,Nehru Nagar
2026-04-07 00:30:00+00:00,95.5,144.0,25.1,54.5,1.65,242.0,5662,Nehru Nagar
2026-04-07 01:30:00+00:00,97.5,147.0,26.9,46.5,0.825,260.0,5662,Nehru Nagar
2026-04-07 02:30:00+00:00,59.5,88.5,29.1,43.0,1.18,257.0,5662,Nehru Nagar
2026-04-07 03:30:00+00:00,40.5,60.5,30.9,36.5,2.15,214.0,5662,Nehru Nagar
2026-04-07 04:30:00+00:00,28.5,42.5,32.4,32.8,2.5,222.0,5662,Nehru Nagar
2026-04-07 05:30:00+00:00,25.0,37.0,33.9,29.7,1.57,215.0,5662,Nehru Nagar
2026-04-07 06:30:00+00:00,25.0,38.3,34.8,26.0,2.0,195.0,5662,Nehru Nagar
2026-04-07 07:30:00+00:00,22.0,34.0,35.0,25.3,2.1,218.0,5662,Nehru Nagar
2026-04-07 15:30:00+00:00,16.5,24.5,22.6,67.5,1.78,205.0,5662,Nehru Nagar
2026-04-07 16:30:00+00:00,23.0,35.0,23.3,62.3,1.95,201.0,5662,Nehru Nagar
2026-04-07 17:30:00+00:00,29.0,43.7,23.9,57.7,2.63,233.0,5662,Nehru Nagar
2026-04-07 20:30:00+00:00,23.0,35.0,21.8,69.0,1.15,251.0,5662,Nehru Nagar
2026-04-07 21:30:00+00:00,22.5,34.5,21.0,76.3,1.4,279.0,5662,Nehru Nagar
2026-04-07 22:30:00+00:00,22.0,34.0,20.6,80.5,0.95,298.0,5662,Nehru Nagar
2026-04-07 23:30:00+00:00,20.0,30.0,20.5,81.0,1.23,166.0,5662,Nehru Nagar
2026-04-08 00:30:00+00:00,14.0,20.0,20.3,78.8,2.23,136.0,5662,Nehru Nagar
2026-04-08 01:30:00+00:00,14.0,20.7,21.1,77.7,1.37,75.0,5662,Nehru Nagar
2026-04-08 02:30:00+00:00,22.0,34.0,22.4,72.0,2.15,84.0,5662,Nehru Nagar
2026-04-08 08:30:00+00:00,13.0,19.0,27.3,54.0,3.4,219.0,5662,Nehru Nagar
2026-04-08 09:30:00+00:00,20.5,30.5,28.3,51.5,2.78,219.0,5662,Nehru Nagar
2026-04-08 10:30:00+00:00,28.0,42.0,27.9,50.0,2.78,208.0,5662,Nehru Nagar
2026-04-08 11:30:00+00:00,29.0,43.0,27.0,53.8,1.78,212.0,5662,Nehru Nagar
2026-04-08 12:30:00+00:00,34.5,51.5,26.3,56.0,1.58,216.0,5662,Nehru Nagar
2026-04-08 13:30:00+00:00,43.0,64.0,24.7,63.0,3.1,216.0,5662,Nehru Nagar
2026-04-08 14:30:00+00:00,34.5,51.5,22.5,66.3,3.65,224.0,5662,Nehru Nagar
2026-04-08 15:30:00+00:00,26.5,39.5,21.8,69.5,3.18,209.0,5662,Nehru Nagar
2026-04-08 16:30:00+00:00,28.0,41.0,21.2,70.8,2.8,209.0,5662,Nehru Nagar
2026-04-08 17:30:00+00:00,18.0,27.0,21.2,64.5,2.15,245.0,5662,Nehru Nagar
2026-04-08 20:30:00+00:00,23.0,35.0,20.0,74.0,2.08,208.0,5662,Nehru Nagar
2026-04-08 21:30:00+00:00,23.0,35.0,20.2,74.3,2.3,244.0,5662,Nehru Nagar
2026-04-08 22:30:00+00:00,49.0,73.0,19.9,76.0,0.775,202.0,5662,Nehru Nagar
2026-04-08 23:30:00+00:00,39.5,58.5,19.7,77.8,0.825,284.0,5662,Nehru Nagar
2026-04-09 00:30:00+00:00,43.0,64.0,20.2,78.8,1.0,208.0,5662,Nehru Nagar
2026-04-09 01:30:00+00:00,56.0,84.0,21.9,74.5,1.05,232.0,5662,Nehru Nagar
2026-04-09 02:30:00+00:00,44.0,66.0,25.0,59.5,1.18,207.0,5662,Nehru Nagar
2026-04-09 03:30:00+00:00,45.5,68.5,27.4,52.8,1.5,173.0,5662,Nehru Nagar
2026-04-09 04:30:00+00:00,47.0,71.0,29.1,46.0,1.78,199.0,5662,Nehru Nagar
2026-04-09 05:30:00+00:00,26.0,40.0,29.7,42.3,2.13,273.0,5662,Nehru Nagar
2026-04-09 08:30:00+00:00,18.0,28.0,31.5,29.0,3.55,290.0,5662,Nehru Nagar
2026-04-09 09:30:00+00:00,18.0,28.0,31.8,28.0,3.15,294.0,5662,Nehru Nagar
2026-04-09 11:30:00+00:00,16.0,24.0,29.9,32.5,1.85,340.0,5662,Nehru Nagar
2026-04-09 12:30:00+00:00,16.0,24.0,27.9,38.0,0.7,349.0,5662,Nehru Nagar
2026-04-09 13:30:00+00:00,56.0,84.0,27.1,40.5,0.575,349.0,5662,Nehru Nagar
2026-04-09 14:30:00+00:00,47.0,71.0,26.6,41.3,0.975,348.0,5662,Nehru Nagar
2026-04-09 15:30:00+00:00,44.0,66.0,25.9,42.8,0.675,349.0,5662,Nehru Nagar
2026-04-09 16:30:00+00:00,44.5,66.5,25.2,43.8,0.775,347.0,5662,Nehru Nagar
2026-04-09 17:30:00+00:00,40.0,60.7,24.8,43.7,1.03,349.0,5662,Nehru Nagar
2026-04-09 19:30:00+00:00,38.0,58.0,23.4,48.8,0.4,349.0,5662,Nehru Nagar
2026-04-09 20:30:00+00:00,38.0,58.0,23.0,52.0,0.367,74.0,5662,Nehru Nagar
2026-04-09 21:30:00+00:00,65.0,97.0,22.5,56.3,0.4,161.0,5662,Nehru Nagar
2026-04-09 22:30:00+00:00,65.0,97.0,21.8,58.3,0.5,348.0,5662,Nehru Nagar
2026-04-09 23:30:00+00:00,63.0,95.0,21.6,57.8,0.775,236.0,5662,Nehru Nagar
2026-04-10 00:30:00+00:00,159.0,238.0,22.8,53.8,1.5,303.0,5662,Nehru Nagar
2026-04-10 01:30:00+00:00,254.0,380.0,24.9,46.8,2.3,284.0,5662,Nehru Nagar
2026-04-10 02:30:00+00:00,30.0,46.0,26.8,42.3,2.85,282.0,5662,Nehru Nagar
2026-04-10 03:30:00+00:00,31.3,47.3,28.5,37.7,3.43,294.0,5662,Nehru Nagar
2026-04-10 04:30:00+00:00,32.0,48.0,30.1,33.8,4.03,306.0,5662,Nehru Nagar
2026-04-10 09:30:00+00:00,16.0,24.0,33.4,21.8,4.15,307.0,5662,Nehru Nagar
2026-04-10 10:30:00+00:00,154.0,231.0,32.9,20.8,4.4,322.0,5662,Nehru Nagar
2026-04-10 11:30:00+00:00,161.0,241.0,31.7,23.0,3.43,333.0,5662,Nehru Nagar
2026-04-10 12:30:00+00:00,30.0,44.0,29.9,27.3,2.13,332.0,5662,Nehru Nagar
2026-04-10 13:30:00+00:00,24.0,36.0,28.6,30.3,1.35,336.0,5662,Nehru Nagar
2026-04-10 14:30:00+00:00,33.0,50.0,28.1,31.8,1.13,249.0,5662,Nehru Nagar
2026-04-10 15:30:00+00:00,222.0,334.0,27.4,33.0,1.13,231.0,5662,Nehru Nagar
2026-04-10 16:30:00+00:00,218.0,327.0,26.8,34.3,0.85,175.0,5662,Nehru Nagar
2026-04-10 17:30:00+00:00,34.0,50.0,26.3,35.7,0.9,222.0,5662,Nehru Nagar
2026-04-10 20:30:00+00:00,21.0,31.0,25.2,37.5,3.0,326.0,5662,Nehru Nagar
2026-04-10 21:30:00+00:00,21.0,31.0,24.5,39.0,2.33,327.0,5662,Nehru Nagar
2026-04-10 22:30:00+00:00,30.0,46.0,24.1,39.7,2.33,318.0,5662,Nehru Nagar
2026-04-10 23:30:00+00:00,30.0,46.0,23.9,40.3,2.18,336.0,5662,Nehru Nagar
2026-04-11 00:30:00+00:00,43.5,65.5,24.6,40.5,1.6,308.0,5662,Nehru Nagar
2026-04-11 01:30:00+00:00,57.0,85.0,26.6,38.0,1.88,277.0,5662,Nehru Nagar
2026-04-11 04:30:00+00:00,22.0,34.0,32.6,27.5,4.5,322.0,5662,Nehru Nagar
2026-04-11 05:30:00+00:00,31.0,47.0,33.7,25.3,5.1,309.0,5662,Nehru Nagar
2026-04-11 06:30:00+00:00,40.0,60.0,34.6,23.5,4.65,320.0,5662,Nehru Nagar
2026-04-11 08:30:00+00:00,46.0,70.0,35.4,22.5,4.43,315.0,5662,Nehru Nagar
2026-04-11 09:30:00+00:00,39.0,59.0,35.6,20.8,3.88,307.0,5662,Nehru Nagar
2026-04-11 10:30:00+00:00,30.5,45.5,35.4,21.3,3.25,327.0,5662,Nehru Nagar
2026-04-11 11:30:00+00:00,21.5,31.5,34.0,24.5,2.08,344.0,5662,Nehru Nagar
2026-04-11 12:30:00+00:00,55.5,82.5,31.8,29.0,0.45,348.0,5662,Nehru Nagar
2026-04-11 13:30:00+00:00,105.0,157.0,30.8,32.0,0.325,207.0,5662,Nehru Nagar
2026-04-11 14:30:00+00:00,126.0,188.0,29.9,34.3,0.425,235.0,5662,Nehru Nagar
2026-04-11 15:30:00+00:00,138.0,206.0,28.8,37.5,0.3,349.0,5662,Nehru Nagar
2026-04-11 17:30:00+00:00,84.0,126.0,27.8,38.7,0.3,349.0,5662,Nehru Nagar
2026-04-11 18:30:00+00:00,102.0,152.0,26.8,47.5,0.3,34.0,5662,Nehru Nagar
2026-04-11 19:30:00+00:00,89.5,134.0,26.4,45.5,0.3,312.0,5662,Nehru Nagar
2026-04-11 20:30:00+00:00,61.5,92.5,26.1,46.8,0.3,217.0,5662,Nehru Nagar
2026-04-11 21:30:00+00:00,69.0,104.0,25.5,50.8,0.3,349.0,5662,Nehru Nagar
2026-04-11 22:30:00+00:00,107.0,161.0,25.2,47.8,0.35,45.8,5662,Nehru Nagar
2026-04-11 23:30:00+00:00,122.0,184.0,24.9,45.5,0.35,177.0,5662,Nehru Nagar
2026-04-12 00:30:00+00:00,90.0,136.0,25.9,43.3,0.367,243.0,5662,Nehru Nagar
2026-04-12 01:30:00+00:00,90.0,136.0,28.1,36.5,1.18,256.0,5662,Nehru Nagar
2026-04-12 02:30:00+00:00,59.0,89.0,30.4,35.3,1.28,279.0,5662,Nehru Nagar
2026-04-12 03:30:00+00:00,58.5,88.5,32.7,32.0,1.18,249.0,5662,Nehru Nagar
2026-04-12 04:30:00+00:00,50.5,76.5,34.8,26.3,1.45,282.0,5662,Nehru Nagar
2026-04-12 05:30:00+00:00,34.5,52.5,36.2,21.8,1.75,248.0,5662,Nehru Nagar
2026-04-12 06:30:00+00:00,26.0,40.0,37.2,21.8,1.7,226.0,5662,Nehru Nagar
2026-04-12 07:30:00+00:00,30.0,44.0,37.4,21.5,2.65,264.0,5662,Nehru Nagar
2026-04-12 08:30:00+00:00,28.0,41.3,37.8,21.3,2.43,290.0,5662,Nehru Nagar
2026-04-12 09:30:00+00:00,24.0,36.0,37.7,21.3,2.85,292.0,5662,Nehru Nagar
2026-04-12 10:30:00+00:00,40.0,60.0,36.7,22.0,3.33,328.0,5662,Nehru Nagar
2026-04-12 11:30:00+00:00,52.5,78.5,35.4,22.5,3.08,328.0,5662,Nehru Nagar
2026-04-12 12:30:00+00:00,54.5,81.5,33.4,26.0,1.55,347.0,5662,Nehru Nagar
2026-04-12 13:30:00+00:00,44.0,66.0,31.9,31.0,1.0,348.0,5662,Nehru Nagar
2026-04-12 15:30:00+00:00,58.0,88.0,29.7,34.8,1.6,344.0,5662,Nehru Nagar
2026-04-12 16:30:00+00:00,32.0,49.0,29.2,32.5,1.5,345.0,5662,Nehru Nagar
2026-04-12 17:30:00+00:00,21.7,33.0,28.3,35.3,1.4,347.0,5662,Nehru Nagar
2026-04-12 19:30:00+00:00,32.0,48.0,26.6,38.0,1.7,348.0,5662,Nehru Nagar
2026-04-12 20:30:00+00:00,34.0,51.0,26.3,38.0,1.83,340.0,5662,Nehru Nagar
2026-04-12 21:30:00+00:00,23.0,34.0,26.0,39.5,1.83,343.0,5662,Nehru Nagar
2026-04-12 22:30:00+00:00,10.0,14.0,25.4,41.5,1.4,341.0,5662,Nehru Nagar
2026-04-12 23:30:00+00:00,40.0,60.0,24.9,43.0,1.28,341.0,5662,Nehru Nagar
2026-04-13 00:30:00+00:00,43.0,65.0,26.6,41.3,0.6,294.0,5662,Nehru Nagar
2026-04-13 01:30:00+00:00,39.5,59.5,30.2,34.0,0.5,249.0,5662,Nehru Nagar
2026-04-13 02:30:00+00:00,33.0,49.0,31.4,29.8,1.65,318.0,5662,Nehru Nagar
2026-04-13 03:30:00+00:00,24.0,36.0,33.2,24.3,1.83,313.0,5662,Nehru Nagar
2026-04-13 04:30:00+00:00,21.5,32.5,34.8,18.5,2.53,282.0,5662,Nehru Nagar
2026-04-13 05:30:00+00:00,19.0,29.0,35.1,19.7,3.97,301.0,5662,Nehru Nagar
2026-04-13 06:30:00+00:00,22.0,32.0,36.3,18.0,3.93,315.0,5662,Nehru Nagar
2026-04-13 07:30:00+00:00,22.0,32.0,36.6,17.5,4.5,319.0,5662,Nehru Nagar
2026-04-13 08:30:00+00:00,10.0,14.0,37.2,17.0,3.45,330.0,5662,Nehru Nagar
2026-04-13 09:30:00+00:00,10.0,14.0,37.1,17.0,3.6,325.0,5662,Nehru Nagar
2026-04-13 10:30:00+00:00,15.0,23.0,36.6,18.0,3.2,325.0,5662,Nehru Nagar
2026-04-13 11:30:00+00:00,15.0,23.0,35.3,19.3,2.3,342.0,5662,Nehru Nagar
2026-04-13 12:30:00+00:00,10.0,14.0,33.2,22.7,0.967,348.0,5662,Nehru Nagar
2026-04-13 13:30:00+00:00,10.0,14.0,32.0,25.0,0.9,348.0,5662,Nehru Nagar
2026-04-13 14:30:00+00:00,98.0,146.0,30.6,28.0,0.35,349.0,5662,Nehru Nagar
2026-04-13 15:30:00+00:00,98.0,146.0,29.6,30.0,0.325,348.0,5662,Nehru Nagar
2026-04-13 18:30:00+00:00,53.0,79.0,27.9,30.5,0.7,302.0,5662,Nehru Nagar
2026-04-13 19:30:00+00:00,53.0,79.0,26.9,37.8,0.3,88.0,5662,Nehru Nagar
2026-04-13 20:30:00+00:00,35.0,53.0,26.7,36.8,0.3,65.0,5662,Nehru Nagar
2026-04-13 21:30:00+00:00,35.0,53.0,26.1,38.5,0.3,37.5,5662,Nehru Nagar
2026-04-13 22:30:00+00:00,145.0,217.0,25.4,39.3,0.3,285.0,5662,Nehru Nagar
2026-04-13 23:30:00+00:00,394.0,217.0,24.5,41.8,0.3,350.0,5662,Nehru Nagar
2026-04-14 00:30:00+00:00,643.0,,27.0,36.3,0.3,330.0,5662,Nehru Nagar
2026-04-14 04:30:00+00:00,22.0,32.0,37.1,19.5,1.75,262.0,5662,Nehru Nagar
2026-04-14 05:30:00+00:00,25.5,37.5,38.2,18.0,1.73,238.0,5662,Nehru Nagar
2026-04-14 06:30:00+00:00,32.0,48.0,38.9,16.8,2.28,252.0,5662,Nehru Nagar
2026-04-14 07:30:00+00:00,24.5,36.5,39.2,16.0,2.8,310.0,5662,Nehru Nagar
2026-04-14 08:30:00+00:00,14.0,20.0,39.3,15.8,3.43,310.0,5662,Nehru Nagar
2026-04-14 10:30:00+00:00,26.0,38.0,38.5,19.0,1.9,272.0,5662,Nehru Nagar
2026-04-14 15:30:00+00:00,139.0,209.0,30.1,37.3,0.3,97.0,5662,Nehru Nagar
2026-04-14 16:30:00+00:00,110.0,164.0,29.8,33.3,0.3,98.0,5662,Nehru Nagar
2026-04-14 17:30:00+00:00,110.0,164.0,30.1,36.0,0.3,57.7,5662,Nehru Nagar
2026-04-14 20:30:00+00:00,104.0,156.0,27.8,44.8,0.3,10.0,5662,Nehru Nagar
2026-04-14 21:30:00+00:00,119.0,179.0,27.9,46.5,0.3,26.8,5662,Nehru Nagar
2026-04-14 22:30:00+00:00,131.0,197.0,27.8,40.8,0.425,57.0,5662,Nehru Nagar
2026-04-14 23:30:00+00:00,127.0,191.0,27.7,35.3,0.725,132.0,5662,Nehru Nagar
2026-04-15 01:30:00+00:00,115.0,173.0,31.1,30.3,0.55,266.0,5662,Nehru Nagar
2026-04-15 02:30:00+00:00,115.0,173.0,33.6,28.3,0.9,274.0,5662,Nehru Nagar
2026-04-15 03:30:00+00:00,76.0,114.0,35.7,24.7,1.57,334.0,5662,Nehru Nagar
2026-04-15 04:30:00+00:00,203.0,304.0,37.3,22.5,1.38,272.0,5662,Nehru Nagar
2026-04-15 05:30:00+00:00,330.0,494.0,38.7,20.3,1.58,254.0,5662,Nehru Nagar
2026-04-15 06:30:00+00:00,30.0,44.0,39.6,18.5,1.73,266.0,5662,Nehru Nagar
2026-04-15 07:30:00+00:00,30.0,44.0,40.3,18.0,1.78,268.0,5662,Nehru Nagar
2026-04-15 08:30:00+00:00,33.0,49.0,40.2,18.0,2.53,280.0,5662,Nehru Nagar
2026-04-15 09:30:00+00:00,33.0,49.0,39.9,18.0,2.33,284.0,5662,Nehru Nagar
2026-04-15 10:30:00+00:00,27.0,41.0,39.0,18.0,2.03,286.0,5662,Nehru Nagar
2026-04-15 11:30:00+00:00,27.0,41.0,37.4,19.5,1.4,283.0,5662,Nehru Nagar
2026-04-15 13:30:00+00:00,42.0,64.0,34.0,23.8,0.7,349.0,5662,Nehru Nagar
2026-04-15 14:30:00+00:00,42.0,64.0,33.0,27.0,0.575,254.0,5662,Nehru Nagar
2026-04-15 15:30:00+00:00,93.0,139.0,31.8,29.0,0.375,344.0,5662,Nehru Nagar
2026-04-15 16:30:00+00:00,93.0,139.0,31.4,26.5,0.525,299.0,5662,Nehru Nagar
2026-04-15 17:30:00+00:00,35.0,53.0,31.3,24.3,0.433,239.0,5662,Nehru Nagar
2026-04-15 19:30:00+00:00,29.0,43.0,29.5,30.0,0.3,349.0,5662,Nehru Nagar
2026-04-15 21:30:00+00:00,55.0,83.0,28.2,33.0,0.3,41.0,5662,Nehru Nagar
2026-04-16 00:30:00+00:00,98.0,146.0,28.5,38.0,0.3,41.7,5662,Nehru Nagar
2026-04-16 01:30:00+00:00,116.0,174.0,31.1,34.8,0.85,267.0,5662,Nehru Nagar
2026-04-16 02:30:00+00:00,112.0,169.0,34.1,27.0,0.875,303.0,5662,Nehru Nagar
2026-04-16 03:30:00+00:00,90.0,136.0,37.4,20.0,0.833,130.0,5662,Nehru Nagar
2026-04-16 05:30:00+00:00,59.0,89.0,40.5,15.0,1.25,245.0,5662,Nehru Nagar
2026-04-16 06:30:00+00:00,69.0,104.0,41.0,12.3,2.1,257.0,5662,Nehru Nagar
2026-04-16 07:30:00+00:00,68.0,102.0,41.1,12.0,2.27,264.0,5662,Nehru Nagar
2026-04-16 16:30:00+00:00,122.0,182.0,30.5,33.0,0.3,349.0,5662,Nehru Nagar
2026-04-16 17:30:00+00:00,99.0,149.0,30.8,34.7,0.633,301.0,5662,Nehru Nagar
2026-04-16 18:30:00+00:00,99.0,149.0,29.8,36.0,0.3,350.0,5662,Nehru Nagar
2026-04-16 19:30:00+00:00,99.0,149.0,29.7,38.8,0.3,350.0,5662,Nehru Nagar
2026-04-16 20:30:00+00:00,99.0,149.0,29.0,39.5,0.3,350.0,5662,Nehru Nagar
2026-04-16 21:30:00+00:00,99.0,149.0,28.5,40.3,0.3,350.0,5662,Nehru Nagar
2026-04-16 22:30:00+00:00,99.0,149.0,27.8,43.0,0.3,228.0,5662,Nehru Nagar
2026-04-16 23:30:00+00:00,99.0,149.0,28.0,42.8,0.45,79.3,5662,Nehru Nagar
2026-04-17 00:30:00+00:00,99.0,149.0,30.0,33.5,0.8,63.5,5662,Nehru Nagar
2026-04-17 01:30:00+00:00,99.0,149.0,31.4,27.3,0.725,140.0,5662,Nehru Nagar
2026-04-17 02:30:00+00:00,99.0,149.0,34.5,20.7,0.833,79.3,5662,Nehru Nagar
2026-04-17 03:30:00+00:00,99.0,149.0,37.9,18.7,0.867,145.0,5662,Nehru Nagar
2026-04-17 04:30:00+00:00,99.0,149.0,39.8,16.3,1.03,160.0,5662,Nehru Nagar
2026-04-17 05:30:00+00:00,46.0,70.0,41.2,15.3,1.25,218.0,5662,Nehru Nagar
2026-04-17 06:30:00+00:00,40.0,60.0,41.5,15.5,1.7,270.0,5662,Nehru Nagar
2026-04-17 07:30:00+00:00,30.0,44.0,41.2,16.3,2.53,244.0,5662,Nehru Nagar
2026-04-17 08:30:00+00:00,26.0,38.0,41.7,16.0,2.07,258.0,5662,Nehru Nagar
2026-04-17 09:30:00+00:00,25.7,37.7,41.3,17.7,2.13,294.0,5662,Nehru Nagar
2026-04-17 12:30:00+00:00,109.0,163.0,35.0,29.5,0.3,205.0,5662,Nehru Nagar
2026-04-17 13:30:00+00:00,97.0,145.0,34.5,28.0,0.375,242.0,5662,Nehru Nagar
2026-04-17 14:30:00+00:00,83.0,124.0,33.8,29.5,0.525,177.0,5662,Nehru Nagar
2026-04-17 15:30:00+00:00,81.5,123.0,33.2,29.5,0.65,155.0,5662,Nehru Nagar
2026-04-17 16:30:00+00:00,72.0,108.0,32.8,29.3,1.08,191.0,5662,Nehru Nagar
2026-04-17 17:30:00+00:00,53.5,79.5,32.4,28.0,0.65,219.0,5662,Nehru Nagar
2026-04-17 19:30:00+00:00,50.0,76.0,30.6,34.0,2.35,259.0,5662,Nehru Nagar
2026-04-17 20:30:00+00:00,45.5,68.5,30.1,34.5,1.5,311.0,5662,Nehru Nagar
2026-04-17 21:30:00+00:00,41.5,61.5,29.2,36.3,0.6,255.0,5662,Nehru Nagar
2026-04-17 22:30:00+00:00,35.5,52.5,28.8,38.3,0.375,206.0,5662,Nehru Nagar
2026-04-17 23:30:00+00:00,27.5,40.5,28.3,38.3,0.3,350.0,5662,Nehru Nagar
2026-04-18 00:30:00+00:00,45.5,67.5,29.4,38.0,0.625,176.0,5662,Nehru Nagar
2026-04-18 01:30:00+00:00,73.0,109.0,31.0,34.0,1.1,104.0,5662,Nehru Nagar
2026-04-18 02:30:00+00:00,75.3,113.0,33.1,30.7,1.2,115.0,5662,Nehru Nagar
2026-04-18 03:30:00+00:00,58.5,87.5,36.1,28.0,1.15,95.3,5662,Nehru Nagar
2026-04-18 04:30:00+00:00,45.5,67.5,38.3,21.3,1.18,199.0,5662,Nehru Nagar
2026-04-18 05:30:00+00:00,38.0,56.0,39.1,19.3,1.7,227.0,5662,Nehru Nagar
2026-04-18 06:30:00+00:00,38.0,56.0,40.2,21.5,2.6,329.0,5662,Nehru Nagar
2026-04-18 07:30:00+00:00,38.0,56.0,41.1,20.3,1.9,255.0,5662,Nehru Nagar
2026-04-18 09:30:00+00:00,36.0,54.0,41.9,19.0,2.07,323.0,5662,Nehru Nagar
2026-04-18 11:30:00+00:00,23.3,34.7,39.0,23.3,1.53,340.0,5662,Nehru Nagar
2026-04-18 12:30:00+00:00,25.5,38.5,36.9,27.8,0.7,324.0,5662,Nehru Nagar
2026-04-18 13:30:00+00:00,30.0,46.0,35.8,29.5,0.6,344.0,5662,Nehru Nagar
2026-04-18 15:30:00+00:00,28.0,42.0,34.3,31.0,1.0,328.0,5662,Nehru Nagar
2026-04-18 16:30:00+00:00,36.5,54.5,33.6,32.8,0.5,301.0,5662,Nehru Nagar
2026-04-18 17:30:00+00:00,46.3,69.0,32.9,34.3,0.433,286.0,5662,Nehru Nagar
2026-04-18 19:30:00+00:00,26.0,38.0,31.6,36.0,0.3,132.0,5662,Nehru Nagar
2026-04-18 20:30:00+00:00,35.5,52.5,31.1,38.8,0.35,271.0,5662,Nehru Nagar
2026-04-18 21:30:00+00:00,65.5,98.5,30.2,41.8,0.5,284.0,5662,Nehru Nagar
2026-04-18 22:30:00+00:00,99.5,150.0,29.9,41.3,0.3,122.0,5662,Nehru Nagar
2026-04-18 23:30:00+00:00,94.5,142.0,29.9,38.0,0.725,150.0,5662,Nehru Nagar
2026-04-19 00:30:00+00:00,84.0,126.0,30.1,39.5,1.03,189.0,5662,Nehru Nagar
2026-04-19 01:30:00+00:00,98.0,147.0,33.0,33.7,0.8,266.0,5662,Nehru Nagar
2026-04-19 02:30:00+00:00,98.5,148.0,35.5,30.8,1.0,215.0,5662,Nehru Nagar
2026-04-19 03:30:00+00:00,85.0,128.0,37.3,27.8,1.48,295.0,5662,Nehru Nagar
2026-04-19 04:30:00+00:00,69.0,104.0,39.8,26.0,1.45,272.0,5662,Nehru Nagar
2026-04-19 05:30:00+00:00,47.0,70.0,41.0,21.0,2.2,280.0,5662,Nehru Nagar
2026-04-19 06:30:00+00:00,31.3,46.7,41.9,20.3,2.37,284.0,5662,Nehru Nagar
2026-04-19 07:30:00+00:00,35.0,53.0,42.3,17.8,3.28,320.0,5662,Nehru Nagar
2026-04-19 08:30:00+00:00,31.5,47.5,42.6,16.5,3.25,302.0,5662,Nehru Nagar
2026-04-19 09:30:00+00:00,26.3,39.7,42.4,17.7,2.8,290.0,5662,Nehru Nagar
2026-04-19 10:30:00+00:00,29.0,43.0,41.5,20.0,1.7,280.0,5662,Nehru Nagar
2026-04-19 11:30:00+00:00,47.5,71.5,39.9,22.0,1.0,307.0,5662,Nehru Nagar
2026-04-19 12:30:00+00:00,42.0,62.7,37.1,25.3,0.433,258.0,5662,Nehru Nagar
2026-04-19 13:30:00+00:00,60.5,90.5,35.3,31.3,0.3,105.0,5662,Nehru Nagar
2026-04-19 14:30:00+00:00,92.0,138.0,34.2,34.5,0.3,104.0,5662,Nehru Nagar
2026-04-19 15:30:00+00:00,112.0,168.0,33.5,36.3,0.35,177.0,5662,Nehru Nagar
2026-04-19 16:30:00+00:00,105.0,158.0,33.8,34.3,0.5,349.0,5662,Nehru Nagar
2026-04-19 17:30:00+00:00,86.0,129.0,33.4,35.3,0.567,348.0,5662,Nehru Nagar
2026-04-19 18:30:00+00:00,65.0,97.0,32.6,35.0,0.6,350.0,5662,Nehru Nagar
2026-04-19 19:30:00+00:00,59.5,89.5,32.2,33.5,0.475,350.0,5662,Nehru Nagar
2026-04-19 20:30:00+00:00,45.3,68.0,31.3,37.0,0.333,350.0,5662,Nehru Nagar
2026-04-19 21:30:00+00:00,41.0,61.0,30.8,37.7,0.333,350.0,5662,Nehru Nagar
2026-04-19 22:30:00+00:00,41.0,61.0,30.4,37.5,0.775,350.0,5662,Nehru Nagar
2026-04-19 23:30:00+00:00,41.0,61.0,29.8,37.0,0.825,350.0,5662,Nehru Nagar
2026-04-20 00:30:00+00:00,41.0,61.0,31.1,38.5,0.475,182.0,5662,Nehru Nagar
2026-04-20 01:30:00+00:00,41.0,61.0,33.3,35.0,1.13,270.0,5662,Nehru Nagar
2026-04-20 02:30:00+00:00,41.0,61.0,35.5,30.3,1.43,305.0,5662,Nehru Nagar
2026-04-20 03:30:00+00:00,41.0,61.0,37.3,27.0,1.4,186.0,5662,Nehru Nagar
2026-04-20 04:30:00+00:00,53.0,79.0,40.3,21.3,1.77,239.0,5662,Nehru Nagar
2026-04-20 07:30:00+00:00,36.0,54.0,42.1,16.0,2.95,291.0,5662,Nehru Nagar
2026-04-20 08:30:00+00:00,41.5,62.5,42.3,15.0,3.48,300.0,5662,Nehru Nagar
2026-04-20 09:30:00+00:00,39.0,59.0,42.3,14.5,3.58,291.0,5662,Nehru Nagar
2026-04-20 10:30:00+00:00,30.0,44.7,41.7,14.3,3.63,304.0,5662,Nehru Nagar
2026-04-20 11:30:00+00:00,20.0,30.0,38.1,21.0,1.4,349.0,5662,Nehru Nagar
2026-04-20 12:30:00+00:00,18.5,27.5,37.1,21.5,1.03,349.0,5662,Nehru Nagar
2026-04-20 13:30:00+00:00,21.5,32.5,36.1,24.0,0.875,349.0,5662,Nehru Nagar
2026-04-20 14:30:00+00:00,33.7,51.0,35.3,25.0,1.2,349.0,5662,Nehru Nagar
2026-04-20 15:30:00+00:00,47.5,71.5,34.6,26.0,1.3,349.0,5662,Nehru Nagar
2026-04-20 16:30:00+00:00,41.3,62.7,33.9,26.7,1.23,348.0,5662,Nehru Nagar
2026-04-20 17:30:00+00:00,37.0,55.7,33.4,27.7,1.0,349.0,5662,Nehru Nagar
2026-04-20 18:30:00+00:00,34.0,52.0,32.5,30.0,1.1,350.0,5662,Nehru Nagar
2026-04-20 19:30:00+00:00,40.0,61.0,31.7,30.8,0.825,319.0,5662,Nehru Nagar
2026-04-20 20:30:00+00:00,45.0,68.0,31.0,33.0,0.775,206.0,5662,Nehru Nagar
2026-04-20 21:30:00+00:00,58.0,87.0,30.1,33.3,0.725,246.0,5662,Nehru Nagar
2026-04-20 22:30:00+00:00,54.0,81.0,29.7,34.3,0.8,257.0,5662,Nehru Nagar
2026-04-20 23:30:00+00:00,41.5,62.5,29.5,34.5,0.975,195.0,5662,Nehru Nagar
2026-04-21 00:30:00+00:00,51.5,77.5,30.2,33.8,1.18,316.0,5662,Nehru Nagar
2026-04-21 01:30:00+00:00,57.0,86.0,31.7,30.5,2.23,326.0,5662,Nehru Nagar
2026-04-21 02:30:00+00:00,56.0,85.0,33.7,26.0,2.55,335.0,5662,Nehru Nagar
2026-04-21 03:30:00+00:00,46.0,69.0,36.5,22.3,2.43,331.0,5662,Nehru Nagar
2026-04-21 04:30:00+00:00,29.5,43.5,38.4,17.0,3.0,318.0,5662,Nehru Nagar
2026-04-21 05:30:00+00:00,21.0,31.0,39.9,14.3,2.98,301.0,5662,Nehru Nagar
2026-04-21 06:30:00+00:00,16.3,23.7,40.7,13.0,3.53,312.0,5662,Nehru Nagar
2026-04-21 07:30:00+00:00,11.5,16.5,40.7,12.8,4.28,305.0,5662,Nehru Nagar
2026-04-21 08:30:00+00:00,14.5,21.5,40.8,13.5,4.7,306.0,5662,Nehru Nagar
2026-04-21 09:30:00+00:00,35.0,53.0,40.7,14.0,4.93,307.0,5662,Nehru Nagar
2026-04-21 10:30:00+00:00,34.0,52.0,39.8,14.5,4.55,320.0,5662,Nehru Nagar
2026-04-21 11:30:00+00:00,11.5,17.5,38.5,16.8,2.38,342.0,5662,Nehru Nagar
2026-04-21 12:30:00+00:00,17.5,25.5,36.3,21.3,0.75,338.0,5662,Nehru Nagar
2026-04-21 13:30:00+00:00,39.5,58.5,35.1,24.3,0.625,349.0,5662,Nehru Nagar
2026-04-21 14:30:00+00:00,69.5,104.0,33.8,27.8,0.425,349.0,5662,Nehru Nagar
2026-04-21 15:30:00+00:00,70.5,106.0,33.6,26.3,0.825,347.0,5662,Nehru Nagar
2026-04-21 16:30:00+00:00,46.5,70.5,32.9,28.0,0.825,349.0,5662,Nehru Nagar
2026-04-21 17:30:00+00:00,50.0,76.0,32.5,27.0,0.667,309.0,5662,Nehru Nagar
2026-04-21 18:30:00+00:00,55.0,83.0,31.8,30.0,0.4,106.0,5662,Nehru Nagar
2026-04-21 19:30:00+00:00,75.5,114.0,31.1,28.3,0.525,85.5,5662,Nehru Nagar
2026-04-21 20:30:00+00:00,94.0,141.0,30.7,29.5,0.875,89.3,5662,Nehru Nagar
2026-04-21 21:30:00+00:00,74.5,112.0,30.1,26.8,0.975,107.0,5662,Nehru Nagar
2026-04-21 22:30:00+00:00,56.3,84.3,29.7,27.7,1.33,150.0,5662,Nehru Nagar
2026-04-21 23:30:00+00:00,54.3,81.7,29.3,26.0,1.03,146.0,5662,Nehru Nagar
2026-04-22 00:30:00+00:00,61.0,91.0,30.5,27.0,1.65,268.0,5662,Nehru Nagar
2026-04-22 01:30:00+00:00,67.5,101.0,32.4,21.5,1.55,216.0,5662,Nehru Nagar
2026-04-22 02:30:00+00:00,67.0,100.0,34.2,20.8,2.38,252.0,5662,Nehru Nagar
2026-04-22 03:30:00+00:00,49.0,74.0,37.4,21.3,2.2,225.0,5662,Nehru Nagar
2026-04-22 04:30:00+00:00,40.0,61.0,39.9,19.0,2.6,207.0,5662,Nehru Nagar
2026-04-22 05:30:00+00:00,30.0,45.0,41.0,16.5,3.33,246.0,5662,Nehru Nagar
2026-04-22 06:30:00+00:00,22.0,32.0,41.4,13.3,4.58,287.0,5662,Nehru Nagar
2026-04-22 07:30:00+00:00,21.0,31.0,41.7,14.3,4.28,294.0,5662,Nehru Nagar
2026-04-22 08:30:00+00:00,17.0,25.0,41.6,15.5,4.63,319.0,5662,Nehru Nagar
2026-04-22 09:30:00+00:00,17.7,25.7,41.3,16.3,4.4,322.0,5662,Nehru Nagar
2026-04-22 10:30:00+00:00,27.5,41.5,40.5,18.3,3.25,310.0,5662,Nehru Nagar
2026-04-22 11:30:00+00:00,26.5,40.5,38.7,18.8,2.25,322.0,5662,Nehru Nagar
2026-04-22 12:30:00+00:00,20.0,30.0,36.8,21.5,1.53,344.0,5662,Nehru Nagar
2026-04-22 13:30:00+00:00,33.0,49.0,35.7,23.5,1.15,345.0,5662,Nehru Nagar
2026-04-22 14:30:00+00:00,44.5,66.5,34.6,27.3,0.575,349.0,5662,Nehru Nagar
2026-04-22 15:30:00+00:00,77.0,116.0,33.1,32.3,0.3,349.0,5662,Nehru Nagar
2026-04-22 16:30:00+00:00,104.0,157.0,32.7,32.0,0.325,297.0,5662,Nehru Nagar
2026-04-22 17:30:00+00:00,98.0,148.0,32.7,32.0,0.333,87.0,5662,Nehru Nagar
2026-04-22 18:30:00+00:00,106.0,160.0,32.0,31.5,0.3,65.5,5662,Nehru Nagar
2026-04-22 19:30:00+00:00,83.5,126.0,31.7,32.5,0.375,65.5,5662,Nehru Nagar
2026-04-22 20:30:00+00:00,51.7,77.7,31.2,30.0,0.633,65.3,5662,Nehru Nagar
2026-04-22 21:30:00+00:00,53.0,80.0,30.8,29.0,0.775,76.5,5662,Nehru Nagar
2026-04-22 22:30:00+00:00,65.0,98.0,30.2,31.3,0.375,57.5,5662,Nehru Nagar
2026-04-22 23:30:00+00:00,71.0,107.0,30.0,33.0,0.325,231.0,5662,Nehru Nagar
2026-04-23 00:30:00+00:00,96.0,144.0,31.5,32.3,0.425,208.0,5662,Nehru Nagar
2026-04-23 01:30:00+00:00,113.0,169.0,34.2,29.3,0.95,324.0,5662,Nehru Nagar
2026-04-23 02:30:00+00:00,84.0,126.0,36.1,23.5,1.6,271.0,5662,Nehru Nagar
2026-04-23 03:30:00+00:00,59.5,89.5,38.5,23.8,1.68,270.0,5662,Nehru Nagar
2026-04-23 05:30:00+00:00,40.0,61.0,41.3,15.0,2.95,287.0,5662,Nehru Nagar
2026-04-23 06:30:00+00:00,36.5,55.5,41.8,14.8,3.73,288.0,5662,Nehru Nagar
2026-04-23 07:30:00+00:00,30.5,45.5,42.1,14.0,3.7,306.0,5662,Nehru Nagar
2026-04-23 08:30:00+00:00,18.7,27.3,42.1,13.0,4.1,318.0,5662,Nehru Nagar
2026-04-23 09:30:00+00:00,28.0,42.0,42.0,13.0,3.93,326.0,5662,Nehru Nagar
2026-04-23 10:30:00+00:00,21.0,32.0,41.6,12.5,3.18,317.0,5662,Nehru Nagar
2026-04-23 11:30:00+00:00,8.0,12.0,40.4,14.0,2.05,314.0,5662,Nehru Nagar
2026-04-23 12:30:00+00:00,26.0,39.0,38.0,15.8,0.7,249.0,5662,Nehru Nagar
2026-04-23 13:30:00+00:00,49.5,74.5,36.4,19.3,0.425,230.0,5662,Nehru Nagar
2026-04-23 14:30:00+00:00,90.3,135.0,34.1,27.7,0.3,349.0,5662,Nehru Nagar
2026-04-23 15:30:00+00:00,112.0,168.0,33.0,29.8,0.35,164.0,5662,Nehru Nagar
2026-04-23 16:30:00+00:00,113.0,170.0,33.0,31.0,0.45,80.8,5662,Nehru Nagar
2026-04-23 17:30:00+00:00,113.0,171.0,32.9,28.3,0.367,171.0,5662,Nehru Nagar
2026-04-23 19:30:00+00:00,123.0,185.0,30.7,34.5,0.3,349.0,5662,Nehru Nagar
2026-04-23 20:30:00+00:00,124.0,186.0,30.5,33.0,0.325,345.0,5662,Nehru Nagar
2026-04-23 21:30:00+00:00,99.0,149.0,30.4,33.8,0.475,129.0,5662,Nehru Nagar
2026-04-23 22:30:00+00:00,79.0,119.0,30.0,30.3,1.07,111.0,5662,Nehru Nagar
2026-04-23 23:30:00+00:00,83.5,125.0,29.0,31.3,0.8,246.0,5662,Nehru Nagar
2026-04-24 00:30:00+00:00,91.5,137.0,31.5,27.3,0.675,155.0,5662,Nehru Nagar
2026-04-24 01:30:00+00:00,124.0,186.0,33.8,23.0,1.2,107.0,5662,Nehru Nagar
2026-04-24 02:30:00+00:00,98.0,148.0,36.2,19.8,1.33,106.0,5662,Nehru Nagar
2026-04-24 03:30:00+00:00,42.0,64.0,38.6,16.8,1.85,254.0,5662,Nehru Nagar
2026-04-24 04:30:00+00:00,30.0,46.0,40.4,14.8,1.68,263.0,5662,Nehru Nagar
2026-04-24 05:30:00+00:00,28.0,42.0,41.6,13.0,2.5,268.0,5662,Nehru Nagar
2026-04-24 06:30:00+00:00,20.0,29.0,42.4,13.3,2.68,241.0,5662,Nehru Nagar
2026-04-24 07:30:00+00:00,10.0,14.7,43.2,12.0,2.2,196.0,5662,Nehru Nagar
2026-04-24 08:30:00+00:00,18.0,27.0,43.3,13.0,2.05,174.0,5662,Nehru Nagar
2026-04-24 09:30:00+00:00,28.7,42.7,43.3,13.0,2.07,283.0,5662,Nehru Nagar
2026-04-24 13:30:00+00:00,158.0,236.0,35.8,27.0,0.3,349.0,5662,Nehru Nagar
2026-04-24 14:30:00+00:00,155.0,232.0,35.3,30.3,0.3,349.0,5662,Nehru Nagar
2026-04-24 15:30:00+00:00,175.0,263.0,34.5,32.0,0.3,349.0,5662,Nehru Nagar
2026-04-24 16:30:00+00:00,171.0,257.0,34.1,30.3,0.325,311.0,5662,Nehru Nagar
2026-04-24 17:30:00+00:00,131.0,197.0,33.9,29.0,0.333,129.0,5662,Nehru Nagar
2026-04-24 19:30:00+00:00,101.0,151.0,33.1,29.0,0.3,42.0,5662,Nehru Nagar
2026-04-24 20:30:00+00:00,99.5,150.0,33.0,27.3,0.45,122.0,5662,Nehru Nagar
2026-04-24 21:30:00+00:00,126.0,189.0,32.9,26.3,0.425,179.0,5662,Nehru Nagar
2026-04-24 22:30:00+00:00,134.0,201.0,31.7,30.0,0.3,349.0,5662,Nehru Nagar
2026-04-24 23:30:00+00:00,128.0,192.0,31.4,32.5,0.425,132.0,5662,Nehru Nagar
2026-04-25 00:30:00+00:00,125.0,188.0,32.4,29.3,0.475,147.0,5662,Nehru Nagar
2026-04-25 01:30:00+00:00,111.0,167.0,32.0,41.0,1.48,228.0,5662,Nehru Nagar
2026-04-25 02:30:00+00:00,98.0,147.0,35.4,26.5,0.975,246.0,5662,Nehru Nagar
2026-04-25 03:30:00+00:00,87.0,131.0,38.5,22.8,0.925,208.0,5662,Nehru Nagar
2026-04-25 04:30:00+00:00,76.0,115.0,40.7,20.0,1.2,268.0,5662,Nehru Nagar
2026-04-25 05:30:00+00:00,72.0,108.0,42.1,19.0,1.28,241.0,5662,Nehru Nagar
2026-04-25 06:30:00+00:00,63.0,94.0,43.6,18.0,1.75,194.0,5662,Nehru Nagar
2026-04-25 07:30:00+00:00,42.5,63.5,44.0,17.0,2.35,278.0,5662,Nehru Nagar
2026-04-25 08:30:00+00:00,33.5,49.5,43.7,17.5,3.43,315.0,5662,Nehru Nagar
2026-04-25 09:30:00+00:00,34.5,51.5,43.3,19.5,2.65,281.0,5662,Nehru Nagar
2026-04-25 10:30:00+00:00,31.0,47.0,42.4,18.0,3.15,319.0,5662,Nehru Nagar
2026-04-25 12:30:00+00:00,44.7,66.7,38.2,24.3,1.1,347.0,5662,Nehru Nagar
2026-04-25 13:30:00+00:00,50.5,75.5,37.3,26.5,0.85,348.0,5662,Nehru Nagar
2026-04-25 14:30:00+00:00,83.5,126.0,36.4,28.3,0.65,349.0,5662,Nehru Nagar
2026-04-25 15:30:00+00:00,127.0,190.0,35.7,29.0,0.35,349.0,5662,Nehru Nagar
2026-04-25 16:30:00+00:00,128.0,191.0,35.1,32.0,0.3,304.0,5662,Nehru Nagar
2026-04-25 17:30:00+00:00,113.0,169.0,34.2,35.0,0.3,349.0,5662,Nehru Nagar
2026-04-25 19:30:00+00:00,94.0,142.0,34.3,30.0,0.65,350.0,5662,Nehru Nagar
2026-04-25 20:30:00+00:00,75.0,113.0,33.9,29.0,0.775,338.0,5662,Nehru Nagar
2026-04-25 21:30:00+00:00,54.0,81.0,33.5,28.3,1.08,342.0,5662,Nehru Nagar
2026-04-25 22:30:00+00:00,50.5,75.5,32.9,30.5,2.65,346.0,5662,Nehru Nagar
2026-04-25 23:30:00+00:00,49.5,73.5,31.8,35.0,2.08,339.0,5662,Nehru Nagar
2026-04-26 00:30:00+00:00,53.0,79.0,32.9,35.0,1.28,325.0,5662,Nehru Nagar
2026-04-26 01:30:00+00:00,60.0,90.0,34.4,33.0,2.13,339.0,5662,Nehru Nagar
2026-04-26 02:30:00+00:00,58.0,87.0,36.9,29.5,2.0,335.0,5662,Nehru Nagar
2026-04-26 03:30:00+00:00,46.0,69.0,39.3,24.5,3.05,335.0,5662,Nehru Nagar
2026-04-26 04:30:00+00:00,37.0,56.0,41.2,22.8,3.55,327.0,5662,Nehru Nagar
2026-04-26 05:30:00+00:00,31.0,47.0,42.5,20.5,3.98,319.0,5662,Nehru Nagar
2026-04-26 06:30:00+00:00,36.5,54.5,43.5,20.0,3.88,317.0,5662,Nehru Nagar
2026-04-26 07:30:00+00:00,40.0,60.0,43.4,20.3,4.23,314.0,5662,Nehru Nagar
2026-04-26 08:30:00+00:00,38.5,58.5,43.5,21.0,3.38,293.0,5662,Nehru Nagar
2026-04-26 09:30:00+00:00,40.0,60.7,43.0,21.3,3.13,301.0,5662,Nehru Nagar
2026-04-26 10:30:00+00:00,37.5,56.5,42.2,21.8,2.58,309.0,5662,Nehru Nagar
2026-04-26 11:30:00+00:00,30.5,45.5,40.5,22.8,1.73,338.0,5662,Nehru Nagar
2026-04-26 12:30:00+00:00,26.5,39.5,38.8,23.8,1.0,347.0,5662,Nehru Nagar
2026-04-26 13:30:00+00:00,34.5,51.5,37.8,26.0,0.5,349.0,5662,Nehru Nagar
2026-04-26 14:30:00+00:00,113.0,169.0,36.8,30.0,0.3,349.0,5662,Nehru Nagar
2026-04-26 15:30:00+00:00,148.0,222.0,36.0,31.8,0.3,349.0,5662,Nehru Nagar
2026-04-26 16:30:00+00:00,159.0,239.0,35.5,32.3,0.3,349.0,5662,Nehru Nagar
2026-04-26 17:30:00+00:00,149.0,224.0,35.4,33.0,0.3,349.0,5662,Nehru Nagar
2026-04-26 18:30:00+00:00,128.0,192.0,35.1,34.5,0.35,292.0,5662,Nehru Nagar
2026-04-26 19:30:00+00:00,111.0,167.0,34.2,35.8,1.7,268.0,5662,Nehru Nagar
2026-04-26 20:30:00+00:00,76.0,115.0,31.0,49.0,3.08,226.0,5662,Nehru Nagar
2026-04-26 21:30:00+00:00,52.7,78.7,29.9,56.0,3.03,225.0,5662,Nehru Nagar
2026-04-26 22:30:00+00:00,49.5,73.5,29.4,59.0,3.88,236.0,5662,Nehru Nagar
2026-04-26 23:30:00+00:00,41.0,61.0,28.9,61.3,2.88,212.0,5662,Nehru Nagar
2026-04-27 00:30:00+00:00,39.5,59.5,28.9,61.0,2.78,225.0,5662,Nehru Nagar
2026-04-27 01:30:00+00:00,44.0,67.0,30.0,59.0,2.68,199.0,5662,Nehru Nagar
2026-04-27 02:30:00+00:00,43.5,65.5,32.2,52.3,2.0,169.0,5662,Nehru Nagar
2026-04-27 03:30:00+00:00,46.5,69.5,35.0,44.0,1.53,165.0,5662,Nehru Nagar
2026-04-27 04:30:00+00:00,47.0,71.0,37.8,39.5,1.28,203.0,5662,Nehru Nagar
2026-04-27 05:30:00+00:00,56.3,85.0,39.8,32.7,1.3,257.0,5662,Nehru Nagar
2026-04-27 06:30:00+00:00,75.0,112.0,41.2,30.3,1.9,262.0,5662,Nehru Nagar
2026-04-27 07:30:00+00:00,65.0,97.0,41.7,28.3,2.5,261.0,5662,Nehru Nagar
2026-04-27 08:30:00+00:00,56.5,84.5,42.7,24.8,2.03,282.0,5662,Nehru Nagar
2026-04-27 09:30:00+00:00,54.0,81.0,42.6,25.3,2.35,289.0,5662,Nehru Nagar
2026-04-27 10:30:00+00:00,47.0,70.0,41.7,27.3,1.9,302.0,5662,Nehru Nagar
2026-04-27 11:30:00+00:00,42.5,63.5,39.7,27.0,1.88,326.0,5662,Nehru Nagar
2026-04-27 12:30:00+00:00,49.5,74.5,37.8,28.8,0.6,275.0,5662,Nehru Nagar
2026-04-27 13:30:00+00:00,76.5,115.0,36.5,30.0,0.475,193.0,5662,Nehru Nagar
2026-04-27 14:30:00+00:00,103.0,154.0,35.6,32.8,0.5,160.0,5662,Nehru Nagar
2026-04-27 15:30:00+00:00,106.0,158.0,34.8,35.8,0.3,199.0,5662,Nehru Nagar
2026-04-27 16:30:00+00:00,108.0,162.0,34.1,38.3,0.3,239.0,5662,Nehru Nagar
2026-04-27 17:30:00+00:00,113.0,170.0,34.3,35.7,1.57,133.0,5662,Nehru Nagar
2026-04-27 18:30:00+00:00,68.0,102.0,33.9,34.5,1.05,101.0,5662,Nehru Nagar
2026-04-27 19:30:00+00:00,58.0,87.0,32.9,38.3,1.68,294.0,5662,Nehru Nagar
2026-04-27 20:30:00+00:00,55.5,83.5,30.7,46.5,2.08,208.0,5662,Nehru Nagar
2026-04-27 21:30:00+00:00,67.0,101.0,30.3,53.0,2.13,208.0,5662,Nehru Nagar
2026-04-27 22:30:00+00:00,70.5,107.0,29.9,58.3,3.4,204.0,5662,Nehru Nagar
2026-04-27 23:30:00+00:00,66.5,101.0,29.4,61.5,2.43,160.0,5662,Nehru Nagar
2026-04-28 00:30:00+00:00,67.5,102.0,29.7,61.5,2.43,212.0,5662,Nehru Nagar
2026-04-28 01:30:00+00:00,67.5,102.0,30.2,61.5,2.65,252.0,5662,Nehru Nagar
2026-04-28 02:30:00+00:00,61.0,92.0,31.1,59.0,2.93,202.0,5662,Nehru Nagar
2026-04-28 03:30:00+00:00,56.0,84.0,33.7,49.5,2.65,217.0,5662,Nehru Nagar
2026-04-28 04:30:00+00:00,56.5,84.5,37.0,38.8,1.3,172.0,5662,Nehru Nagar
2026-04-28 05:30:00+00:00,54.5,81.5,39.0,32.8,2.13,246.0,5662,Nehru Nagar
2026-04-28 06:30:00+00:00,50.5,75.5,39.7,32.3,2.33,255.0,5662,Nehru Nagar
2026-04-28 07:30:00+00:00,53.5,80.5,40.8,29.5,2.23,276.0,5662,Nehru Nagar
2026-04-28 08:30:00+00:00,46.5,69.5,41.9,26.5,1.63,195.0,5662,Nehru Nagar
2026-04-28 09:30:00+00:00,36.0,53.0,42.2,24.3,1.9,242.0,5662,Nehru Nagar
2026-04-28 10:30:00+00:00,39.3,58.0,41.9,22.7,2.17,267.0,5662,Nehru Nagar
2026-04-28 11:30:00+00:00,39.0,58.0,40.9,23.3,1.53,308.0,5662,Nehru Nagar
2026-04-28 12:30:00+00:00,34.5,51.5,37.9,29.3,1.68,342.0,5662,Nehru Nagar
2026-04-28 13:30:00+00:00,43.5,65.5,36.6,32.3,1.78,347.0,5662,Nehru Nagar
2026-04-28 14:30:00+00:00,54.0,81.0,36.0,31.3,1.63,344.0,5662,Nehru Nagar
2026-04-28 15:30:00+00:00,52.0,77.0,35.2,33.5,1.25,286.0,5662,Nehru Nagar
2026-04-28 16:30:00+00:00,54.0,80.7,33.9,38.3,1.13,275.0,5662,Nehru Nagar
2026-04-28 17:30:00+00:00,56.0,84.0,33.1,40.3,1.5,203.0,5662,Nehru Nagar
2026-04-28 19:30:00+00:00,58.0,88.0,32.1,50.5,2.55,228.0,5662,Nehru Nagar
2026-04-28 20:30:00+00:00,52.5,79.5,31.8,52.5,1.8,193.0,5662,Nehru Nagar
2026-04-28 21:30:00+00:00,55.5,83.5,31.5,55.0,1.78,168.0,5662,Nehru Nagar
2026-04-28 22:30:00+00:00,59.0,89.0,31.5,54.0,1.85,175.0,5662,Nehru Nagar
2026-04-28 23:30:00+00:00,58.5,88.5,31.1,54.0,1.5,137.0,5662,Nehru Nagar
2026-04-29 00:30:00+00:00,65.0,98.0,32.0,53.0,1.5,101.0,5662,Nehru Nagar
2026-04-29 01:30:00+00:00,74.5,113.0,34.2,46.8,1.45,81.3,5662,Nehru Nagar
2026-04-29 02:30:00+00:00,86.0,129.0,36.0,42.5,1.8,104.0,5662,Nehru Nagar
2026-04-29 03:30:00+00:00,127.0,190.0,37.8,38.0,1.75,86.0,5662,Nehru Nagar
2026-04-29 04:30:00+00:00,132.0,198.0,39.5,35.0,1.37,181.0,5662,Nehru Nagar
2026-04-29 05:30:00+00:00,83.0,125.0,40.4,32.8,1.93,271.0,5662,Nehru Nagar
2026-04-29 06:30:00+00:00,96.0,145.0,41.2,29.5,2.18,276.0,5662,Nehru Nagar
2026-04-29 07:30:00+00:00,101.0,152.0,39.3,35.3,4.28,274.0,5662,Nehru Nagar
2026-04-29 08:30:00+00:00,111.0,167.0,37.4,42.0,5.25,247.0,5662,Nehru Nagar
2026-04-29 09:30:00+00:00,110.0,165.0,36.8,40.5,5.05,247.0,5662,Nehru Nagar
2026-04-29 10:30:00+00:00,93.3,140.0,36.2,40.7,3.23,239.0,5662,Nehru Nagar
2026-04-29 11:30:00+00:00,79.0,119.0,35.8,43.5,2.1,206.0,5662,Nehru Nagar
2026-04-29 12:30:00+00:00,73.0,110.0,34.7,45.5,1.95,308.0,5662,Nehru Nagar
2026-04-29 13:30:00+00:00,73.5,111.0,33.7,46.3,2.13,336.0,5662,Nehru Nagar
2026-04-29 14:30:00+00:00,74.0,111.0,33.1,49.5,1.9,220.0,5662,Nehru Nagar
2026-04-29 15:30:00+00:00,83.5,125.0,32.5,52.5,1.95,179.0,5662,Nehru Nagar
2026-04-29 16:30:00+00:00,87.0,130.0,31.9,54.8,2.08,208.0,5662,Nehru Nagar
2026-04-29 17:30:00+00:00,82.0,123.0,31.9,54.7,2.4,208.0,5662,Nehru Nagar
2026-04-29 18:30:00+00:00,47.0,71.0,29.1,53.0,3.3,111.0,5662,Nehru Nagar
2026-04-29 19:30:00+00:00,35.5,53.5,28.3,51.8,2.8,121.0,5662,Nehru Nagar
2026-04-29 20:30:00+00:00,24.0,36.0,27.4,54.0,1.58,151.0,5662,Nehru Nagar
2026-04-29 21:30:00+00:00,24.0,36.0,27.4,53.3,2.13,164.0,5662,Nehru Nagar
2026-04-29 22:30:00+00:00,21.0,32.0,27.4,53.5,1.95,109.0,5662,Nehru Nagar
2026-04-29 23:30:00+00:00,23.0,35.0,27.2,55.3,1.33,160.0,5662,Nehru Nagar
2026-04-30 00:30:00+00:00,28.0,42.0,26.8,59.5,3.18,225.0,5662,Nehru Nagar
2026-04-30 01:30:00+00:00,29.5,44.5,27.6,57.3,1.7,129.0,5662,Nehru Nagar
2026-04-30 02:30:00+00:00,36.0,54.0,27.4,59.5,2.78,219.0,5662,Nehru Nagar
2026-04-30 03:30:00+00:00,33.7,51.0,25.4,72.7,2.93,242.0,5662,Nehru Nagar
2026-04-30 04:30:00+00:00,32.0,48.7,25.5,74.0,2.93,299.0,5662,Nehru Nagar
2026-04-30 05:30:00+00:00,42.7,63.3,26.9,70.7,3.43,187.0,5662,Nehru Nagar
2026-04-30 06:30:00+00:00,42.0,63.0,29.0,62.3,3.6,215.0,5662,Nehru Nagar
2026-04-30 07:30:00+00:00,36.0,55.0,30.2,57.5,3.6,219.0,5662,Nehru Nagar
2026-04-30 08:30:00+00:00,34.5,52.5,31.6,50.8,3.05,208.0,5662,Nehru Nagar
2026-04-30 09:30:00+00:00,35.5,53.5,32.9,47.3,2.23,175.0,5662,Nehru Nagar
2026-04-30 10:30:00+00:00,34.0,51.0,32.4,48.8,2.53,187.0,5662,Nehru Nagar
2026-04-30 11:30:00+00:00,33.5,50.5,31.7,50.3,2.05,167.0,5662,Nehru Nagar
2026-04-30 12:30:00+00:00,33.3,50.7,30.4,53.7,1.53,143.0,5662,Nehru Nagar
2026-04-30 13:30:00+00:00,34.0,51.0,30.3,54.3,0.9,130.0,5662,Nehru Nagar
2026-04-30 14:30:00+00:00,42.0,62.0,27.0,67.0,3.1,245.0,5662,Nehru Nagar
2026-04-30 15:30:00+00:00,28.0,41.0,24.3,78.3,2.95,235.0,5662,Nehru Nagar
2026-04-30 16:30:00+00:00,10.0,15.0,24.6,76.5,2.48,230.0,5662,Nehru Nagar
2026-04-30 17:30:00+00:00,10.0,16.0,24.4,76.5,2.75,224.0,5662,Nehru Nagar
2026-04-30 18:30:00+00:00,14.0,22.0,23.6,77.0,2.9,221.0,5662,Nehru Nagar
2026-04-30 19:30:00+00:00,14.0,22.0,23.1,77.3,2.9,214.0,5662,Nehru Nagar
2026-04-30 20:30:00+00:00,13.0,20.0,23.1,79.3,2.18,224.0,5662,Nehru Nagar
2026-04-30 21:30:00+00:00,12.5,18.5,23.2,78.5,1.9,213.0,5662,Nehru Nagar
2026-04-30 22:30:00+00:00,12.5,18.5,23.0,78.8,1.58,187.0,5662,Nehru Nagar
2026-04-30 23:30:00+00:00,12.5,18.5,22.9,79.3,1.85,189.0,5662,Nehru Nagar
2026-05-01 00:30:00+00:00,13.0,19.0,23.5,78.5,2.2,209.0,5662,Nehru Nagar
2026-05-01 01:30:00+00:00,19.5,28.5,24.4,77.0,3.43,227.0,5662,Nehru Nagar
2026-05-01 02:30:00+00:00,23.0,34.0,26.4,72.5,3.33,223.0,5662,Nehru Nagar
2026-05-01 03:30:00+00:00,23.0,35.0,28.9,65.5,2.33,179.0,5662,Nehru Nagar
2026-05-01 04:30:00+00:00,48.7,73.3,31.0,58.7,2.27,174.0,5662,Nehru Nagar
2026-05-01 05:30:00+00:00,53.5,80.5,31.8,55.3,3.2,212.0,5662,Nehru Nagar
2026-05-01 06:30:00+00:00,33.5,50.5,32.9,48.8,3.05,223.0,5662,Nehru Nagar
2026-05-01 07:30:00+00:00,14.5,21.5,34.1,42.8,2.98,210.0,5662,Nehru Nagar
2026-05-01 08:30:00+00:00,16.0,24.0,34.8,40.8,2.53,216.0,5662,Nehru Nagar
2026-05-01 09:30:00+00:00,26.0,39.0,34.8,40.0,2.58,196.0,5662,Nehru Nagar
2026-05-01 10:30:00+00:00,27.0,40.0,35.0,40.0,1.83,200.0,5662,Nehru Nagar
2026-05-01 11:30:00+00:00,40.3,60.3,33.8,42.3,2.17,219.0,5662,Nehru Nagar
2026-05-01 12:30:00+00:00,36.0,54.0,32.1,49.0,2.23,212.0,5662,Nehru Nagar
2026-05-01 13:30:00+00:00,31.0,47.0,31.2,51.0,2.38,221.0,5662,Nehru Nagar
2026-05-01 14:30:00+00:00,36.0,55.0,30.6,52.3,2.8,237.0,5662,Nehru Nagar
2026-05-01 15:30:00+00:00,30.0,46.0,29.9,53.3,3.15,226.0,5662,Nehru Nagar
2026-05-01 16:30:00+00:00,49.5,74.5,29.3,54.8,3.0,226.0,5662,Nehru Nagar
2026-05-01 17:30:00+00:00,64.0,96.0,28.7,56.7,3.37,224.0,5662,Nehru Nagar
2026-05-01 18:30:00+00:00,37.0,55.0,27.9,59.5,3.3,256.0,5662,Nehru Nagar
2026-05-01 19:30:00+00:00,48.0,72.0,27.3,60.8,3.15,220.0,5662,Nehru Nagar
2026-05-01 20:30:00+00:00,44.5,67.5,26.8,62.5,2.55,213.0,5662,Nehru Nagar
2026-05-01 21:30:00+00:00,24.7,38.0,26.3,64.7,3.27,225.0,5662,Nehru Nagar
2026-05-01 22:30:00+00:00,28.0,43.0,25.8,66.5,3.03,215.0,5662,Nehru Nagar
2026-05-01 23:30:00+00:00,31.3,48.0,25.5,67.3,3.53,234.0,5662,Nehru Nagar
2026-05-02 00:30:00+00:00,28.0,42.0,26.0,67.0,3.2,238.0,5662,Nehru Nagar
2026-05-02 01:30:00+00:00,30.0,45.0,27.4,63.3,3.73,227.0,5662,Nehru Nagar
2026-05-02 02:30:00+00:00,30.0,45.0,29.1,57.5,4.48,228.0,5662,Nehru Nagar
2026-05-02 03:30:00+00:00,29.0,43.0,31.0,51.8,4.28,231.0,5662,Nehru Nagar
2026-05-02 04:30:00+00:00,25.5,38.5,32.8,47.0,4.3,233.0,5662,Nehru Nagar
2026-05-02 05:30:00+00:00,32.0,48.0,34.0,45.0,3.57,212.0,5662,Nehru Nagar
2026-05-02 06:30:00+00:00,43.3,64.7,34.4,43.3,4.1,213.0,5662,Nehru Nagar
2026-05-02 07:30:00+00:00,28.0,43.0,35.3,41.0,3.25,210.0,5662,Nehru Nagar
2026-05-02 08:30:00+00:00,28.5,43.5,35.6,39.5,3.0,225.0,5662,Nehru Nagar
2026-05-02 09:30:00+00:00,35.5,53.5,35.7,39.5,2.25,242.0,5662,Nehru Nagar
2026-05-02 10:30:00+00:00,33.5,50.5,35.4,40.0,2.4,228.0,5662,Nehru Nagar
2026-05-02 17:30:00+00:00,92.0,138.0,30.6,50.0,2.75,235.0,5662,Nehru Nagar
2026-05-02 18:30:00+00:00,98.0,146.0,29.8,53.0,2.75,230.0,5662,Nehru Nagar
2026-05-02 19:30:00+00:00,83.5,125.0,29.3,54.0,2.45,221.0,5662,Nehru Nagar
2026-05-02 20:30:00+00:00,52.5,78.5,28.2,58.5,2.18,200.0,5662,Nehru Nagar
2026-05-02 21:30:00+00:00,41.5,62.5,27.7,62.5,2.73,220.0,5662,Nehru Nagar
2026-05-02 22:30:00+00:00,46.5,70.5,27.3,65.3,3.2,225.0,5662,Nehru Nagar
2026-05-02 23:30:00+00:00,42.0,63.0,26.7,69.0,3.45,229.0,5662,Nehru Nagar
2026-05-03 00:30:00+00:00,37.0,55.0,27.8,64.3,4.33,239.0,5662,Nehru Nagar
2026-05-03 01:30:00+00:00,31.0,47.0,28.6,60.5,4.48,229.0,5662,Nehru Nagar
2026-05-03 02:30:00+00:00,25.5,38.5,29.8,57.0,4.38,231.0,5662,Nehru Nagar
2026-05-03 03:30:00+00:00,29.3,44.0,32.1,50.7,3.8,215.0,5662,Nehru Nagar
2026-05-03 04:30:00+00:00,40.5,61.5,33.2,48.0,5.1,228.0,5662,Nehru Nagar
2026-05-03 05:30:00+00:00,37.0,56.0,34.3,43.8,4.93,222.0,5662,Nehru Nagar
2026-05-03 06:30:00+00:00,26.5,40.5,35.7,37.0,3.83,207.0,5662,Nehru Nagar
2026-05-03 07:30:00+00:00,21.0,32.0,36.6,34.5,3.73,215.0,5662,Nehru Nagar
2026-05-03 08:30:00+00:00,19.0,28.0,37.2,33.0,3.38,209.0,5662,Nehru Nagar
2026-05-03 09:30:00+00:00,22.0,32.0,37.3,34.0,3.1,198.0,5662,Nehru Nagar
2026-05-03 10:30:00+00:00,25.0,37.0,36.5,35.0,3.65,214.0,5662,Nehru Nagar
2026-05-03 11:30:00+00:00,23.5,35.5,34.7,39.8,3.95,207.0,5662,Nehru Nagar
2026-05-03 12:30:00+00:00,19.5,29.5,32.5,47.5,3.83,216.0,5662,Nehru Nagar
2026-05-03 13:30:00+00:00,17.0,25.0,31.3,53.5,4.03,222.0,5662,Nehru Nagar
2026-05-03 14:30:00+00:00,21.5,31.5,30.3,55.3,4.6,237.0,5662,Nehru Nagar
2026-05-03 15:30:00+00:00,29.5,43.5,29.7,57.3,4.45,240.0,5662,Nehru Nagar
2026-05-03 16:30:00+00:00,51.0,76.0,29.0,60.3,4.93,246.0,5662,Nehru Nagar
2026-05-03 17:30:00+00:00,72.7,109.0,28.7,61.7,4.3,220.0,5662,Nehru Nagar
2026-05-03 18:30:00+00:00,53.0,79.0,28.2,62.0,2.55,166.0,5662,Nehru Nagar
2026-05-03 19:30:00+00:00,40.3,59.7,27.9,65.0,2.6,190.0,5662,Nehru Nagar
2026-05-03 20:30:00+00:00,35.5,52.5,27.3,67.3,3.63,214.0,5662,Nehru Nagar
2026-05-03 21:30:00+00:00,32.5,48.5,26.5,70.0,4.68,242.0,5662,Nehru Nagar
2026-05-03 22:30:00+00:00,27.5,41.5,26.0,71.3,4.28,235.0,5662,Nehru Nagar
2026-05-03 23:30:00+00:00,26.5,39.5,25.9,71.3,3.53,220.0,5662,Nehru Nagar
2026-05-04 00:30:00+00:00,36.0,54.0,26.2,71.5,3.4,225.0,5662,Nehru Nagar
2026-05-04 01:30:00+00:00,44.5,67.5,26.1,70.5,4.98,313.0,5662,Nehru Nagar
2026-05-04 02:30:00+00:00,34.0,51.3,22.5,78.0,5.5,275.0,5662,Nehru Nagar
2026-05-04 03:30:00+00:00,16.0,24.0,23.5,72.0,5.63,254.0,5662,Nehru Nagar
2026-05-04 07:30:00+00:00,13.0,19.0,30.8,52.5,4.53,229.0,5662,Nehru Nagar
2026-05-04 08:30:00+00:00,29.0,43.0,32.0,49.8,3.75,202.0,5662,Nehru Nagar
2026-05-04 09:30:00+00:00,33.0,49.0,32.2,48.3,4.15,199.0,5662,Nehru Nagar
2026-05-04 10:30:00+00:00,11.5,17.5,31.7,50.5,3.7,215.0,5662,Nehru Nagar
2026-05-04 11:30:00+00:00,7.5,11.5,30.1,56.0,3.3,206.0,5662,Nehru Nagar
2026-05-04 12:30:00+00:00,28.0,42.0,29.0,59.5,2.9,212.0,5662,Nehru Nagar
2026-05-04 13:30:00+00:00,29.0,43.0,28.2,61.0,3.1,229.0,5662,Nehru Nagar
2026-05-04 14:30:00+00:00,19.0,28.0,27.8,61.0,3.05,210.0,5662,Nehru Nagar
2026-05-04 15:30:00+00:00,19.5,29.5,27.1,60.8,2.5,178.0,5662,Nehru Nagar
2026-05-04 16:30:00+00:00,24.5,37.5,26.5,62.5,1.93,185.0,5662,Nehru Nagar
2026-05-04 17:30:00+00:00,26.0,40.0,26.3,61.5,1.7,147.0,5662,Nehru Nagar
2026-05-04 18:30:00+00:00,16.0,24.0,26.4,62.0,2.7,94.5,5662,Nehru Nagar
2026-05-04 19:30:00+00:00,19.0,29.0,26.2,63.0,1.83,130.0,5662,Nehru Nagar
2026-05-04 20:30:00+00:00,20.5,31.5,25.7,64.8,2.65,197.0,5662,Nehru Nagar
2026-05-04 21:30:00+00:00,20.5,31.5,24.3,70.3,3.63,195.0,5662,Nehru Nagar
2026-05-04 22:30:00+00:00,20.5,31.5,23.9,71.5,4.38,202.0,5662,Nehru Nagar
2026-05-04 23:30:00+00:00,21.0,32.0,24.0,70.3,2.8,181.0,5662,Nehru Nagar
2026-05-05 00:30:00+00:00,22.0,33.0,24.4,69.3,2.75,187.0,5662,Nehru Nagar
2026-05-05 01:30:00+00:00,19.5,29.5,24.2,71.3,3.95,216.0,5662,Nehru Nagar
2026-05-05 02:30:00+00:00,23.0,35.0,24.9,69.3,3.65,199.0,5662,Nehru Nagar
2026-05-05 03:30:00+00:00,28.0,42.0,26.4,65.3,3.45,236.0,5662,Nehru Nagar
2026-05-05 04:30:00+00:00,23.0,35.0,28.5,60.0,3.73,223.0,5662,Nehru Nagar
2026-05-05 05:30:00+00:00,19.0,29.0,30.0,56.7,3.0,218.0,5662,Nehru Nagar
2026-05-05 06:30:00+00:00,20.5,30.5,30.0,57.5,3.03,223.0,5662,Nehru Nagar
2026-05-05 07:30:00+00:00,19.0,29.0,29.7,57.0,3.58,222.0,5662,Nehru Nagar
2026-05-05 08:30:00+00:00,23.5,35.5,28.6,62.0,3.9,192.0,5662,Nehru Nagar
2026-05-05 09:30:00+00:00,26.0,39.0,27.9,64.0,3.33,222.0,5662,Nehru Nagar
2026-05-05 10:30:00+00:00,23.7,35.7,28.4,62.7,3.03,256.0,5662,Nehru Nagar
2026-05-05 11:30:00+00:00,23.5,35.5,27.1,65.0,2.8,207.0,5662,Nehru Nagar
2026-05-06 05:30:00+00:00,32.0,48.0,32.9,43.5,2.4,243.0,5662,Nehru Nagar
2026-05-06 06:30:00+00:00,26.5,39.5,33.6,42.8,2.43,256.0,5662,Nehru Nagar
2026-05-06 07:30:00+00:00,23.0,34.0,34.0,40.3,2.95,266.0,5662,Nehru Nagar
2026-05-06 08:30:00+00:00,21.0,31.0,34.7,35.8,2.93,295.0,5662,Nehru Nagar
2026-05-06 09:30:00+00:00,19.5,29.5,34.8,36.3,2.58,302.0,5662,Nehru Nagar
2026-05-06 10:30:00+00:00,27.0,41.0,34.2,38.5,2.35,324.0,5662,Nehru Nagar
2026-05-06 11:30:00+00:00,25.0,37.0,33.5,40.0,1.7,299.0,5662,Nehru Nagar
2026-05-06 12:30:00+00:00,24.0,36.0,31.6,44.8,1.68,298.0,5662,Nehru Nagar
2026-05-06 13:30:00+00:00,35.5,53.5,30.7,48.0,1.15,238.0,5662,Nehru Nagar
2026-05-06 19:30:00+00:00,35.0,53.0,26.2,57.5,3.5,212.0,5662,Nehru Nagar
2026-05-06 20:30:00+00:00,22.5,33.5,25.7,58.8,2.88,218.0,5662,Nehru Nagar
2026-05-06 21:30:00+00:00,12.0,17.0,25.2,60.0,2.23,207.0,5662,Nehru Nagar
2026-05-06 22:30:00+00:00,20.0,30.0,23.8,67.8,4.25,235.0,5662,Nehru Nagar
2026-05-06 23:30:00+00:00,17.5,26.5,21.9,76.8,3.33,222.0,5662,Nehru Nagar
2026-05-07 00:30:00+00:00,13.5,19.5,22.3,74.8,1.75,199.0,5662,Nehru Nagar
2026-05-07 01:30:00+00:00,19.0,28.0,25.2,61.8,2.1,110.0,5662,Nehru Nagar
2026-05-07 02:30:00+00:00,22.5,33.5,24.5,63.3,1.73,127.0,5662,Nehru Nagar
2026-05-07 03:30:00+00:00,20.5,30.5,25.5,59.8,1.43,140.0,5662,Nehru Nagar
2026-05-07 04:30:00+00:00,18.3,27.7,26.6,57.0,1.87,108.0,5662,Nehru Nagar
2026-05-07 05:30:00+00:00,24.5,37.5,27.4,53.8,1.38,119.0,5662,Nehru Nagar
2026-05-07 06:30:00+00:00,27.0,41.0,28.4,51.5,1.7,185.0,5662,Nehru Nagar
2026-05-07 07:30:00+00:00,30.7,46.0,29.0,51.3,1.73,143.0,5662,Nehru Nagar
2026-05-07 08:30:00+00:00,35.0,52.0,29.0,53.3,2.45,245.0,5662,Nehru Nagar
2026-05-07 09:30:00+00:00,29.5,43.5,26.7,65.3,2.88,268.0,5662,Nehru Nagar
2026-05-07 10:30:00+00:00,28.3,43.0,26.1,59.7,3.03,217.0,5662,Nehru Nagar
2026-05-07 11:30:00+00:00,22.0,34.0,28.9,46.0,1.27,243.0,5662,Nehru Nagar
2026-05-07 18:30:00+00:00,39.0,59.0,23.4,77.5,0.55,236.0,5662,Nehru Nagar
2026-05-07 19:30:00+00:00,32.5,49.5,23.5,75.8,1.03,162.0,5662,Nehru Nagar
2026-05-07 20:30:00+00:00,30.5,46.5,23.3,75.8,0.95,166.0,5662,Nehru Nagar
2026-05-07 21:30:00+00:00,32.5,49.5,24.1,71.5,1.6,232.0,5662,Nehru Nagar
2026-05-07 22:30:00+00:00,32.0,48.0,23.4,72.5,1.75,180.0,5662,Nehru Nagar
2026-05-07 23:30:00+00:00,58.0,87.3,22.8,77.0,1.3,179.0,5662,Nehru Nagar
2026-05-08 00:30:00+00:00,54.5,82.5,24.1,73.8,2.53,207.0,5662,Nehru Nagar
2026-05-08 01:30:00+00:00,44.5,66.5,25.5,69.0,1.98,195.0,5662,Nehru Nagar
2026-05-08 02:30:00+00:00,50.0,75.0,26.9,63.8,1.18,139.0,5662,Nehru Nagar
2026-05-08 03:30:00+00:00,46.0,69.0,29.9,54.8,2.35,208.0,5662,Nehru Nagar
2026-05-08 04:30:00+00:00,39.3,58.0,31.6,47.3,3.5,214.0,5662,Nehru Nagar
2026-05-08 05:30:00+00:00,32.5,48.5,33.6,36.5,2.23,200.0,5662,Nehru Nagar
2026-05-08 06:30:00+00:00,25.0,38.0,35.3,29.0,2.13,204.0,5662,Nehru Nagar
2026-05-08 07:30:00+00:00,25.0,38.0,35.8,29.0,2.73,209.0,5662,Nehru Nagar
2026-05-08 08:30:00+00:00,28.5,43.5,36.8,29.5,1.98,244.0,5662,Nehru Nagar
2026-05-08 09:30:00+00:00,31.5,47.5,37.0,28.8,2.03,208.0,5662,Nehru Nagar
2026-05-08 10:30:00+00:00,29.5,43.5,36.6,30.3,2.15,215.0,5662,Nehru Nagar
2026-05-08 11:30:00+00:00,29.5,43.5,35.0,32.8,2.6,206.0,5662,Nehru Nagar
2026-05-08 12:30:00+00:00,31.5,47.5,32.9,40.3,2.63,200.0,5662,Nehru Nagar
2026-05-08 13:30:00+00:00,39.0,59.0,31.3,45.8,2.4,199.0,5662,Nehru Nagar
2026-05-08 14:30:00+00:00,44.5,66.5,30.0,52.3,2.38,202.0,5662,Nehru Nagar
2026-05-08 15:30:00+00:00,37.0,55.0,29.3,55.0,1.6,197.0,5662,Nehru Nagar
2026-05-08 16:30:00+00:00,39.5,59.5,29.2,54.5,1.95,210.0,5662,Nehru Nagar
2026-05-08 17:30:00+00:00,44.7,67.3,29.1,53.0,2.6,240.0,5662,Nehru Nagar
2026-05-08 18:30:00+00:00,38.0,58.0,28.5,57.0,2.75,236.0,5662,Nehru Nagar
2026-05-08 19:30:00+00:00,38.0,58.0,28.0,59.0,2.25,231.0,5662,Nehru Nagar
2026-05-08 20:30:00+00:00,37.0,56.0,27.4,61.5,2.85,232.0,5662,Nehru Nagar
2026-05-08 21:30:00+00:00,36.5,54.5,27.1,64.3,2.85,231.0,5662,Nehru Nagar
2026-05-08 22:30:00+00:00,40.5,60.5,26.8,66.3,2.73,243.0,5662,Nehru Nagar
2026-05-08 23:30:00+00:00,49.5,74.5,26.2,68.0,2.6,212.0,5662,Nehru Nagar
2026-05-09 00:30:00+00:00,59.0,88.3,26.8,67.0,3.23,230.0,5662,Nehru Nagar
2026-05-09 01:30:00+00:00,58.0,87.0,28.1,61.0,3.98,231.0,5662,Nehru Nagar
2026-05-09 02:30:00+00:00,52.3,79.0,29.7,54.3,3.7,241.0,5662,Nehru Nagar
2026-05-09 03:30:00+00:00,38.5,57.5,31.8,46.8,3.13,224.0,5662,Nehru Nagar
2026-05-09 04:30:00+00:00,30.5,45.5,32.9,42.5,3.93,216.0,5662,Nehru Nagar
2026-05-09 05:30:00+00:00,34.0,51.0,34.0,40.5,3.83,227.0,5662,Nehru Nagar
2026-05-09 06:30:00+00:00,34.0,51.0,35.0,37.8,4.0,215.0,5662,Nehru Nagar
2026-05-09 07:30:00+00:00,35.0,53.0,35.1,37.0,4.1,221.0,5662,Nehru Nagar
2026-05-09 08:30:00+00:00,37.5,56.5,36.3,35.8,3.13,211.0,5662,Nehru Nagar
2026-05-09 09:30:00+00:00,37.0,55.0,36.4,34.5,3.25,216.0,5662,Nehru Nagar
2026-05-09 10:30:00+00:00,38.0,56.0,35.5,37.0,3.55,217.0,5662,Nehru Nagar
2026-05-09 11:30:00+00:00,44.0,66.0,34.4,39.0,3.23,193.0,5662,Nehru Nagar
2026-05-09 12:30:00+00:00,45.0,68.0,32.7,47.0,3.48,203.0,5662,Nehru Nagar
2026-05-09 13:30:00+00:00,47.5,71.5,31.5,50.5,2.9,201.0,5662,Nehru Nagar
2026-05-09 14:30:00+00:00,51.0,77.0,30.6,53.3,2.33,195.0,5662,Nehru Nagar
2026-05-09 15:30:00+00:00,54.5,81.5,29.9,54.8,1.8,189.0,5662,Nehru Nagar
2026-05-09 16:30:00+00:00,57.5,85.5,29.9,52.8,1.9,229.0,5662,Nehru Nagar
2026-05-09 17:30:00+00:00,49.0,73.0,29.8,52.3,2.1,225.0,5662,Nehru Nagar
2026-05-09 18:30:00+00:00,45.0,67.0,29.1,55.0,1.8,217.0,5662,Nehru Nagar
2026-05-09 19:30:00+00:00,43.5,65.5,28.6,57.3,1.83,201.0,5662,Nehru Nagar
2026-05-09 20:30:00+00:00,46.0,70.0,27.4,60.8,1.55,200.0,5662,Nehru Nagar
2026-05-09 21:30:00+00:00,51.0,77.0,27.1,62.3,2.2,229.0,5662,Nehru Nagar
2026-05-09 22:30:00+00:00,49.0,74.0,27.1,60.8,2.05,225.0,5662,Nehru Nagar
2026-05-09 23:30:00+00:00,44.5,67.5,27.0,63.5,2.0,219.0,5662,Nehru Nagar
2026-05-10 00:30:00+00:00,48.5,72.5,27.6,62.5,3.03,204.0,5662,Nehru Nagar
2026-05-10 01:30:00+00:00,50.0,75.0,29.5,58.0,3.13,217.0,5662,Nehru Nagar
2026-05-10 02:30:00+00:00,46.5,70.5,31.6,50.3,3.6,217.0,5662,Nehru Nagar
2026-05-10 03:30:00+00:00,44.0,66.0,33.1,45.5,3.55,209.0,5662,Nehru Nagar
2026-05-10 04:30:00+00:00,43.5,65.5,34.8,40.5,2.98,204.0,5662,Nehru Nagar
2026-05-10 05:30:00+00:00,44.7,67.3,36.3,37.3,2.47,194.0,5662,Nehru Nagar
2026-05-10 06:30:00+00:00,42.0,62.0,37.0,34.3,2.5,210.0,5662,Nehru Nagar
2026-05-10 07:30:00+00:00,37.5,55.5,37.6,31.8,2.65,261.0,5662,Nehru Nagar
2026-05-10 08:30:00+00:00,32.5,48.5,37.5,31.5,2.55,252.0,5662,Nehru Nagar
2026-05-10 09:30:00+00:00,34.5,51.5,37.3,33.3,2.88,212.0,5662,Nehru Nagar
2026-05-10 10:30:00+00:00,36.5,54.5,36.3,35.8,3.05,224.0,5662,Nehru Nagar
2026-05-10 11:30:00+00:00,35.0,53.0,35.2,38.5,2.75,215.0,5662,Nehru Nagar
2026-05-10 12:30:00+00:00,42.0,63.0,33.8,44.3,3.03,195.0,5662,Nehru Nagar
2026-05-10 13:30:00+00:00,56.5,84.5,32.7,47.0,2.43,198.0,5662,Nehru Nagar
2026-05-10 14:30:00+00:00,61.5,92.5,31.8,48.3,2.15,187.0,5662,Nehru Nagar
2026-05-10 15:30:00+00:00,58.0,87.0,31.0,50.8,1.65,195.0,5662,Nehru Nagar
2026-05-10 16:30:00+00:00,55.0,83.0,30.6,52.0,1.35,178.0,5662,Nehru Nagar
2026-05-10 17:30:00+00:00,57.0,86.3,30.4,50.3,1.2,210.0,5662,Nehru Nagar
2026-05-10 18:30:00+00:00,62.0,92.0,29.8,51.0,1.65,198.0,5662,Nehru Nagar
2026-05-10 19:30:00+00:00,58.5,87.5,29.6,51.0,2.05,215.0,5662,Nehru Nagar
2026-05-10 20:30:00+00:00,55.5,83.5,29.3,52.8,2.95,231.0,5662,Nehru Nagar
2026-05-10 21:30:00+00:00,61.0,92.0,28.7,55.8,2.95,230.0,5662,Nehru Nagar
2026-05-10 22:30:00+00:00,61.3,92.7,28.3,56.0,3.1,246.0,5662,Nehru Nagar
2026-05-10 23:30:00+00:00,53.0,79.0,28.1,58.0,3.3,227.0,5662,Nehru Nagar
2026-05-11 00:30:00+00:00,53.0,79.0,28.5,58.3,3.63,235.0,5662,Nehru Nagar
2026-05-11 01:30:00+00:00,48.0,72.0,30.3,52.0,3.35,222.0,5662,Nehru Nagar
2026-05-11 02:30:00+00:00,39.0,58.0,32.4,44.5,3.4,230.0,5662,Nehru Nagar
2026-05-11 03:30:00+00:00,31.0,46.0,34.5,38.8,2.73,220.0,5662,Nehru Nagar
2026-05-11 04:30:00+00:00,31.0,47.0,35.9,37.0,2.23,199.0,5662,Nehru Nagar
2026-05-11 05:30:00+00:00,35.0,53.0,37.0,31.3,2.5,186.0,5662,Nehru Nagar
2026-05-11 06:30:00+00:00,32.0,48.0,37.9,29.8,2.03,243.0,5662,Nehru Nagar
2026-05-11 07:30:00+00:00,31.0,47.0,38.7,29.5,2.13,240.0,5662,Nehru Nagar
2026-05-11 08:30:00+00:00,34.0,51.0,38.6,30.8,2.3,280.0,5662,Nehru Nagar
2026-05-11 09:30:00+00:00,35.0,52.0,38.6,30.8,2.13,238.0,5662,Nehru Nagar
2026-05-11 10:30:00+00:00,33.0,49.7,38.0,32.0,2.27,244.0,5662,Nehru Nagar
2026-05-11 11:30:00+00:00,31.0,47.0,36.4,35.8,2.88,199.0,5662,Nehru Nagar
2026-05-11 12:30:00+00:00,40.5,61.5,34.7,36.5,2.58,195.0,5662,Nehru Nagar
2026-05-11 13:30:00+00:00,42.0,64.0,33.4,42.5,2.2,197.0,5662,Nehru Nagar
2026-05-11 14:30:00+00:00,44.0,67.0,32.6,45.0,1.63,202.0,5662,Nehru Nagar
2026-05-11 15:30:00+00:00,54.0,82.0,32.3,43.3,1.53,212.0,5662,Nehru Nagar
2026-05-11 16:30:00+00:00,56.0,85.0,31.9,43.3,1.63,202.0,5662,Nehru Nagar
2026-05-11 17:30:00+00:00,54.7,82.7,31.6,42.7,2.4,237.0,5662,Nehru Nagar
2026-05-11 18:30:00+00:00,44.0,66.0,31.0,42.0,2.15,233.0,5662,Nehru Nagar
2026-05-11 19:30:00+00:00,40.0,60.0,30.6,46.3,2.5,243.0,5662,Nehru Nagar
2026-05-11 20:30:00+00:00,36.5,54.5,30.0,48.0,2.38,240.0,5662,Nehru Nagar
2026-05-11 21:30:00+00:00,32.0,48.0,30.0,48.3,2.4,232.0,5662,Nehru Nagar
2026-05-11 22:30:00+00:00,34.5,51.5,29.5,50.5,2.38,224.0,5662,Nehru Nagar
2026-05-11 23:30:00+00:00,58.0,86.0,29.2,52.8,1.8,198.0,5662,Nehru Nagar
2026-05-12 00:30:00+00:00,63.3,94.0,30.5,51.0,1.9,167.0,5662,Nehru Nagar
2026-05-12 01:30:00+00:00,59.5,88.5,32.0,47.3,1.78,162.0,5662,Nehru Nagar
2026-05-12 02:30:00+00:00,61.0,91.0,34.0,42.3,1.6,179.0,5662,Nehru Nagar
2026-05-12 03:30:00+00:00,67.0,100.0,36.1,40.8,1.55,190.0,5662,Nehru Nagar
2026-05-12 04:30:00+00:00,64.5,96.5,37.3,36.8,2.1,155.0,5662,Nehru Nagar
2026-05-12 05:30:00+00:00,48.5,72.5,38.8,31.3,1.95,173.0,5662,Nehru Nagar
2026-05-12 06:30:00+00:00,45.0,67.0,39.2,31.8,2.48,266.0,5662,Nehru Nagar
2026-05-12 07:30:00+00:00,45.7,68.3,39.0,32.7,3.7,257.0,5662,Nehru Nagar
2026-05-12 08:30:00+00:00,49.3,74.0,38.9,34.3,3.6,235.0,5662,Nehru Nagar
2026-05-12 09:30:00+00:00,55.3,83.3,38.4,36.0,2.67,206.0,5662,Nehru Nagar
2026-05-12 13:30:00+00:00,68.0,103.0,34.5,44.3,2.13,180.0,5662,Nehru Nagar
2026-05-12 14:30:00+00:00,65.0,98.3,33.9,45.7,1.93,215.0,5662,Nehru Nagar
2026-05-12 15:30:00+00:00,69.0,104.0,33.0,50.3,1.93,221.0,5662,Nehru Nagar
2026-05-12 16:30:00+00:00,65.5,98.5,32.8,50.3,2.58,216.0,5662,Nehru Nagar
2026-05-12 17:30:00+00:00,64.0,96.0,32.2,51.0,3.3,252.0,5662,Nehru Nagar
2026-05-12 19:30:00+00:00,48.0,72.0,31.3,50.0,2.4,216.0,5662,Nehru Nagar
2026-05-12 20:30:00+00:00,41.3,61.3,30.5,53.7,1.87,209.0,5662,Nehru Nagar
2026-05-12 21:30:00+00:00,40.7,60.7,30.0,56.7,2.27,215.0,5662,Nehru Nagar
2026-05-12 22:30:00+00:00,52.0,78.0,30.0,57.3,2.75,217.0,5662,Nehru Nagar
2026-05-12 23:30:00+00:00,59.5,88.5,29.7,60.0,2.8,221.0,5662,Nehru Nagar
2026-05-13 00:30:00+00:00,65.5,97.5,30.0,61.0,2.58,220.0,5662,Nehru Nagar
2026-05-13 01:30:00+00:00,81.0,121.0,31.5,59.3,2.6,221.0,5662,Nehru Nagar
2026-05-13 02:30:00+00:00,80.7,121.0,33.9,50.0,2.47,212.0,5662,Nehru Nagar
2026-05-13 03:30:00+00:00,77.0,116.0,35.9,45.7,2.47,207.0,5662,Nehru Nagar
2026-05-13 04:30:00+00:00,78.5,118.0,38.4,39.5,2.25,191.0,5662,Nehru Nagar
2026-05-13 05:30:00+00:00,65.7,98.3,40.1,33.0,1.9,207.0,5662,Nehru Nagar
2026-05-13 06:30:00+00:00,39.5,58.5,41.0,29.8,2.15,235.0,5662,Nehru Nagar
2026-05-13 07:30:00+00:00,65.0,97.0,40.9,30.0,2.65,292.0,5662,Nehru Nagar
2026-05-13 08:30:00+00:00,69.5,105.0,34.7,40.5,4.23,275.0,5662,Nehru Nagar
2026-05-13 09:30:00+00:00,28.7,44.0,34.7,34.3,2.53,205.0,5662,Nehru Nagar
2026-05-13 10:30:00+00:00,18.0,28.0,35.1,44.8,4.4,217.0,5662,Nehru Nagar
2026-05-13 11:30:00+00:00,41.0,62.0,34.7,44.8,3.08,225.0,5662,Nehru Nagar
2026-05-13 12:30:00+00:00,45.5,68.5,33.1,45.3,2.13,200.0,5662,Nehru Nagar
2026-05-13 13:30:00+00:00,34.0,51.0,32.4,39.8,1.45,224.0,5662,Nehru Nagar
2026-05-13 14:30:00+00:00,29.0,43.0,31.5,43.5,1.25,245.0,5662,Nehru Nagar
2026-05-13 15:30:00+00:00,36.5,54.5,31.2,43.8,0.65,144.0,5662,Nehru Nagar
2026-05-13 16:30:00+00:00,43.0,65.0,30.5,46.3,0.725,211.0,5662,Nehru Nagar
2026-05-13 17:30:00+00:00,46.0,69.3,29.7,49.7,0.7,241.0,5662,Nehru Nagar
2026-05-13 19:30:00+00:00,48.0,72.0,29.3,46.5,0.95,273.0,5662,Nehru Nagar
2026-05-13 20:30:00+00:00,50.0,75.0,28.8,47.8,0.6,246.0,5662,Nehru Nagar
2026-05-13 21:30:00+00:00,52.0,78.0,28.8,52.5,0.675,235.0,5662,Nehru Nagar
2026-05-13 22:30:00+00:00,54.0,81.0,28.8,49.5,1.43,157.0,5662,Nehru Nagar
2026-05-13 23:30:00+00:00,51.5,77.5,28.1,48.0,1.38,151.0,5662,Nehru Nagar
2026-05-14 00:30:00+00:00,48.5,72.5,29.2,48.8,1.5,171.0,5662,Nehru Nagar
2026-05-14 01:30:00+00:00,44.0,66.0,31.2,43.5,1.83,183.0,5662,Nehru Nagar
2026-05-14 02:30:00+00:00,38.5,58.5,33.2,39.3,2.05,180.0,5662,Nehru Nagar
2026-05-14 03:30:00+00:00,38.5,57.5,36.0,35.5,1.5,140.0,5662,Nehru Nagar
2026-05-14 04:30:00+00:00,41.5,61.5,37.7,31.0,1.63,170.0,5662,Nehru Nagar
2026-05-14 05:30:00+00:00,38.5,57.5,39.2,28.8,1.68,167.0,5662,Nehru Nagar
2026-05-14 06:30:00+00:00,30.5,45.5,40.1,26.8,2.0,263.0,5662,Nehru Nagar
2026-05-14 07:30:00+00:00,33.5,50.5,40.5,24.5,2.33,229.0,5662,Nehru Nagar
2026-05-14 08:30:00+00:00,48.0,72.0,41.1,22.7,2.1,275.0,5662,Nehru Nagar
2026-05-14 09:30:00+00:00,43.0,64.0,40.8,26.3,1.98,276.0,5662,Nehru Nagar
2026-05-14 10:30:00+00:00,36.5,54.5,39.5,32.3,2.8,213.0,5662,Nehru Nagar
2026-05-14 11:30:00+00:00,43.0,65.0,37.6,35.8,3.15,208.0,5662,Nehru Nagar
2026-05-14 12:30:00+00:00,49.0,74.0,35.8,37.8,2.18,199.0,5662,Nehru Nagar
2026-05-14 13:30:00+00:00,54.0,81.0,34.8,40.8,1.53,212.0,5662,Nehru Nagar
2026-05-14 14:30:00+00:00,56.5,84.5,34.3,42.5,1.63,172.0,5662,Nehru Nagar
2026-05-14 15:30:00+00:00,60.5,90.5,33.4,45.8,1.8,186.0,5662,Nehru Nagar
2026-05-14 16:30:00+00:00,63.0,95.0,32.1,51.8,2.1,200.0,5662,Nehru Nagar
2026-05-14 17:30:00+00:00,60.5,91.5,31.3,56.0,2.3,203.0,5662,Nehru Nagar
2026-05-14 18:30:00+00:00,41.0,61.0,31.0,57.0,2.5,221.0,5662,Nehru Nagar
2026-05-14 19:30:00+00:00,40.5,60.5,30.9,58.0,2.88,233.0,5662,Nehru Nagar
2026-05-14 20:30:00+00:00,43.0,65.0,30.7,57.0,2.85,232.0,5662,Nehru Nagar
2026-05-14 21:30:00+00:00,40.0,60.0,30.4,57.0,2.2,212.0,5662,Nehru Nagar
2026-05-14 22:30:00+00:00,42.0,62.0,30.0,55.5,1.75,202.0,5662,Nehru Nagar
2026-05-14 23:30:00+00:00,52.0,78.0,29.6,61.5,1.43,186.0,5662,Nehru Nagar
2026-05-15 00:30:00+00:00,58.5,88.5,30.3,61.5,1.53,211.0,5662,Nehru Nagar
2026-05-15 01:30:00+00:00,63.0,95.0,30.5,62.3,0.975,201.0,5662,Nehru Nagar
2026-05-15 02:30:00+00:00,67.7,102.0,31.3,61.0,1.8,142.0,5662,Nehru Nagar
2026-05-15 03:30:00+00:00,73.3,109.0,32.4,57.7,2.37,217.0,5662,Nehru Nagar
2026-05-15 04:30:00+00:00,58.0,86.0,35.5,45.8,2.23,221.0,5662,Nehru Nagar
2026-05-15 05:30:00+00:00,52.0,77.3,37.5,36.7,2.57,257.0,5662,Nehru Nagar
2026-05-15 06:30:00+00:00,49.5,74.5,38.4,34.8,2.48,226.0,5662,Nehru Nagar
2026-05-15 07:30:00+00:00,40.0,60.0,39.5,32.0,1.85,200.0,5662,Nehru Nagar
2026-05-15 08:30:00+00:00,39.3,58.0,40.3,29.7,1.77,232.0,5662,Nehru Nagar
2026-05-15 09:30:00+00:00,44.0,65.0,39.9,30.8,2.1,263.0,5662,Nehru Nagar
2026-05-15 10:30:00+00:00,37.5,55.5,39.7,29.3,1.98,287.0,5662,Nehru Nagar
2026-05-15 11:30:00+00:00,37.3,55.3,38.5,31.3,1.83,296.0,5662,Nehru Nagar
2026-05-15 12:30:00+00:00,34.0,50.0,36.5,30.5,1.78,285.0,5662,Nehru Nagar
2026-05-15 13:30:00+00:00,38.0,56.0,35.4,32.5,1.08,313.0,5662,Nehru Nagar
2026-05-15 14:30:00+00:00,47.0,70.0,34.7,36.0,0.7,280.0,5662,Nehru Nagar
2026-05-15 15:30:00+00:00,60.7,91.3,33.7,39.7,1.03,212.0,5662,Nehru Nagar
2026-05-15 16:30:00+00:00,60.0,90.0,33.2,42.0,0.775,162.0,5662,Nehru Nagar
2026-05-15 17:30:00+00:00,56.3,84.3,32.8,42.7,0.533,146.0,5662,Nehru Nagar
2026-05-15 19:30:00+00:00,90.0,136.0,31.2,52.0,0.3,128.0,5662,Nehru Nagar
2026-05-15 20:30:00+00:00,68.0,103.0,30.9,53.0,0.3,259.0,5662,Nehru Nagar
2026-05-15 21:30:00+00:00,52.0,78.0,31.0,53.0,0.85,157.0,5662,Nehru Nagar
2026-05-15 22:30:00+00:00,65.5,97.5,30.9,51.8,1.1,59.8,5662,Nehru Nagar
2026-05-15 23:30:00+00:00,74.5,112.0,31.1,49.3,0.875,96.5,5662,Nehru Nagar
2026-05-16 00:30:00+00:00,77.0,115.0,32.3,47.8,0.85,247.0,5662,Nehru Nagar
2026-05-16 01:30:00+00:00,80.7,120.0,33.9,45.0,1.43,337.0,5662,Nehru Nagar
2026-05-16 02:30:00+00:00,96.0,144.0,36.2,40.5,1.7,288.0,5662,Nehru Nagar
2026-05-16 03:30:00+00:00,76.0,114.0,37.6,33.5,2.08,263.0,5662,Nehru Nagar
2026-05-16 04:30:00+00:00,41.0,62.0,38.7,29.0,2.3,280.0,5662,Nehru Nagar
2026-05-16 05:30:00+00:00,34.0,51.0,39.4,30.0,2.73,257.0,5662,Nehru Nagar
2026-05-16 06:30:00+00:00,40.5,60.5,40.3,27.8,2.78,258.0,5662,Nehru Nagar
2026-05-16 07:30:00+00:00,34.0,51.0,40.9,25.0,2.75,290.0,5662,Nehru Nagar
2026-05-16 08:30:00+00:00,296.0,43.0,41.6,24.5,2.43,263.0,5662,Nehru Nagar
2026-05-16 09:30:00+00:00,400.0,356.0,41.3,23.0,2.98,260.0,5662,Nehru Nagar
2026-05-16 10:30:00+00:00,187.0,280.0,40.8,20.0,2.77,277.0,5662,Nehru Nagar
2026-05-16 11:30:00+00:00,67.5,102.0,39.2,21.3,2.2,296.0,5662,Nehru Nagar
2026-05-16 12:30:00+00:00,46.0,69.0,37.3,26.8,1.7,315.0,5662,Nehru Nagar
2026-05-16 13:30:00+00:00,46.0,69.0,36.3,30.0,1.23,325.0,5662,Nehru Nagar
2026-05-16 14:30:00+00:00,64.0,97.0,35.4,33.8,1.2,347.0,5662,Nehru Nagar
2026-05-16 15:30:00+00:00,58.0,87.3,34.9,35.0,1.0,303.0,5662,Nehru Nagar
2026-05-16 16:30:00+00:00,48.5,72.5,34.7,35.5,1.1,264.0,5662,Nehru Nagar
2026-05-16 17:30:00+00:00,47.3,70.7,34.3,33.3,0.8,296.0,5662,Nehru Nagar
2026-05-16 18:30:00+00:00,44.0,66.0,32.8,41.0,0.5,335.0,5662,Nehru Nagar
2026-05-16 19:30:00+00:00,45.5,68.5,32.5,38.8,0.325,302.0,5662,Nehru Nagar
2026-05-16 20:30:00+00:00,45.0,67.7,32.8,38.3,0.433,61.3,5662,Nehru Nagar
2026-05-16 21:30:00+00:00,62.0,93.0,32.0,41.3,0.9,88.5,5662,Nehru Nagar
2026-05-16 22:30:00+00:00,80.5,122.0,31.3,37.5,1.0,156.0,5662,Nehru Nagar
2026-05-16 23:30:00+00:00,72.5,110.0,31.3,41.8,0.65,127.0,5662,Nehru Nagar
2026-05-17 00:30:00+00:00,82.5,125.0,33.1,39.5,0.8,94.3,5662,Nehru Nagar
2026-05-17 01:30:00+00:00,97.5,147.0,35.6,35.5,1.03,52.8,5662,Nehru Nagar
2026-05-17 02:30:00+00:00,96.0,144.0,38.1,30.5,1.5,201.0,5662,Nehru Nagar
2026-05-17 03:30:00+00:00,80.5,121.0,39.5,26.5,2.1,263.0,5662,Nehru Nagar
2026-05-17 04:30:00+00:00,57.7,85.7,40.5,23.0,2.67,275.0,5662,Nehru Nagar
2026-05-17 05:30:00+00:00,35.5,53.5,41.4,20.0,3.18,299.0,5662,Nehru Nagar
2026-05-17 06:30:00+00:00,44.0,67.0,42.1,19.8,3.55,311.0,5662,Nehru Nagar
2026-05-17 07:30:00+00:00,42.5,64.5,41.9,19.0,4.75,330.0,5662,Nehru Nagar
2026-05-17 08:30:00+00:00,24.0,36.0,42.1,18.3,4.93,314.0,5662,Nehru Nagar
2026-05-17 09:30:00+00:00,30.7,46.0,42.5,18.3,4.27,312.0,5662,Nehru Nagar
2026-05-17 10:30:00+00:00,42.7,64.7,41.9,21.0,3.07,309.0,5662,Nehru Nagar
2026-05-17 11:30:00+00:00,25.7,39.0,40.1,23.7,2.3,321.0,5662,Nehru Nagar
2026-05-17 12:30:00+00:00,22.0,33.0,38.3,26.8,1.88,345.0,5662,Nehru Nagar
2026-05-17 13:30:00+00:00,29.5,44.5,37.2,30.0,1.08,349.0,5662,Nehru Nagar
2026-05-17 14:30:00+00:00,52.0,78.0,36.2,34.5,0.3,349.0,5662,Nehru Nagar
2026-05-17 15:30:00+00:00,82.5,124.0,35.3,36.5,0.3,349.0,5662,Nehru Nagar
2026-05-17 16:30:00+00:00,88.5,133.0,35.1,36.8,0.3,349.0,5662,Nehru Nagar
2026-05-17 17:30:00+00:00,90.7,135.0,34.8,36.3,0.333,349.0,5662,Nehru Nagar
2026-05-17 18:30:00+00:00,104.0,156.0,34.5,36.5,0.35,58.0,5662,Nehru Nagar
2026-05-17 19:30:00+00:00,103.0,155.0,34.4,35.0,0.575,124.0,5662,Nehru Nagar
2026-05-17 20:30:00+00:00,95.0,143.0,33.8,33.8,0.7,160.0,5662,Nehru Nagar
2026-05-17 21:30:00+00:00,92.0,138.0,33.4,35.3,0.875,160.0,5662,Nehru Nagar
2026-05-17 22:30:00+00:00,89.0,133.0,33.1,33.3,0.85,108.0,5662,Nehru Nagar
2026-05-17 23:30:00+00:00,69.3,104.0,32.9,34.7,0.733,110.0,5662,Nehru Nagar
2026-05-18 00:30:00+00:00,68.0,102.0,34.3,33.3,0.95,169.0,5662,Nehru Nagar
2026-05-18 01:30:00+00:00,80.0,120.0,36.7,31.0,1.25,88.3,5662,Nehru Nagar
2026-05-18 02:30:00+00:00,71.0,107.0,39.4,28.0,1.33,134.0,5662,Nehru Nagar
2026-05-18 03:30:00+00:00,55.0,83.0,41.1,25.0,1.88,186.0,5662,Nehru Nagar
2026-05-18 04:30:00+00:00,53.5,80.5,42.2,21.0,2.25,262.0,5662,Nehru Nagar
2026-05-18 05:30:00+00:00,44.0,66.0,43.3,18.3,2.6,281.0,5662,Nehru Nagar
2026-05-18 06:30:00+00:00,48.0,72.0,43.8,18.0,3.73,307.0,5662,Nehru Nagar
2026-05-18 07:30:00+00:00,40.5,60.5,43.8,20.5,3.83,293.0,5662,Nehru Nagar
2026-05-18 08:30:00+00:00,19.5,29.5,43.4,23.5,3.5,305.0,5662,Nehru Nagar
2026-05-18 09:30:00+00:00,22.5,34.5,42.6,26.0,3.53,305.0,5662,Nehru Nagar
2026-05-18 10:30:00+00:00,30.5,45.5,41.9,25.8,3.18,300.0,5662,Nehru Nagar
2026-05-18 11:30:00+00:00,36.5,54.5,40.7,24.0,2.48,327.0,5662,Nehru Nagar
2026-05-18 12:30:00+00:00,42.0,63.0,38.5,26.8,1.68,343.0,5662,Nehru Nagar
2026-05-18 13:30:00+00:00,35.5,53.5,37.3,29.3,1.1,349.0,5662,Nehru Nagar
2026-05-18 14:30:00+00:00,27.0,41.0,36.5,32.5,0.425,350.0,5662,Nehru Nagar
2026-05-18 15:30:00+00:00,50.5,75.5,35.6,35.3,0.3,349.0,5662,Nehru Nagar
2026-05-18 16:30:00+00:00,75.5,114.0,35.1,37.0,0.3,349.0,5662,Nehru Nagar
2026-05-18 17:30:00+00:00,73.3,111.0,34.9,37.3,0.3,349.0,5662,Nehru Nagar
2026-05-18 18:30:00+00:00,63.0,95.0,34.6,39.0,0.35,292.0,5662,Nehru Nagar
2026-05-18 19:30:00+00:00,66.5,99.5,34.5,39.3,0.3,48.8,5662,Nehru Nagar
2026-05-18 20:30:00+00:00,75.0,112.0,33.9,41.0,0.3,253.0,5662,Nehru Nagar
2026-05-18 21:30:00+00:00,71.5,108.0,33.7,39.8,0.4,240.0,5662,Nehru Nagar
2026-05-18 22:30:00+00:00,60.5,91.5,33.4,38.8,0.625,76.5,5662,Nehru Nagar
2026-05-18 23:30:00+00:00,62.0,94.0,32.9,37.3,0.775,83.5,5662,Nehru Nagar
2026-05-19 00:30:00+00:00,78.0,117.0,34.4,33.0,0.55,149.0,5662,Nehru Nagar
2026-05-19 01:30:00+00:00,102.0,152.0,37.3,29.3,0.675,120.0,5662,Nehru Nagar
2026-05-19 02:30:00+00:00,99.0,148.0,38.3,28.8,1.85,208.0,5662,Nehru Nagar
2026-05-19 03:30:00+00:00,93.0,139.0,39.0,30.0,2.03,216.0,5662,Nehru Nagar
2026-05-19 04:30:00+00:00,89.0,133.0,40.8,26.0,1.95,161.0,5662,Nehru Nagar
2026-05-19 05:30:00+00:00,64.7,97.3,43.3,23.3,1.1,155.0,5662,Nehru Nagar
2026-05-19 06:30:00+00:00,56.0,84.0,43.9,24.0,1.83,233.0,5662,Nehru Nagar
2026-05-19 07:30:00+00:00,52.7,78.7,44.0,22.7,2.93,286.0,5662,Nehru Nagar
2026-05-19 08:30:00+00:00,38.0,56.0,44.2,18.0,4.7,318.0,5662,Nehru Nagar
2026-05-19 09:30:00+00:00,38.0,56.0,43.6,19.8,4.53,315.0,5662,Nehru Nagar
2026-05-19 10:30:00+00:00,35.0,52.0,42.6,23.0,3.85,334.0,5662,Nehru Nagar
2026-05-19 11:30:00+00:00,38.5,57.5,41.3,25.0,3.05,340.0,5662,Nehru Nagar
2026-05-19 12:30:00+00:00,41.0,61.0,39.4,29.3,1.93,324.0,5662,Nehru Nagar
2026-05-19 13:30:00+00:00,38.7,58.0,38.1,32.3,1.77,344.0,5662,Nehru Nagar
2026-05-19 14:30:00+00:00,48.7,73.3,36.9,37.7,0.6,190.0,5662,Nehru Nagar
2026-05-19 15:30:00+00:00,72.0,107.0,36.6,41.8,0.975,212.0,5662,Nehru Nagar
2026-05-19 16:30:00+00:00,78.0,116.0,36.2,50.5,1.0,159.0,5662,Nehru Nagar
2026-05-19 17:30:00+00:00,78.0,116.0,35.7,50.0,0.9,129.0,5662,Nehru Nagar
2026-05-19 18:30:00+00:00,72.0,108.0,34.9,55.0,1.1,112.0,5662,Nehru Nagar
2026-05-19 19:30:00+00:00,72.0,108.0,34.3,56.0,1.13,177.0,5662,Nehru Nagar
2026-05-19 20:30:00+00:00,75.0,112.0,33.7,57.3,1.23,119.0,5662,Nehru Nagar
2026-05-19 21:30:00+00:00,77.0,115.0,33.4,56.0,0.775,109.0,5662,Nehru Nagar
2026-05-19 22:30:00+00:00,74.5,112.0,33.4,54.0,0.8,70.8,5662,Nehru Nagar
2026-05-19 23:30:00+00:00,70.5,106.0,33.3,52.5,0.775,95.3,5662,Nehru Nagar
2026-05-20 00:30:00+00:00,75.0,112.0,34.6,50.3,1.03,97.3,5662,Nehru Nagar
2026-05-20 01:30:00+00:00,82.0,123.0,36.1,43.3,1.5,211.0,5662,Nehru Nagar
2026-05-20 02:30:00+00:00,87.5,132.0,37.6,38.0,2.2,310.0,5662,Nehru Nagar
2026-05-20 03:30:00+00:00,93.0,139.0,38.9,36.5,2.6,340.0,5662,Nehru Nagar
2026-05-20 04:30:00+00:00,79.0,119.0,41.4,27.3,2.3,310.0,5662,Nehru Nagar
2026-05-20 05:30:00+00:00,19.0,29.0,42.7,24.0,2.9,242.0,5662,Nehru Nagar
2026-05-20 06:30:00+00:00,36.0,54.0,43.4,23.0,2.93,310.0,5662,Nehru Nagar
2026-05-20 07:30:00+00:00,51.5,76.5,44.2,19.8,3.53,295.0,5662,Nehru Nagar
2026-05-20 08:30:00+00:00,41.5,61.5,44.4,17.8,3.3,281.0,5662,Nehru Nagar
2026-05-20 09:30:00+00:00,25.0,37.0,44.2,17.0,3.05,290.0,5662,Nehru Nagar
2026-05-20 10:30:00+00:00,20.5,30.5,43.3,18.3,2.95,312.0,5662,Nehru Nagar
2026-05-20 11:30:00+00:00,23.0,34.0,41.7,22.3,2.15,322.0,5662,Nehru Nagar
2026-05-20 12:30:00+00:00,21.0,31.0,39.7,23.3,1.8,346.0,5662,Nehru Nagar
2026-05-20 13:30:00+00:00,36.0,54.0,38.1,27.5,1.55,349.0,5662,Nehru Nagar
2026-05-20 14:30:00+00:00,38.0,57.0,37.5,29.3,1.4,350.0,5662,Nehru Nagar
2026-05-20 15:30:00+00:00,42.5,63.5,36.0,33.0,0.3,349.0,5662,Nehru Nagar
2026-05-20 16:30:00+00:00,67.5,102.0,35.3,36.8,0.4,291.0,5662,Nehru Nagar
2026-05-20 17:30:00+00:00,65.0,98.3,35.4,35.3,1.37,349.0,5662,Nehru Nagar
2026-05-20 18:30:00+00:00,52.0,78.0,34.8,35.0,1.0,350.0,5662,Nehru Nagar
2026-05-20 19:30:00+00:00,51.0,77.0,34.6,34.8,0.525,335.0,5662,Nehru Nagar
2026-05-20 20:30:00+00:00,50.5,76.5,34.1,35.0,0.7,350.0,5662,Nehru Nagar
2026-05-20 21:30:00+00:00,48.0,72.7,33.7,34.7,0.867,341.0,5662,Nehru Nagar
2026-05-20 22:30:00+00:00,51.5,77.5,32.9,37.3,1.03,240.0,5662,Nehru Nagar
2026-05-20 23:30:00+00:00,85.7,128.0,32.5,36.0,1.5,268.0,5662,Nehru Nagar
2026-05-21 00:30:00+00:00,93.0,139.0,34.9,29.5,2.5,288.0,5662,Nehru Nagar
2026-05-21 01:30:00+00:00,68.5,103.0,36.4,26.0,3.18,303.0,5662,Nehru Nagar
2026-05-21 02:30:00+00:00,36.5,54.5,37.9,23.3,4.1,303.0,5662,Nehru Nagar
2026-05-21 03:30:00+00:00,28.0,42.0,40.0,21.3,4.3,321.0,5662,Nehru Nagar
2026-05-21 04:30:00+00:00,43.0,65.0,42.0,18.5,4.78,327.0,5662,Nehru Nagar
2026-05-21 05:30:00+00:00,32.5,49.5,42.9,16.0,4.88,320.0,5662,Nehru Nagar
2026-05-21 06:30:00+00:00,11.0,17.0,43.0,18.8,4.55,311.0,5662,Nehru Nagar
2026-05-21 07:30:00+00:00,16.0,24.0,43.7,15.0,4.17,294.0,5662,Nehru Nagar
2026-05-21 08:30:00+00:00,40.0,60.0,43.1,21.3,3.7,317.0,5662,Nehru Nagar
2026-05-21 09:30:00+00:00,39.0,59.0,43.7,18.8,2.85,267.0,5662,Nehru Nagar
2026-05-21 10:30:00+00:00,16.0,24.0,43.4,18.3,2.53,243.0,5662,Nehru Nagar
2026-05-21 11:30:00+00:00,12.0,18.0,42.7,19.5,1.38,223.0,5662,Nehru Nagar
2026-05-21 12:30:00+00:00,32.0,49.0,40.6,21.3,0.7,186.0,5662,Nehru Nagar
2026-05-21 13:30:00+00:00,53.5,80.5,38.8,25.3,0.575,207.0,5662,Nehru Nagar
2026-05-21 14:30:00+00:00,69.5,104.0,37.0,34.5,0.35,118.0,5662,Nehru Nagar
2026-05-21 15:30:00+00:00,77.0,115.0,36.4,35.8,0.425,256.0,5662,Nehru Nagar
2026-05-21 16:30:00+00:00,76.5,115.0,35.9,36.5,0.65,294.0,5662,Nehru Nagar
2026-05-21 17:30:00+00:00,75.3,113.0,35.2,35.7,0.467,270.0,5662,Nehru Nagar
2026-05-21 18:30:00+00:00,82.0,122.0,35.4,31.0,0.65,102.0,5662,Nehru Nagar
2026-05-21 19:30:00+00:00,76.5,115.0,35.0,30.3,0.775,142.0,5662,Nehru Nagar
2026-05-21 20:30:00+00:00,81.5,123.0,34.6,31.5,0.675,182.0,5662,Nehru Nagar
2026-05-21 21:30:00+00:00,99.0,149.0,34.4,32.0,1.15,224.0,5662,Nehru Nagar
2026-05-21 22:30:00+00:00,76.7,115.0,33.9,28.7,1.1,258.0,5662,Nehru Nagar
2026-05-21 23:30:00+00:00,48.5,72.5,33.9,29.3,2.03,257.0,5662,Nehru Nagar
2026-05-22 00:30:00+00:00,42.5,64.5,34.0,32.3,1.43,283.0,5662,Nehru Nagar
2026-05-22 01:30:00+00:00,42.0,64.0,35.7,31.3,1.5,338.0,5662,Nehru Nagar
2026-05-22 02:30:00+00:00,41.0,62.0,37.6,27.3,1.9,318.0,5662,Nehru Nagar
2026-05-22 03:30:00+00:00,41.3,62.0,38.4,24.0,2.73,320.0,5662,Nehru Nagar
2026-05-22 05:30:00+00:00,32.0,48.0,41.6,21.0,3.4,331.0,5662,Nehru Nagar
2026-05-22 06:30:00+00:00,33.5,50.5,42.6,16.0,3.83,298.0,5662,Nehru Nagar
2026-05-22 07:30:00+00:00,32.3,49.0,43.2,16.0,3.57,311.0,5662,Nehru Nagar
2026-05-22 08:30:00+00:00,27.5,41.5,43.6,15.3,3.2,303.0,5662,Nehru Nagar
2026-05-22 09:30:00+00:00,21.5,32.5,43.4,17.0,2.9,273.0,5662,Nehru Nagar
2026-05-22 10:30:00+00:00,20.5,30.5,42.8,18.8,2.53,262.0,5662,Nehru Nagar
2026-05-22 11:30:00+00:00,29.0,43.0,41.8,20.8,1.35,314.0,5662,Nehru Nagar
2026-05-22 12:30:00+00:00,35.5,53.5,39.6,23.5,0.875,315.0,5662,Nehru Nagar
2026-05-22 13:30:00+00:00,46.5,69.5,38.3,26.5,0.55,296.0,5662,Nehru Nagar
2026-05-22 14:30:00+00:00,71.5,107.0,37.0,29.3,0.35,172.0,5662,Nehru Nagar
2026-05-22 15:30:00+00:00,85.0,127.0,36.3,29.5,0.45,228.0,5662,Nehru Nagar
2026-05-22 16:30:00+00:00,81.5,122.0,35.7,32.8,0.3,333.0,5662,Nehru Nagar
2026-05-22 17:30:00+00:00,83.0,124.0,35.7,35.0,0.4,277.0,5662,Nehru Nagar
2026-05-22 20:30:00+00:00,76.0,114.0,34.1,31.5,1.03,154.0,5662,Nehru Nagar
2026-05-22 21:30:00+00:00,78.0,117.0,33.9,32.0,0.875,197.0,5662,Nehru Nagar
2026-05-22 22:30:00+00:00,88.0,132.0,33.2,32.3,0.825,177.0,5662,Nehru Nagar
2026-05-22 23:30:00+00:00,94.0,141.0,31.9,40.0,1.05,232.0,5662,Nehru Nagar
2026-05-23 00:30:00+00:00,101.0,152.0,33.2,38.5,0.95,330.0,5662,Nehru Nagar
2026-05-23 01:30:00+00:00,92.0,138.0,34.8,33.5,2.08,345.0,5662,Nehru Nagar
2026-05-23 02:30:00+00:00,67.0,100.0,36.9,31.0,2.48,341.0,5662,Nehru Nagar
2026-05-23 03:30:00+00:00,51.0,76.0,39.4,27.5,2.85,335.0,5662,Nehru Nagar
2026-05-23 04:30:00+00:00,39.5,58.5,41.2,22.0,3.68,321.0,5662,Nehru Nagar
2026-05-23 05:30:00+00:00,31.5,47.5,42.4,20.0,3.93,318.0,5662,Nehru Nagar
2026-05-23 06:30:00+00:00,29.5,44.5,43.1,20.3,4.33,312.0,5662,Nehru Nagar
2026-05-23 07:30:00+00:00,44.0,66.0,43.1,20.0,4.65,312.0,5662,Nehru Nagar
2026-05-23 08:30:00+00:00,39.0,59.0,42.0,25.0,2.85,300.0,5662,Nehru Nagar
2026-05-23 09:30:00+00:00,17.5,26.5,42.6,24.5,3.45,321.0,5662,Nehru Nagar
2026-05-23 10:30:00+00:00,20.5,30.5,42.0,24.8,3.48,329.0,5662,Nehru Nagar
2026-05-23 11:30:00+00:00,32.5,48.5,40.5,25.0,3.13,322.0,5662,Nehru Nagar
2026-05-23 12:30:00+00:00,39.0,58.0,39.0,26.5,2.15,338.0,5662,Nehru Nagar
2026-05-23 13:30:00+00:00,42.5,63.5,37.9,28.3,2.1,348.0,5662,Nehru Nagar
2026-05-23 14:30:00+00:00,46.5,69.5,37.3,28.3,1.98,344.0,5662,Nehru Nagar
2026-05-23 15:30:00+00:00,38.5,57.5,37.0,28.8,1.48,333.0,5662,Nehru Nagar
2026-05-23 16:30:00+00:00,36.5,54.5,36.4,28.5,0.675,210.0,5662,Nehru Nagar
2026-05-23 17:30:00+00:00,46.3,69.0,35.7,29.0,2.1,344.0,5662,Nehru Nagar
2026-05-23 19:30:00+00:00,46.0,70.0,34.8,32.0,1.1,214.0,5662,Nehru Nagar
2026-05-23 20:30:00+00:00,42.5,64.5,34.4,28.8,1.38,260.0,5662,Nehru Nagar
2026-05-23 21:30:00+00:00,38.5,57.5,33.9,31.0,1.05,312.0,5662,Nehru Nagar
2026-05-23 22:30:00+00:00,35.5,52.5,33.5,33.3,1.4,271.0,5662,Nehru Nagar
2026-05-23 23:30:00+00:00,38.0,57.0,33.2,35.5,1.08,154.0,5662,Nehru Nagar
2026-05-24 00:30:00+00:00,57.0,86.0,34.2,34.5,1.15,169.0,5662,Nehru Nagar
2026-05-24 01:30:00+00:00,70.3,106.0,35.4,33.3,2.03,237.0,5662,Nehru Nagar
2026-05-24 02:30:00+00:00,51.7,77.7,37.1,31.0,3.33,297.0,5662,Nehru Nagar
2026-05-24 03:30:00+00:00,43.3,65.3,38.7,27.3,3.43,312.0,5662,Nehru Nagar
2026-05-24 04:30:00+00:00,37.0,56.0,41.0,22.3,3.15,302.0,5662,Nehru Nagar
2026-05-24 05:30:00+00:00,34.0,51.0,42.0,21.3,3.68,306.0,5662,Nehru Nagar
2026-05-24 06:30:00+00:00,43.3,64.0,42.6,18.0,4.6,308.0,5662,Nehru Nagar
2026-05-24 07:30:00+00:00,43.0,64.0,43.4,16.8,3.78,308.0,5662,Nehru Nagar
2026-05-24 08:30:00+00:00,30.0,45.0,43.5,17.5,3.68,322.0,5662,Nehru Nagar
2026-05-24 09:30:00+00:00,14.5,21.5,43.3,16.3,3.5,318.0,5662,Nehru Nagar
2026-05-24 10:30:00+00:00,2.0,2.67,42.5,17.0,3.67,329.0,5662,Nehru Nagar
2026-05-24 11:30:00+00:00,13.5,20.5,41.1,18.8,2.3,336.0,5662,Nehru Nagar
2026-05-24 12:30:00+00:00,21.5,32.5,39.2,22.0,1.25,343.0,5662,Nehru Nagar
2026-05-24 13:30:00+00:00,34.0,50.7,37.8,25.0,0.333,325.0,5662,Nehru Nagar
2026-05-24 14:30:00+00:00,69.5,105.0,36.5,29.3,0.3,322.0,5662,Nehru Nagar
2026-05-24 15:30:00+00:00,93.5,141.0,36.3,31.3,0.3,35.8,5662,Nehru Nagar
2026-05-24 16:30:00+00:00,90.0,135.0,36.1,31.3,0.35,109.0,5662,Nehru Nagar
2026-05-24 17:30:00+00:00,88.0,133.0,35.5,31.7,0.3,342.0,5662,Nehru Nagar
2026-05-24 18:30:00+00:00,75.0,113.0,34.7,33.5,0.3,43.5,5662,Nehru Nagar
2026-05-24 19:30:00+00:00,69.5,105.0,35.1,30.3,0.8,56.5,5662,Nehru Nagar
2026-05-24 20:30:00+00:00,67.0,100.0,34.7,28.3,0.825,121.0,5662,Nehru Nagar
2026-05-24 21:30:00+00:00,66.0,99.0,34.0,28.0,0.725,137.0,5662,Nehru Nagar
2026-05-24 22:30:00+00:00,58.5,88.5,33.6,27.8,0.875,137.0,5662,Nehru Nagar
2026-05-24 23:30:00+00:00,50.5,76.5,33.5,28.8,0.975,158.0,5662,Nehru Nagar
2026-05-25 00:30:00+00:00,56.0,84.0,34.5,28.3,1.25,240.0,5662,Nehru Nagar
2026-05-25 01:30:00+00:00,65.0,97.0,35.6,26.8,3.38,301.0,5662,Nehru Nagar
2026-05-25 02:30:00+00:00,49.0,73.0,37.1,26.0,4.43,307.0,5662,Nehru Nagar
2026-05-25 03:30:00+00:00,37.5,55.5,38.9,25.0,3.8,322.0,5662,Nehru Nagar
2026-05-25 04:30:00+00:00,43.5,65.5,40.4,23.5,4.65,321.0,5662,Nehru Nagar
2026-05-25 05:30:00+00:00,46.0,70.0,41.2,24.0,5.0,311.0,5662,Nehru Nagar
2026-05-25 06:30:00+00:00,42.0,62.0,42.5,24.5,4.25,316.0,5662,Nehru Nagar
2026-05-25 07:30:00+00:00,49.0,73.0,42.8,24.0,4.15,322.0,5662,Nehru Nagar
2026-05-25 08:30:00+00:00,55.7,83.7,43.0,24.3,4.17,319.0,5662,Nehru Nagar
2026-05-25 09:30:00+00:00,45.0,68.0,43.2,23.5,3.65,303.0,5662,Nehru Nagar
2026-05-25 10:30:00+00:00,34.0,51.0,42.5,26.5,2.73,315.0,5662,Nehru Nagar
2026-05-25 11:30:00+00:00,46.3,69.0,40.9,31.0,1.53,287.0,5662,Nehru Nagar
2026-05-25 12:30:00+00:00,68.0,102.0,39.6,31.5,0.825,285.0,5662,Nehru Nagar
2026-05-25 13:30:00+00:00,63.5,95.5,38.4,33.8,0.525,338.0,5662,Nehru Nagar
2026-05-25 14:30:00+00:00,61.5,92.5,37.7,35.8,1.63,319.0,5662,Nehru Nagar
2026-05-25 15:30:00+00:00,64.7,97.3,36.6,26.3,2.37,298.0,5662,Nehru Nagar
2026-05-25 16:30:00+00:00,30.0,45.0,36.2,28.5,0.4,299.0,5662,Nehru Nagar
2026-05-25 17:30:00+00:00,30.3,45.7,36.0,30.3,0.4,63.7,5662,Nehru Nagar
2026-05-25 18:30:00+00:00,38.0,58.0,33.0,33.5,2.85,223.0,5662,Nehru Nagar
2026-05-25 19:30:00+00:00,36.0,55.0,32.4,35.5,1.5,221.0,5662,Nehru Nagar
2026-05-25 20:30:00+00:00,33.0,50.0,32.8,34.8,2.1,212.0,5662,Nehru Nagar
2026-05-25 21:30:00+00:00,32.7,48.7,32.6,35.7,1.73,127.0,5662,Nehru Nagar
2026-05-25 22:30:00+00:00,33.5,49.5,32.0,37.0,1.93,114.0,5662,Nehru Nagar
2026-05-25 23:30:00+00:00,33.5,50.5,31.7,38.5,2.33,95.0,5662,Nehru Nagar
2026-05-26 00:30:00+00:00,36.0,55.0,32.5,38.5,2.4,90.0,5662,Nehru Nagar
2026-05-26 01:30:00+00:00,42.0,64.0,34.2,36.5,2.2,122.0,5662,Nehru Nagar
2026-05-26 02:30:00+00:00,42.0,63.0,36.4,33.5,2.58,103.0,5662,Nehru Nagar
2026-05-26 03:30:00+00:00,38.0,56.0,37.6,30.0,3.1,112.0,5662,Nehru Nagar
2026-05-26 04:30:00+00:00,41.0,61.0,40.9,26.0,2.8,216.0,5662,Nehru Nagar
2026-05-26 05:30:00+00:00,41.5,62.5,41.5,24.8,3.73,294.0,5662,Nehru Nagar
2026-05-26 06:30:00+00:00,40.0,60.0,42.6,22.5,4.25,313.0,5662,Nehru Nagar
2026-05-26 07:30:00+00:00,40.0,59.3,43.2,18.3,4.3,305.0,5662,Nehru Nagar
2026-05-26 08:30:00+00:00,36.5,54.5,43.1,17.0,4.88,317.0,5662,Nehru Nagar
2026-05-26 09:30:00+00:00,28.7,43.3,42.9,17.0,4.07,313.0,5662,Nehru Nagar
2026-05-26 10:30:00+00:00,27.0,41.0,42.4,16.8,3.3,328.0,5662,Nehru Nagar
2026-05-26 11:30:00+00:00,24.5,37.5,41.3,19.8,1.88,343.0,5662,Nehru Nagar
2026-05-26 12:30:00+00:00,28.0,42.0,39.0,24.3,1.2,268.0,5662,Nehru Nagar
2026-05-26 13:30:00+00:00,34.0,50.7,37.6,26.3,0.7,249.0,5662,Nehru Nagar
2026-05-26 14:30:00+00:00,46.7,70.7,36.2,30.3,0.3,250.0,5662,Nehru Nagar
2026-05-26 15:30:00+00:00,70.0,105.0,35.1,33.3,0.3,350.0,5662,Nehru Nagar
2026-05-26 16:30:00+00:00,59.5,88.5,34.9,32.5,0.3,350.0,5662,Nehru Nagar
2026-05-26 17:30:00+00:00,51.7,77.0,34.9,33.0,0.3,350.0,5662,Nehru Nagar
2026-05-26 18:30:00+00:00,47.0,71.0,34.3,29.0,0.45,350.0,5662,Nehru Nagar
2026-05-26 19:30:00+00:00,72.0,108.0,34.7,27.8,1.53,206.0,5662,Nehru Nagar
2026-05-26 20:30:00+00:00,108.0,161.0,34.6,27.3,1.18,132.0,5662,Nehru Nagar
2026-05-26 21:30:00+00:00,92.0,137.0,32.7,34.3,2.38,221.0,5662,Nehru Nagar
2026-05-26 22:30:00+00:00,55.3,83.3,32.4,33.3,1.1,147.0,5662,Nehru Nagar
2026-05-26 23:30:00+00:00,50.5,76.5,32.2,35.5,0.575,212.0,5662,Nehru Nagar
2026-05-27 00:30:00+00:00,73.0,110.0,34.0,32.5,0.8,198.0,5662,Nehru Nagar
2026-05-27 01:30:00+00:00,101.0,151.0,36.2,30.0,1.38,297.0,5662,Nehru Nagar
2026-05-27 02:30:00+00:00,91.0,136.0,38.5,25.3,1.55,168.0,5662,Nehru Nagar
2026-05-27 03:30:00+00:00,53.5,80.5,40.6,21.0,1.78,121.0,5662,Nehru Nagar
2026-05-27 04:30:00+00:00,29.5,44.5,42.7,18.5,1.45,180.0,5662,Nehru Nagar
2026-05-27 05:30:00+00:00,28.7,43.3,43.5,14.3,2.17,215.0,5662,Nehru Nagar
2026-05-27 06:30:00+00:00,26.7,40.7,44.0,10.7,2.8,281.0,5662,Nehru Nagar
2026-05-27 11:30:00+00:00,27.0,41.0,40.8,21.5,2.4,321.0,5662,Nehru Nagar
2026-05-27 12:30:00+00:00,22.0,33.0,39.2,21.8,1.73,340.0,5662,Nehru Nagar
2026-05-27 13:30:00+00:00,21.0,31.0,38.0,24.3,0.675,350.0,5662,Nehru Nagar
2026-05-27 14:30:00+00:00,41.5,61.5,36.4,33.0,3.05,226.0,5662,Nehru Nagar
2026-05-27 15:30:00+00:00,49.5,73.5,35.3,41.0,3.38,231.0,5662,Nehru Nagar
2026-05-27 16:30:00+00:00,41.5,61.5,34.5,42.0,3.2,219.0,5662,Nehru Nagar
2026-05-27 17:30:00+00:00,41.7,61.7,34.1,40.7,3.1,230.0,5662,Nehru Nagar
2026-05-27 18:30:00+00:00,30.0,46.0,33.2,42.0,3.45,226.0,5662,Nehru Nagar
2026-05-27 19:30:00+00:00,38.7,58.7,32.5,45.7,3.37,243.0,5662,Nehru Nagar
2026-05-27 20:30:00+00:00,43.5,65.5,31.7,46.5,3.9,230.0,5662,Nehru Nagar
2026-05-27 21:30:00+00:00,35.0,52.0,31.0,52.0,4.35,253.0,5662,Nehru Nagar
2026-05-27 22:30:00+00:00,28.0,41.0,30.4,57.8,4.35,249.0,5662,Nehru Nagar
2026-05-27 23:30:00+00:00,26.0,38.0,30.0,57.0,4.0,245.0,5662,Nehru Nagar
2026-05-28 00:30:00+00:00,26.0,38.0,30.0,57.3,4.4,243.0,5662,Nehru Nagar
2026-05-28 01:30:00+00:00,29.5,43.5,30.8,56.3,5.1,236.0,5662,Nehru Nagar
2026-05-28 02:30:00+00:00,27.5,40.5,31.9,55.5,4.8,236.0,5662,Nehru Nagar
2026-05-28 03:30:00+00:00,28.5,42.5,33.2,52.5,4.4,223.0,5662,Nehru Nagar
2026-05-28 04:30:00+00:00,30.5,46.5,34.8,47.8,3.85,214.0,5662,Nehru Nagar
2026-05-28 05:30:00+00:00,32.5,49.5,36.2,45.0,3.33,208.0,5662,Nehru Nagar
2026-05-28 06:30:00+00:00,34.5,52.5,37.4,41.8,3.35,198.0,5662,Nehru Nagar
2026-05-28 07:30:00+00:00,37.0,56.0,38.4,38.8,2.8,210.0,5662,Nehru Nagar
2026-05-28 08:30:00+00:00,35.5,53.5,38.9,36.5,3.18,207.0,5662,Nehru Nagar
2026-05-28 09:30:00+00:00,33.3,50.7,39.3,34.0,2.9,216.0,5662,Nehru Nagar
2026-05-28 10:30:00+00:00,40.5,61.5,39.2,33.0,2.55,217.0,5662,Nehru Nagar
2026-05-28 11:30:00+00:00,41.0,61.7,38.5,35.7,2.73,209.0,5662,Nehru Nagar
2026-05-28 12:30:00+00:00,37.0,55.0,37.0,38.0,2.9,234.0,5662,Nehru Nagar
2026-05-28 13:30:00+00:00,46.7,70.0,36.5,38.3,2.93,234.0,5662,Nehru Nagar
2026-05-28 14:30:00+00:00,50.0,76.0,35.6,47.0,3.7,231.0,5662,Nehru Nagar
2026-05-28 16:30:00+00:00,46.0,70.0,34.0,50.5,3.45,264.0,5662,Nehru Nagar
2026-05-28 17:30:00+00:00,42.7,64.7,32.4,55.3,3.7,228.0,5662,Nehru Nagar
2026-05-28 18:30:00+00:00,38.0,56.0,29.4,74.5,2.05,332.0,5662,Nehru Nagar
2026-05-28 19:30:00+00:00,50.0,75.0,27.7,75.0,3.73,271.0,5662,Nehru Nagar
2026-05-28 20:30:00+00:00,33.5,50.5,24.1,79.3,4.13,269.0,5662,Nehru Nagar
2026-05-28 21:30:00+00:00,5.0,7.0,25.4,77.5,2.15,162.0,5662,Nehru Nagar
2026-05-28 23:30:00+00:00,18.0,26.0,25.7,74.3,2.83,217.0,5662,Nehru Nagar
2026-05-29 00:30:00+00:00,12.0,17.0,26.2,71.3,2.15,218.0,5662,Nehru Nagar
2026-05-29 01:30:00+00:00,7.5,10.5,27.4,66.8,2.28,242.0,5662,Nehru Nagar
2026-05-29 02:30:00+00:00,9.5,13.5,28.7,62.5,2.33,250.0,5662,Nehru Nagar
2026-05-29 03:30:00+00:00,9.0,13.0,30.0,58.3,3.65,212.0,5662,Nehru Nagar
2026-05-29 04:30:00+00:00,11.0,17.0,32.0,52.8,3.4,195.0,5662,Nehru Nagar
2026-05-29 05:30:00+00:00,13.7,21.0,33.4,47.0,3.7,195.0,5662,Nehru Nagar
2026-05-29 06:30:00+00:00,10.0,14.0,34.8,42.0,3.3,199.0,5662,Nehru Nagar
2026-05-29 07:30:00+00:00,7.5,10.5,35.1,42.5,3.15,185.0,5662,Nehru Nagar
2026-05-29 08:30:00+00:00,5.0,7.0,35.9,41.5,2.95,181.0,5662,Nehru Nagar
2026-05-29 09:30:00+00:00,2.0,2.0,35.6,42.5,3.5,199.0,5662,Nehru Nagar
2026-05-29 10:30:00+00:00,2.0,3.0,35.3,44.3,2.73,193.0,5662,Nehru Nagar
2026-05-29 11:30:00+00:00,4.0,7.0,34.2,47.0,3.08,199.0,5662,Nehru Nagar
2026-05-29 12:30:00+00:00,6.0,8.67,32.8,50.7,2.97,198.0,5662,Nehru Nagar
2026-05-29 13:30:00+00:00,12.5,18.5,32.0,51.8,3.83,225.0,5662,Nehru Nagar
2026-05-29 14:30:00+00:00,40.5,60.5,31.3,52.3,4.0,239.0,5662,Nehru Nagar
2026-05-29 15:30:00+00:00,44.0,66.0,30.6,57.0,3.6,226.0,5662,Nehru Nagar
2026-05-29 16:30:00+00:00,26.5,40.5,30.2,59.5,2.23,225.0,5662,Nehru Nagar
2026-05-29 17:30:00+00:00,32.0,48.0,27.0,72.7,4.83,286.0,5662,Nehru Nagar
2026-05-29 19:30:00+00:00,14.0,20.0,25.1,79.8,1.58,121.0,5662,Nehru Nagar
2026-05-29 20:30:00+00:00,10.5,15.5,26.3,76.5,1.98,94.0,5662,Nehru Nagar
2026-05-29 21:30:00+00:00,8.0,12.0,26.9,69.5,2.28,144.0,5662,Nehru Nagar
2026-05-29 22:30:00+00:00,9.5,13.5,25.9,75.3,2.0,214.0,5662,Nehru Nagar
2026-05-29 23:30:00+00:00,10.0,14.0,25.9,74.8,2.15,247.0,5662,Nehru Nagar
2026-05-30 00:30:00+00:00,9.5,13.5,25.6,71.3,2.9,214.0,5662,Nehru Nagar
2026-05-30 01:30:00+00:00,11.5,16.5,26.5,70.5,3.23,215.0,5662,Nehru Nagar
2026-05-30 02:30:00+00:00,16.5,24.5,29.9,62.0,2.5,214.0,5662,Nehru Nagar
2026-05-30 03:30:00+00:00,18.5,28.5,31.0,58.5,2.98,215.0,5662,Nehru Nagar
2026-05-30 04:30:00+00:00,20.5,31.5,31.6,58.3,3.23,229.0,5662,Nehru Nagar
2026-05-30 05:30:00+00:00,23.0,35.0,33.3,47.8,2.63,218.0,5662,Nehru Nagar
2026-05-30 06:30:00+00:00,22.0,33.0,34.4,45.8,2.65,219.0,5662,Nehru Nagar
2026-05-30 07:30:00+00:00,19.0,28.3,35.0,42.7,2.97,236.0,5662,Nehru Nagar
2026-05-30 08:30:00+00:00,18.5,27.5,34.6,44.8,2.83,241.0,5662,Nehru Nagar
2026-05-30 09:30:00+00:00,21.0,31.0,35.0,43.5,2.48,240.0,5662,Nehru Nagar
2026-05-30 10:30:00+00:00,22.0,33.0,35.0,42.5,2.48,189.0,5662,Nehru Nagar
2026-05-30 11:30:00+00:00,23.0,35.0,34.3,44.0,2.75,198.0,5662,Nehru Nagar
2026-05-30 12:30:00+00:00,26.0,40.0,33.0,48.3,2.2,203.0,5662,Nehru Nagar
2026-05-30 13:30:00+00:00,34.0,52.0,31.7,51.8,2.35,199.0,5662,Nehru Nagar
2026-05-30 14:30:00+00:00,32.5,49.5,29.6,61.3,3.18,194.0,5662,Nehru Nagar
2026-05-30 15:30:00+00:00,22.0,33.0,28.9,63.5,2.43,219.0,5662,Nehru Nagar
2026-05-30 16:30:00+00:00,16.5,24.5,28.1,66.3,2.7,248.0,5662,Nehru Nagar
2026-05-30 17:30:00+00:00,19.7,29.7,27.3,68.7,2.7,278.0,5662,Nehru Nagar
2026-05-30 18:30:00+00:00,13.0,19.0,26.5,72.0,3.3,209.0,5662,Nehru Nagar
2026-05-30 19:30:00+00:00,18.5,27.5,26.1,73.3,3.1,203.0,5662,Nehru Nagar
2026-05-30 20:30:00+00:00,20.0,30.0,25.8,74.0,3.15,200.0,5662,Nehru Nagar
2026-05-30 21:30:00+00:00,15.0,22.0,25.5,74.0,2.33,196.0,5662,Nehru Nagar
2026-05-30 22:30:00+00:00,13.5,19.5,25.3,74.8,2.03,184.0,5662,Nehru Nagar
2026-05-30 23:30:00+00:00,13.5,20.5,25.6,74.5,1.78,225.0,5662,Nehru Nagar
2026-05-31 00:30:00+00:00,16.0,24.0,26.5,72.3,2.23,179.0,5662,Nehru Nagar
2026-05-31 01:30:00+00:00,16.5,24.5,28.4,68.0,2.28,193.0,5662,Nehru Nagar
2026-05-31 02:30:00+00:00,19.5,29.5,31.1,60.8,2.08,215.0,5662,Nehru Nagar
2026-05-31 03:30:00+00:00,27.0,40.0,32.8,54.3,2.28,206.0,5662,Nehru Nagar
2026-05-31 04:30:00+00:00,29.0,43.0,34.4,46.8,2.18,207.0,5662,Nehru Nagar
2026-05-31 05:30:00+00:00,27.5,41.5,35.7,40.5,1.7,227.0,5662,Nehru Nagar
2026-05-31 06:30:00+00:00,26.3,39.7,36.3,36.7,2.27,230.0,5662,Nehru Nagar
2026-05-31 07:30:00+00:00,20.0,30.0,37.1,34.8,2.3,241.0,5662,Nehru Nagar
2026-05-31 08:30:00+00:00,20.5,30.5,37.0,38.5,2.6,276.0,5662,Nehru Nagar
2026-05-31 09:30:00+00:00,20.0,30.0,36.9,37.3,3.18,265.0,5662,Nehru Nagar
2026-05-31 10:30:00+00:00,19.0,29.0,32.6,49.5,5.8,244.0,5662,Nehru Nagar
2026-05-31 11:30:00+00:00,18.0,27.0,30.2,52.3,4.48,208.0,5662,Nehru Nagar
2026-05-31 12:30:00+00:00,13.0,20.0,30.5,45.0,2.15,244.0,5662,Nehru Nagar
2026-05-31 13:30:00+00:00,15.5,23.5,30.2,44.3,1.28,320.0,5662,Nehru Nagar
2026-05-31 14:30:00+00:00,19.5,29.5,29.3,46.5,3.33,297.0,5662,Nehru Nagar
2026-05-31 15:30:00+00:00,17.5,26.5,28.5,57.5,1.8,167.0,5662,Nehru Nagar
2026-05-31 16:30:00+00:00,18.0,27.0,28.7,57.5,2.05,232.0,5662,Nehru Nagar
2026-05-31 17:30:00+00:00,23.0,35.0,27.6,61.5,2.65,228.0,5662,Nehru Nagar
2026-05-31 18:30:00+00:00,14.0,20.0,27.4,63.0,1.7,212.0,5662,Nehru Nagar
2026-05-31 19:30:00+00:00,18.5,27.5,27.9,58.5,1.5,226.0,5662,Nehru Nagar
2026-05-31 20:30:00+00:00,24.5,37.5,27.8,58.3,2.03,222.0,5662,Nehru Nagar
2026-05-31 21:30:00+00:00,35.0,53.0,27.1,63.3,2.15,213.0,5662,Nehru Nagar
2026-05-31 22:30:00+00:00,36.0,54.0,26.7,67.5,1.93,217.0,5662,Nehru Nagar
2026-05-31 23:30:00+00:00,29.0,43.0,26.7,67.5,1.1,215.0,5662,Nehru Nagar
2026-06-01 00:30:00+00:00,30.0,44.0,26.2,72.3,3.03,287.0,5662,Nehru Nagar
2026-06-01 01:30:00+00:00,24.5,36.5,27.2,71.5,3.18,232.0,5662,Nehru Nagar
2026-06-01 02:30:00+00:00,20.0,30.0,30.7,55.3,1.55,226.0,5662,Nehru Nagar
2026-06-01 03:30:00+00:00,18.5,27.5,32.8,50.3,2.18,253.0,5662,Nehru Nagar
2026-06-01 04:30:00+00:00,23.0,35.0,34.3,47.8,2.18,262.0,5662,Nehru Nagar
2026-06-01 05:30:00+00:00,24.5,37.5,34.9,46.3,2.23,278.0,5662,Nehru Nagar
2026-06-01 06:30:00+00:00,20.5,31.5,35.3,46.0,2.73,272.0,5662,Nehru Nagar
2026-06-01 07:30:00+00:00,29.5,44.5,36.2,44.0,2.93,276.0,5662,Nehru Nagar
2026-06-01 08:30:00+00:00,31.5,46.5,35.1,43.5,3.55,234.0,5662,Nehru Nagar
2026-06-01 09:30:00+00:00,26.0,38.0,34.6,44.0,4.03,221.0,5662,Nehru Nagar
2026-06-01 10:30:00+00:00,20.0,30.0,33.9,45.7,3.93,199.0,5662,Nehru Nagar
2026-06-01 11:30:00+00:00,22.0,33.0,33.6,45.0,3.03,192.0,5662,Nehru Nagar
2026-06-01 12:30:00+00:00,25.0,37.0,32.2,49.5,2.43,178.0,5662,Nehru Nagar
2026-06-01 13:30:00+00:00,29.5,43.5,31.5,52.5,1.83,197.0,5662,Nehru Nagar
2026-06-01 14:30:00+00:00,33.0,49.0,31.1,55.3,1.38,213.0,5662,Nehru Nagar
2026-06-01 15:30:00+00:00,36.0,54.0,30.5,58.0,1.33,212.0,5662,Nehru Nagar
2026-06-01 16:30:00+00:00,41.5,62.5,29.9,61.0,1.03,260.0,5662,Nehru Nagar
2026-06-01 17:30:00+00:00,43.0,64.3,29.5,61.3,1.17,209.0,5662,Nehru Nagar
2026-06-01 18:30:00+00:00,32.0,48.0,29.0,62.5,1.35,215.0,5662,Nehru Nagar
2026-06-01 19:30:00+00:00,31.0,47.0,28.5,65.0,1.53,188.0,5662,Nehru Nagar
2026-06-01 20:30:00+00:00,29.0,44.0,28.0,66.5,1.25,202.0,5662,Nehru Nagar
2026-06-01 21:30:00+00:00,34.7,51.3,28.3,63.7,0.433,202.0,5662,Nehru Nagar
2026-06-01 22:30:00+00:00,47.0,70.0,28.4,62.5,0.85,204.0,5662,Nehru Nagar
2026-06-01 23:30:00+00:00,62.7,93.3,28.4,65.0,1.1,147.0,5662,Nehru Nagar
2026-06-02 00:30:00+00:00,63.5,94.5,29.9,60.3,1.05,187.0,5662,Nehru Nagar
2026-06-02 01:30:00+00:00,52.7,78.7,32.3,48.7,1.57,204.0,5662,Nehru Nagar
2026-06-02 02:30:00+00:00,35.0,53.0,33.6,46.8,1.95,246.0,5662,Nehru Nagar
2026-06-02 03:30:00+00:00,40.0,60.0,35.0,43.0,2.4,216.0,5662,Nehru Nagar
2026-06-02 04:30:00+00:00,38.0,56.0,36.8,36.5,1.95,221.0,5662,Nehru Nagar
2026-06-02 05:30:00+00:00,23.3,34.7,38.3,33.3,1.57,191.0,5662,Nehru Nagar
2026-06-02 06:30:00+00:00,18.7,27.3,38.5,32.7,2.03,153.0,5662,Nehru Nagar
2026-06-02 07:30:00+00:00,23.0,34.0,38.9,32.3,1.98,224.0,5662,Nehru Nagar
2026-06-02 08:30:00+00:00,32.5,48.5,38.3,33.5,2.25,189.0,5662,Nehru Nagar
2026-06-02 09:30:00+00:00,32.7,48.7,37.9,34.3,1.97,221.0,5662,Nehru Nagar
2026-06-02 11:30:00+00:00,27.3,41.3,37.7,34.3,0.933,272.0,5662,Nehru Nagar
2026-06-02 12:30:00+00:00,45.5,68.5,36.5,37.5,0.75,287.0,5662,Nehru Nagar
2026-06-02 13:30:00+00:00,51.5,77.5,34.6,41.0,1.6,124.0,5662,Nehru Nagar
2026-06-02 14:30:00+00:00,42.5,64.5,33.5,43.0,1.08,283.0,5662,Nehru Nagar
2026-06-02 15:30:00+00:00,43.0,65.0,33.1,46.8,1.88,343.0,5662,Nehru Nagar
2026-06-02 16:30:00+00:00,38.5,57.5,32.6,49.5,1.75,341.0,5662,Nehru Nagar
2026-06-02 17:30:00+00:00,34.3,51.0,31.8,53.0,1.8,347.0,5662,Nehru Nagar
2026-06-02 18:30:00+00:00,37.0,55.0,31.4,53.0,0.75,324.0,5662,Nehru Nagar
2026-06-02 19:30:00+00:00,39.5,58.5,31.2,56.8,0.925,309.0,5662,Nehru Nagar
2026-06-02 20:30:00+00:00,45.0,67.0,30.6,61.5,1.73,350.0,5662,Nehru Nagar
2026-06-02 21:30:00+00:00,44.5,66.5,30.3,63.0,1.28,348.0,5662,Nehru Nagar
2026-06-02 22:30:00+00:00,45.0,67.0,30.1,63.8,1.18,350.0,5662,Nehru Nagar
2026-06-02 23:30:00+00:00,49.5,74.5,30.2,62.3,0.85,333.0,5662,Nehru Nagar
2026-06-03 00:30:00+00:00,53.5,80.5,31.6,58.3,1.35,227.0,5662,Nehru Nagar
2026-06-03 01:30:00+00:00,53.0,79.0,33.1,54.3,1.9,223.0,5662,Nehru Nagar
2026-06-03 02:30:00+00:00,43.5,64.5,35.3,46.0,1.65,221.0,5662,Nehru Nagar
2026-06-03 03:30:00+00:00,34.0,50.0,37.3,39.8,1.4,232.0,5662,Nehru Nagar
2026-06-03 04:30:00+00:00,28.5,42.5,38.0,36.5,2.28,224.0,5662,Nehru Nagar
2026-06-03 05:30:00+00:00,24.5,37.5,38.4,32.8,2.08,261.0,5662,Nehru Nagar
2026-06-03 06:30:00+00:00,18.5,28.5,38.9,30.8,2.05,264.0,5662,Nehru Nagar
2026-06-03 07:30:00+00:00,25.0,38.0,37.1,36.5,2.88,171.0,5662,Nehru Nagar
2026-06-03 08:30:00+00:00,22.3,33.7,36.1,39.0,1.6,157.0,5662,Nehru Nagar
2026-06-03 09:30:00+00:00,19.0,29.0,37.5,38.5,3.0,319.0,5662,Nehru Nagar
2026-06-03 11:30:00+00:00,27.0,40.0,36.8,41.0,1.45,287.0,5662,Nehru Nagar
2026-06-03 12:30:00+00:00,49.0,73.0,35.4,45.0,1.05,274.0,5662,Nehru Nagar
2026-06-03 13:30:00+00:00,48.0,72.0,34.6,46.5,0.85,230.0,5662,Nehru Nagar
2026-06-03 14:30:00+00:00,36.3,55.0,34.0,51.0,0.667,248.0,5662,Nehru Nagar
2026-06-03 15:30:00+00:00,44.5,66.5,33.7,50.8,0.575,147.0,5662,Nehru Nagar
2026-06-03 16:30:00+00:00,53.5,79.5,33.3,53.0,0.625,70.3,5662,Nehru Nagar
2026-06-03 17:30:00+00:00,57.7,86.3,32.9,52.3,0.467,64.0,5662,Nehru Nagar
2026-06-03 18:30:00+00:00,57.0,85.0,32.6,51.5,0.3,165.0,5662,Nehru Nagar
2026-06-03 19:30:00+00:00,57.5,85.5,31.9,56.5,0.3,334.0,5662,Nehru Nagar
2026-06-03 20:30:00+00:00,60.7,90.0,31.6,59.7,0.3,281.0,5662,Nehru Nagar
2026-06-03 21:30:00+00:00,60.0,90.0,31.2,59.3,0.3,350.0,5662,Nehru Nagar
2026-06-03 22:30:00+00:00,58.0,87.0,31.2,63.5,0.35,210.0,5662,Nehru Nagar
2026-06-03 23:30:00+00:00,60.0,90.0,31.2,64.8,0.3,170.0,5662,Nehru Nagar
2026-06-04 00:30:00+00:00,76.0,115.0,32.9,57.3,1.0,162.0,5662,Nehru Nagar
2026-06-04 01:30:00+00:00,70.0,105.0,34.3,51.8,1.3,165.0,5662,Nehru Nagar
2026-06-04 02:30:00+00:00,53.5,79.5,35.5,46.0,1.53,115.0,5662,Nehru Nagar
2026-06-04 03:30:00+00:00,42.0,63.0,37.4,40.8,1.2,187.0,5662,Nehru Nagar
2026-06-04 04:30:00+00:00,30.0,45.0,38.0,39.0,2.05,203.0,5662,Nehru Nagar
2026-06-04 05:30:00+00:00,39.0,57.7,39.2,36.3,2.03,245.0,5662,Nehru Nagar
2026-06-04 06:30:00+00:00,47.5,70.5,39.7,33.3,2.15,245.0,5662,Nehru Nagar
2026-06-04 07:30:00+00:00,44.5,66.5,40.0,32.0,2.68,288.0,5662,Nehru Nagar
2026-06-04 08:30:00+00:00,47.7,71.0,40.5,31.7,2.53,283.0,5662,Nehru Nagar
2026-06-04 09:30:00+00:00,37.3,55.3,40.8,32.0,2.13,307.0,5662,Nehru Nagar
2026-06-04 10:30:00+00:00,39.0,59.0,40.3,32.8,2.23,263.0,5662,Nehru Nagar
2026-06-04 11:30:00+00:00,36.7,56.0,39.3,34.3,1.63,281.0,5662,Nehru Nagar
2026-06-04 12:30:00+00:00,35.5,53.5,37.5,37.0,1.5,338.0,5662,Nehru Nagar
2026-06-04 13:30:00+00:00,40.0,60.0,36.5,37.3,1.15,291.0,5662,Nehru Nagar
2026-06-04 14:30:00+00:00,40.5,60.5,35.3,39.8,0.775,224.0,5662,Nehru Nagar
2026-06-04 15:30:00+00:00,44.0,65.0,34.8,44.5,0.525,167.0,5662,Nehru Nagar
2026-06-04 16:30:00+00:00,55.0,82.0,34.6,47.5,0.775,146.0,5662,Nehru Nagar
2026-06-04 17:30:00+00:00,66.0,99.3,34.5,47.7,1.3,203.0,5662,Nehru Nagar
2026-06-04 19:30:00+00:00,48.0,72.0,31.9,48.0,4.0,336.0,5662,Nehru Nagar
2026-06-04 20:30:00+00:00,39.0,58.0,30.8,47.8,3.7,331.0,5662,Nehru Nagar
2026-06-04 21:30:00+00:00,21.5,31.5,29.8,51.8,2.3,300.0,5662,Nehru Nagar
2026-06-04 22:30:00+00:00,15.0,22.0,29.4,53.5,2.03,325.0,5662,Nehru Nagar
2026-06-04 23:30:00+00:00,10.5,15.5,29.2,55.0,2.88,302.0,5662,Nehru Nagar
2026-06-05 00:30:00+00:00,9.5,14.5,29.2,57.3,2.08,292.0,5662,Nehru Nagar
2026-06-05 01:30:00+00:00,14.5,22.5,30.3,54.5,1.8,324.0,5662,Nehru Nagar
2026-06-05 02:30:00+00:00,17.0,26.0,32.6,48.0,2.23,293.0,5662,Nehru Nagar
2026-06-05 03:30:00+00:00,20.0,30.0,34.9,42.3,2.05,280.0,5662,Nehru Nagar
2026-06-05 04:30:00+00:00,21.0,31.0,36.5,38.5,1.93,255.0,5662,Nehru Nagar
2026-06-05 05:30:00+00:00,21.5,31.5,37.8,33.8,2.05,253.0,5662,Nehru Nagar
2026-06-05 06:30:00+00:00,23.5,34.5,39.2,30.0,1.73,229.0,5662,Nehru Nagar
2026-06-05 07:30:00+00:00,26.0,39.0,39.4,32.3,2.68,257.0,5662,Nehru Nagar
2026-06-05 08:30:00+00:00,28.5,43.5,39.8,31.3,2.5,281.0,5662,Nehru Nagar
2026-06-05 09:30:00+00:00,29.0,44.0,39.6,33.8,2.98,312.0,5662,Nehru Nagar
2026-06-05 10:30:00+00:00,19.5,29.5,37.7,37.5,3.83,317.0,5662,Nehru Nagar
2026-06-05 11:30:00+00:00,19.5,29.5,35.6,41.8,3.78,322.0,5662,Nehru Nagar
2026-06-05 12:30:00+00:00,29.0,44.0,34.5,41.0,2.65,311.0,5662,Nehru Nagar
2026-06-05 13:30:00+00:00,33.0,50.0,33.8,39.8,2.15,333.0,5662,Nehru Nagar
2026-06-05 14:30:00+00:00,28.0,42.0,33.3,41.3,2.38,343.0,5662,Nehru Nagar
2026-06-05 15:30:00+00:00,25.5,37.5,32.8,45.8,2.03,344.0,5662,Nehru Nagar
2026-06-05 16:30:00+00:00,38.0,56.0,32.2,47.8,2.38,338.0,5662,Nehru Nagar
2026-06-05 17:30:00+00:00,44.0,66.0,31.7,53.0,2.45,343.0,5662,Nehru Nagar
2026-06-05 19:30:00+00:00,46.0,70.0,31.0,54.0,1.15,347.0,5662,Nehru Nagar
2026-06-05 20:30:00+00:00,48.5,73.5,31.0,55.8,1.23,345.0,5662,Nehru Nagar
2026-06-05 21:30:00+00:00,49.0,74.0,30.7,56.8,1.25,349.0,5662,Nehru Nagar
2026-06-05 22:30:00+00:00,50.5,75.5,30.8,57.8,0.825,269.0,5662,Nehru Nagar
2026-06-05 23:30:00+00:00,66.5,99.5,30.9,58.0,0.9,220.0,5662,Nehru Nagar
2026-06-06 00:30:00+00:00,85.0,128.0,31.4,57.3,1.3,255.0,5662,Nehru Nagar
2026-06-06 01:30:00+00:00,90.5,137.0,32.2,55.8,1.55,328.0,5662,Nehru Nagar
2026-06-06 02:30:00+00:00,75.5,114.0,34.3,49.5,2.35,324.0,5662,Nehru Nagar
2026-06-06 03:30:00+00:00,55.5,83.5,35.7,44.3,2.83,314.0,5662,Nehru Nagar
2026-06-06 04:30:00+00:00,49.0,74.0,36.6,40.5,3.35,319.0,5662,Nehru Nagar
2026-06-06 05:30:00+00:00,43.5,65.5,37.9,36.8,3.5,306.0,5662,Nehru Nagar
2026-06-06 06:30:00+00:00,50.5,76.5,38.8,33.3,3.95,309.0,5662,Nehru Nagar
2026-06-06 07:30:00+00:00,57.0,86.0,39.5,31.5,3.55,298.0,5662,Nehru Nagar
2026-06-06 08:30:00+00:00,37.0,55.0,39.7,32.5,3.45,294.0,5662,Nehru Nagar
2026-06-06 09:30:00+00:00,16.5,24.5,39.4,33.3,3.4,299.0,5662,Nehru Nagar
2026-06-06 10:30:00+00:00,16.0,24.0,39.1,33.0,3.33,313.0,5662,Nehru Nagar
2026-06-06 11:30:00+00:00,27.5,40.5,38.5,33.8,2.48,335.0,5662,Nehru Nagar
2026-06-06 12:30:00+00:00,33.0,49.0,36.9,37.3,1.6,349.0,5662,Nehru Nagar
2026-06-06 13:30:00+00:00,38.0,57.0,35.8,40.3,1.4,349.0,5662,Nehru Nagar
2026-06-06 14:30:00+00:00,42.5,63.5,35.2,40.0,1.05,350.0,5662,Nehru Nagar
2026-06-06 15:30:00+00:00,48.0,72.0,34.9,40.3,0.975,350.0,5662,Nehru Nagar
2026-06-06 16:30:00+00:00,50.5,75.5,34.7,42.0,0.925,350.0,5662,Nehru Nagar
2026-06-06 17:30:00+00:00,46.7,69.3,33.7,47.0,1.23,233.0,5662,Nehru Nagar
2026-06-06 19:30:00+00:00,48.0,72.0,33.0,51.5,0.75,167.0,5662,Nehru Nagar
2026-06-06 20:30:00+00:00,53.0,80.0,32.9,52.5,0.925,337.0,5662,Nehru Nagar
2026-06-06 21:30:00+00:00,51.5,77.5,32.1,54.0,1.0,307.0,5662,Nehru Nagar
2026-06-06 22:30:00+00:00,51.0,76.0,31.8,54.8,0.75,299.0,5662,Nehru Nagar
2026-06-06 23:30:00+00:00,55.5,83.5,31.3,56.8,1.2,251.0,5662,Nehru Nagar
2026-06-07 00:30:00+00:00,51.7,78.3,32.5,54.7,0.667,305.0,5662,Nehru Nagar
2026-06-07 01:30:00+00:00,54.3,82.3,34.3,50.7,1.53,261.0,5662,Nehru Nagar
2026-06-07 02:30:00+00:00,59.5,89.5,34.8,47.5,2.58,285.0,5662,Nehru Nagar
2026-06-07 03:30:00+00:00,48.5,72.5,35.8,40.5,2.95,308.0,5662,Nehru Nagar
2026-06-07 04:30:00+00:00,26.0,39.0,37.5,37.8,2.55,296.0,5662,Nehru Nagar
2026-06-07 05:30:00+00:00,23.5,35.5,39.2,35.0,2.05,223.0,5662,Nehru Nagar
2026-06-07 06:30:00+00:00,21.0,32.0,39.8,34.0,2.88,275.0,5662,Nehru Nagar
2026-06-07 07:30:00+00:00,16.5,25.5,40.7,30.8,2.63,259.0,5662,Nehru Nagar
2026-06-07 08:30:00+00:00,38.7,58.7,41.6,27.7,2.6,285.0,5662,Nehru Nagar
2026-06-07 09:30:00+00:00,36.7,55.3,41.3,27.3,3.07,310.0,5662,Nehru Nagar
2026-06-07 10:30:00+00:00,16.0,24.0,41.1,27.5,2.3,326.0,5662,Nehru Nagar
2026-06-07 11:30:00+00:00,16.5,24.5,40.0,29.5,2.4,339.0,5662,Nehru Nagar
2026-06-07 12:30:00+00:00,21.5,32.5,38.4,31.0,1.5,347.0,5662,Nehru Nagar
2026-06-07 13:30:00+00:00,24.0,36.0,37.0,32.0,1.18,350.0,5662,Nehru Nagar
2026-06-07 14:30:00+00:00,31.0,46.0,36.1,36.5,1.73,347.0,5662,Nehru Nagar
2026-06-07 15:30:00+00:00,42.0,63.0,35.8,36.0,1.3,349.0,5662,Nehru Nagar
2026-06-07 16:30:00+00:00,37.5,56.5,35.3,36.3,0.625,350.0,5662,Nehru Nagar
2026-06-07 17:30:00+00:00,33.0,49.7,34.9,36.0,0.367,350.0,5662,Nehru Nagar
2026-06-07 19:30:00+00:00,31.0,47.0,34.0,40.0,0.3,176.0,5662,Nehru Nagar
2026-06-07 20:30:00+00:00,36.5,55.5,33.4,41.8,0.525,210.0,5662,Nehru Nagar
2026-06-07 21:30:00+00:00,47.0,71.0,32.7,41.8,1.53,345.0,5662,Nehru Nagar
2026-06-07 22:30:00+00:00,42.0,63.0,32.1,43.5,1.08,340.0,5662,Nehru Nagar
2026-06-07 23:30:00+00:00,28.0,41.3,32.5,44.3,0.533,204.0,5662,Nehru Nagar
2026-06-08 00:30:00+00:00,45.5,67.5,34.0,43.0,0.825,50.3,5662,Nehru Nagar
2026-06-08 01:30:00+00:00,65.5,98.5,35.8,40.0,1.35,225.0,5662,Nehru Nagar
2026-06-08 02:30:00+00:00,56.0,84.0,35.8,41.3,3.25,229.0,5662,Nehru Nagar
2026-06-08 03:30:00+00:00,33.0,49.0,35.7,43.0,3.08,146.0,5662,Nehru Nagar
2026-06-08 04:30:00+00:00,18.0,26.7,37.4,39.7,2.13,114.0,5662,Nehru Nagar
2026-06-08 05:30:00+00:00,18.0,27.0,39.1,35.5,2.3,184.0,5662,Nehru Nagar
2026-06-08 06:30:00+00:00,28.5,43.5,39.8,35.0,2.9,210.0,5662,Nehru Nagar
2026-06-08 07:30:00+00:00,35.0,53.0,40.5,35.0,2.67,217.0,5662,Nehru Nagar
2026-06-08 08:30:00+00:00,26.3,40.3,41.0,32.3,3.27,274.0,5662,Nehru Nagar
2026-06-08 09:30:00+00:00,20.5,31.5,41.7,29.5,3.0,296.0,5662,Nehru Nagar
2026-06-08 10:30:00+00:00,22.5,33.5,41.1,29.0,2.95,332.0,5662,Nehru Nagar
2026-06-08 11:30:00+00:00,30.5,45.5,40.3,29.8,2.58,333.0,5662,Nehru Nagar
2026-06-08 12:30:00+00:00,40.5,61.5,38.6,36.3,1.33,330.0,5662,Nehru Nagar
2026-06-08 13:30:00+00:00,45.5,68.5,37.4,39.0,0.575,314.0,5662,Nehru Nagar
2026-06-08 14:30:00+00:00,41.7,62.3,36.6,40.3,1.07,201.0,5662,Nehru Nagar
2026-06-08 15:30:00+00:00,28.5,43.5,35.4,38.3,1.38,149.0,5662,Nehru Nagar
2026-06-08 16:30:00+00:00,23.0,35.0,34.9,39.5,1.35,138.0,5662,Nehru Nagar
2026-06-08 17:30:00+00:00,23.7,35.7,34.5,41.7,1.7,121.0,5662,Nehru Nagar
2026-06-08 19:30:00+00:00,16.0,24.0,33.3,47.5,1.95,108.0,5662,Nehru Nagar
2026-06-08 20:30:00+00:00,18.0,27.0,33.1,45.5,2.0,203.0,5662,Nehru Nagar
2026-06-08 21:30:00+00:00,21.0,31.0,32.1,44.3,3.7,205.0,5662,Nehru Nagar
2026-06-08 22:30:00+00:00,21.5,31.5,31.4,48.0,1.45,114.0,5662,Nehru Nagar
2026-06-08 23:30:00+00:00,20.5,30.5,31.6,48.0,2.0,98.8,5662,Nehru Nagar
2026-06-09 00:30:00+00:00,24.0,36.0,32.7,46.8,1.68,88.0,5662,Nehru Nagar
2026-06-09 01:30:00+00:00,29.0,44.0,34.6,43.3,2.05,122.0,5662,Nehru Nagar
2026-06-09 02:30:00+00:00,26.0,39.0,36.5,40.5,2.1,167.0,5662,Nehru Nagar
2026-06-09 03:30:00+00:00,22.0,32.7,37.8,36.7,2.77,241.0,5662,Nehru Nagar
2026-06-09 04:30:00+00:00,20.0,30.0,39.6,35.0,4.5,317.0,5662,Nehru Nagar
2026-06-09 05:30:00+00:00,24.0,36.0,40.6,32.0,4.4,315.0,5662,Nehru Nagar
2026-06-09 06:30:00+00:00,24.0,36.0,42.0,29.0,3.43,297.0,5662,Nehru Nagar
2026-06-09 07:30:00+00:00,25.5,38.5,42.6,27.0,3.55,302.0,5662,Nehru Nagar
2026-06-09 08:30:00+00:00,26.5,39.5,42.9,26.8,3.45,309.0,5662,Nehru Nagar
2026-06-09 09:30:00+00:00,23.0,34.0,42.7,26.8,3.98,327.0,5662,Nehru Nagar
2026-06-09 10:30:00+00:00,28.0,42.7,41.6,28.7,3.27,330.0,5662,Nehru Nagar
2026-06-09 11:30:00+00:00,30.5,46.5,40.9,30.5,2.98,299.0,5662,Nehru Nagar
2026-06-09 12:30:00+00:00,32.5,48.5,38.4,36.0,1.7,276.0,5662,Nehru Nagar
2026-06-09 13:30:00+00:00,32.0,47.0,37.5,34.0,2.65,342.0,5662,Nehru Nagar
2026-06-09 14:30:00+00:00,36.5,54.5,36.9,35.0,0.9,286.0,5662,Nehru Nagar
2026-06-09 15:30:00+00:00,44.5,67.5,36.4,36.3,0.45,232.0,5662,Nehru Nagar
2026-06-09 16:30:00+00:00,47.0,71.0,36.1,35.8,1.73,287.0,5662,Nehru Nagar
2026-06-09 17:30:00+00:00,38.0,56.7,35.4,32.0,2.67,321.0,5662,Nehru Nagar
2026-06-09 18:30:00+00:00,18.0,28.0,34.7,30.5,2.55,309.0,5662,Nehru Nagar
2026-06-09 19:30:00+00:00,16.5,25.5,34.2,35.3,2.08,299.0,5662,Nehru Nagar
2026-06-09 20:30:00+00:00,17.5,26.5,33.6,34.5,2.25,314.0,5662,Nehru Nagar
2026-06-09 21:30:00+00:00,18.0,27.0,33.0,36.5,2.23,350.0,5662,Nehru Nagar
2026-06-09 22:30:00+00:00,11.0,17.0,32.6,35.5,2.08,340.0,5662,Nehru Nagar
2026-06-09 23:30:00+00:00,10.0,16.0,32.6,37.0,1.8,335.0,5662,Nehru Nagar
2026-06-10 00:30:00+00:00,22.5,34.5,33.5,37.5,1.58,179.0,5662,Nehru Nagar
2026-06-10 01:30:00+00:00,32.5,49.5,34.6,35.5,2.75,292.0,5662,Nehru Nagar
2026-06-10 02:30:00+00:00,25.3,38.0,36.9,31.7,3.17,309.0,5662,Nehru Nagar
2026-06-10 03:30:00+00:00,20.3,30.3,38.6,28.3,1.67,282.0,5662,Nehru Nagar
2026-06-10 07:30:00+00:00,18.0,26.0,42.6,22.0,3.15,315.0,5662,Nehru Nagar
2026-06-10 08:30:00+00:00,17.0,25.0,42.6,23.8,3.1,286.0,5662,Nehru Nagar
2026-06-10 09:30:00+00:00,20.7,31.3,42.2,25.0,3.0,271.0,5662,Nehru Nagar
2026-06-10 10:30:00+00:00,29.0,44.3,42.3,25.7,1.83,300.0,5662,Nehru Nagar
2026-06-10 11:30:00+00:00,27.0,41.0,41.2,26.5,1.55,224.0,5662,Nehru Nagar
2026-06-10 12:30:00+00:00,29.0,43.7,39.8,29.3,1.0,208.0,5662,Nehru Nagar
2026-06-10 13:30:00+00:00,46.5,69.5,38.3,30.8,1.58,212.0,5662,Nehru Nagar
2026-06-10 14:30:00+00:00,57.0,85.0,37.8,32.3,1.1,200.0,5662,Nehru Nagar
2026-06-10 15:30:00+00:00,55.5,82.5,37.6,33.0,1.25,201.0,5662,Nehru Nagar
2026-06-10 16:30:00+00:00,50.5,75.5,36.7,33.8,1.25,141.0,5662,Nehru Nagar
2026-06-10 17:30:00+00:00,41.7,62.3,36.3,34.3,1.0,153.0,5662,Nehru Nagar
2026-06-10 18:30:00+00:00,38.0,58.0,33.7,43.0,4.85,194.0,5662,Nehru Nagar
2026-06-10 19:30:00+00:00,50.5,76.5,31.9,54.0,5.55,204.0,5662,Nehru Nagar
2026-06-10 20:30:00+00:00,46.0,69.0,30.0,51.5,5.3,202.0,5662,Nehru Nagar
2026-06-10 21:30:00+00:00,20.0,30.0,29.7,52.8,3.55,230.0,5662,Nehru Nagar
2026-06-10 22:30:00+00:00,12.5,18.5,29.3,53.3,3.93,324.0,5662,Nehru Nagar
2026-06-10 23:30:00+00:00,8.5,12.5,29.3,52.5,2.78,182.0,5662,Nehru Nagar
2026-06-11 00:30:00+00:00,11.0,17.0,30.7,51.7,2.17,210.0,5662,Nehru Nagar
2026-06-11 01:30:00+00:00,18.0,27.3,31.6,51.3,2.53,220.0,5662,Nehru Nagar
2026-06-11 03:30:00+00:00,10.0,16.0,34.8,39.5,2.8,187.0,5662,Nehru Nagar
2026-06-11 04:30:00+00:00,8.67,13.3,35.4,39.7,3.47,213.0,5662,Nehru Nagar
2026-06-11 05:30:00+00:00,8.5,12.5,36.7,37.0,3.23,190.0,5662,Nehru Nagar
2026-06-11 06:30:00+00:00,20.0,30.0,37.4,37.0,3.2,201.0,5662,Nehru Nagar
2026-06-11 07:30:00+00:00,22.5,33.5,38.5,34.0,2.88,221.0,5662,Nehru Nagar
2026-06-11 08:30:00+00:00,16.0,23.0,39.2,34.0,2.75,193.0,5662,Nehru Nagar
2026-06-11 09:30:00+00:00,23.5,34.5,39.2,32.8,2.88,207.0,5662,Nehru Nagar
2026-06-11 10:30:00+00:00,26.5,39.5,38.7,33.5,3.25,211.0,5662,Nehru Nagar
2026-06-11 11:30:00+00:00,19.5,29.5,38.1,36.0,3.15,215.0,5662,Nehru Nagar
2026-06-11 12:30:00+00:00,18.5,27.5,35.6,42.0,3.73,218.0,5662,Nehru Nagar
2026-06-11 13:30:00+00:00,26.0,38.7,34.6,44.3,3.7,212.0,5662,Nehru Nagar
2026-06-11 14:30:00+00:00,23.5,35.5,33.6,48.5,3.55,206.0,5662,Nehru Nagar
2026-06-11 15:30:00+00:00,15.5,23.5,32.8,51.5,4.05,233.0,5662,Nehru Nagar
2026-06-11 16:30:00+00:00,20.0,30.0,32.1,54.5,3.98,226.0,5662,Nehru Nagar
2026-06-11 17:30:00+00:00,22.0,32.7,31.6,57.0,3.83,231.0,5662,Nehru Nagar
2026-06-11 18:30:00+00:00,24.0,36.0,30.8,60.5,3.4,216.0,5662,Nehru Nagar
2026-06-11 19:30:00+00:00,28.0,42.0,30.5,62.0,3.8,224.0,5662,Nehru Nagar
2026-06-11 20:30:00+00:00,23.5,35.5,29.9,64.3,3.93,235.0,5662,Nehru Nagar
2026-06-11 21:30:00+00:00,14.5,22.5,29.2,64.5,3.15,219.0,5662,Nehru Nagar
2026-06-11 22:30:00+00:00,18.0,27.0,29.0,66.3,3.5,223.0,5662,Nehru Nagar
2026-06-11 23:30:00+00:00,20.0,29.0,28.5,67.8,3.45,301.0,5662,Nehru Nagar
2026-06-12 00:30:00+00:00,20.0,30.0,28.4,69.3,3.9,257.0,5662,Nehru Nagar
2026-06-12 01:30:00+00:00,24.0,37.0,28.0,70.5,4.78,245.0,5662,Nehru Nagar
2026-06-12 02:30:00+00:00,23.5,35.5,27.8,71.0,5.23,217.0,5662,Nehru Nagar
2026-06-12 03:30:00+00:00,18.5,27.5,28.7,68.3,4.53,227.0,5662,Nehru Nagar
2026-06-12 04:30:00+00:00,19.3,28.7,31.5,58.3,3.87,231.0,5662,Nehru Nagar
2026-06-12 05:30:00+00:00,20.5,30.5,33.2,50.8,3.98,221.0,5662,Nehru Nagar
2026-06-12 06:30:00+00:00,21.0,31.0,34.6,44.8,4.35,218.0,5662,Nehru Nagar
2026-06-12 07:30:00+00:00,34.0,50.0,35.8,43.5,3.48,192.0,5662,Nehru Nagar
2026-06-12 08:30:00+00:00,32.5,48.5,36.7,40.5,2.75,222.0,5662,Nehru Nagar
2026-06-12 09:30:00+00:00,14.0,21.0,36.3,42.5,3.28,220.0,5662,Nehru Nagar
2026-06-12 10:30:00+00:00,16.5,24.5,36.4,42.8,3.2,209.0,5662,Nehru Nagar
2026-06-12 11:30:00+00:00,28.5,42.5,35.7,45.3,2.48,222.0,5662,Nehru Nagar
2026-06-12 12:30:00+00:00,35.0,52.0,35.0,46.0,1.95,213.0,5662,Nehru Nagar
2026-06-12 13:30:00+00:00,38.5,57.5,33.3,56.3,3.18,229.0,5662,Nehru Nagar
2026-06-12 14:30:00+00:00,40.5,60.5,31.8,65.3,2.85,219.0,5662,Nehru Nagar
2026-06-12 15:30:00+00:00,38.0,57.0,31.0,65.8,2.08,225.0,5662,Nehru Nagar
2026-06-12 16:30:00+00:00,33.0,49.7,30.6,66.3,2.13,205.0,5662,Nehru Nagar
2026-06-12 17:30:00+00:00,32.0,48.0,30.3,68.0,2.83,196.0,5662,Nehru Nagar
2026-06-12 18:30:00+00:00,43.0,65.0,30.0,71.0,1.95,226.0,5662,Nehru Nagar
2026-06-12 19:30:00+00:00,42.5,63.5,29.9,72.5,1.63,195.0,5662,Nehru Nagar
2026-06-12 20:30:00+00:00,35.5,52.5,29.7,73.8,1.98,185.0,5662,Nehru Nagar
2026-06-12 21:30:00+00:00,35.0,52.3,29.7,73.0,1.83,209.0,5662,Nehru Nagar
2026-06-12 22:30:00+00:00,51.0,77.0,29.9,72.0,1.63,204.0,5662,Nehru Nagar
2026-06-12 23:30:00+00:00,51.0,77.0,30.4,69.3,2.28,209.0,5662,Nehru Nagar
2026-06-13 00:30:00+00:00,34.5,52.5,24.9,79.8,5.53,285.0,5662,Nehru Nagar
2026-06-13 01:30:00+00:00,13.0,20.0,24.1,86.5,2.7,284.0,5662,Nehru Nagar
2026-06-13 02:30:00+00:00,3.0,5.0,24.5,86.8,2.95,249.0,5662,Nehru Nagar
2026-06-13 03:30:00+00:00,9.5,14.5,26.2,83.3,3.6,241.0,5662,Nehru Nagar
2026-06-13 04:30:00+00:00,20.0,30.0,29.5,67.8,2.93,253.0,5662,Nehru Nagar
2026-06-13 05:30:00+00:00,14.3,21.0,31.9,57.7,2.03,200.0,5662,Nehru Nagar
2026-06-13 06:30:00+00:00,10.0,15.0,33.9,51.0,1.4,202.0,5662,Nehru Nagar
2026-06-13 07:30:00+00:00,21.0,32.0,35.3,48.0,1.58,284.0,5662,Nehru Nagar
2026-06-13 08:30:00+00:00,21.0,31.0,35.3,48.0,2.3,229.0,5662,Nehru Nagar
2026-06-13 09:30:00+00:00,14.5,21.5,35.6,46.5,2.0,256.0,5662,Nehru Nagar
2026-06-13 10:30:00+00:00,25.0,38.0,35.1,44.8,2.15,293.0,5662,Nehru Nagar
2026-06-13 11:30:00+00:00,25.5,38.5,34.7,43.8,1.55,334.0,5662,Nehru Nagar
2026-06-13 12:30:00+00:00,20.7,30.7,33.0,54.0,1.55,347.0,5662,Nehru Nagar
2026-06-13 13:30:00+00:00,15.5,22.5,31.7,59.3,1.4,348.0,5662,Nehru Nagar
2026-06-13 14:30:00+00:00,22.5,33.5,31.2,60.3,1.25,349.0,5662,Nehru Nagar
2026-06-13 15:30:00+00:00,31.0,47.0,30.6,64.5,1.43,341.0,5662,Nehru Nagar
2026-06-13 16:30:00+00:00,28.0,42.0,30.3,65.8,1.0,347.0,5662,Nehru Nagar
2026-06-13 17:30:00+00:00,30.0,44.0,30.3,65.7,0.467,249.0,5662,Nehru Nagar
2026-06-13 18:30:00+00:00,28.0,42.0,30.1,65.0,0.85,290.0,5662,Nehru Nagar
2026-06-13 19:30:00+00:00,21.0,32.0,29.9,64.0,0.925,313.0,5662,Nehru Nagar
2026-06-13 20:30:00+00:00,14.7,22.7,29.4,62.7,1.93,346.0,5662,Nehru Nagar
2026-06-13 21:30:00+00:00,17.5,26.5,28.7,65.3,1.68,341.0,5662,Nehru Nagar
2026-06-13 22:30:00+00:00,21.5,32.5,28.1,70.0,1.68,350.0,5662,Nehru Nagar
2026-06-13 23:30:00+00:00,25.0,38.0,27.9,74.8,1.45,347.0,5662,Nehru Nagar
2026-06-14 00:30:00+00:00,27.3,41.3,28.9,73.0,1.63,333.0,5662,Nehru Nagar
2026-06-14 01:30:00+00:00,26.0,39.0,31.3,63.5,1.73,328.0,5662,Nehru Nagar
2026-06-14 02:30:00+00:00,22.5,34.5,33.0,56.0,1.8,326.0,5662,Nehru Nagar
2026-06-14 03:30:00+00:00,21.0,32.0,34.8,47.5,1.8,252.0,5662,Nehru Nagar
2026-06-14 04:30:00+00:00,22.5,34.5,35.7,44.0,2.33,296.0,5662,Nehru Nagar
2026-06-14 05:30:00+00:00,26.0,39.0,36.3,40.8,2.73,301.0,5662,Nehru Nagar
2026-06-14 06:30:00+00:00,20.0,30.0,37.3,39.5,2.78,295.0,5662,Nehru Nagar
2026-06-14 07:30:00+00:00,20.5,31.5,37.7,36.0,3.33,308.0,5662,Nehru Nagar
2026-06-14 08:30:00+00:00,24.5,37.5,37.9,36.0,3.73,314.0,5662,Nehru Nagar
2026-06-14 09:30:00+00:00,21.0,32.0,37.9,36.5,3.33,316.0,5662,Nehru Nagar
2026-06-14 10:30:00+00:00,21.0,31.0,37.5,39.0,2.98,332.0,5662,Nehru Nagar
2026-06-14 11:30:00+00:00,22.5,33.5,36.5,41.3,2.43,329.0,5662,Nehru Nagar
2026-06-14 12:30:00+00:00,22.7,34.0,35.1,44.3,1.73,345.0,5662,Nehru Nagar
2026-06-14 13:30:00+00:00,30.0,45.0,34.2,47.5,0.875,348.0,5662,Nehru Nagar
2026-06-14 14:30:00+00:00,44.0,67.0,33.6,50.5,0.65,213.0,5662,Nehru Nagar
2026-06-14 15:30:00+00:00,57.0,86.0,33.1,54.3,0.5,180.0,5662,Nehru Nagar
2026-06-14 16:30:00+00:00,59.0,89.0,32.8,54.0,0.3,156.0,5662,Nehru Nagar
2026-06-14 17:30:00+00:00,52.0,78.7,33.0,52.3,0.333,163.0,5662,Nehru Nagar
2026-06-14 19:30:00+00:00,47.0,71.0,32.1,42.0,2.4,341.0,5662,Nehru Nagar
2026-06-14 20:30:00+00:00,47.0,71.0,31.3,45.7,2.23,336.0,5662,Nehru Nagar
2026-06-14 21:30:00+00:00,47.0,71.0,30.7,50.0,1.0,343.0,5662,Nehru Nagar
2026-06-14 22:30:00+00:00,47.0,71.0,30.3,50.0,1.33,346.0,5662,Nehru Nagar
2026-06-14 23:30:00+00:00,47.0,71.0,30.1,52.5,1.13,338.0,5662,Nehru Nagar
2026-06-15 00:30:00+00:00,47.0,71.0,30.7,51.5,1.48,346.0,5662,Nehru Nagar
2026-06-15 01:30:00+00:00,47.0,71.0,31.5,49.0,2.53,327.0,5662,Nehru Nagar
2026-06-15 02:30:00+00:00,47.0,71.0,33.5,43.5,2.8,304.0,5662,Nehru Nagar
2026-06-15 03:30:00+00:00,47.0,71.0,34.3,41.7,2.87,304.0,5662,Nehru Nagar
2026-06-15 04:30:00+00:00,126.0,188.0,36.1,36.8,2.2,267.0,5662,Nehru Nagar
2026-06-15 05:30:00+00:00,73.5,110.0,37.5,34.0,1.7,261.0,5662,Nehru Nagar
2026-06-15 06:30:00+00:00,21.5,31.5,38.6,30.3,1.98,278.0,5662,Nehru Nagar
2026-06-15 07:30:00+00:00,34.0,50.7,40.2,27.7,1.67,197.0,5662,Nehru Nagar
2026-06-15 08:30:00+00:00,109.0,164.0,41.1,23.5,1.7,230.0,5662,Nehru Nagar
2026-06-15 09:30:00+00:00,99.5,150.0,41.0,24.5,2.08,275.0,5662,Nehru Nagar
2026-06-15 10:30:00+00:00,21.0,31.0,40.1,29.8,2.18,310.0,5662,Nehru Nagar
2026-06-15 11:30:00+00:00,25.3,38.0,39.2,31.0,2.33,321.0,5662,Nehru Nagar
2026-06-15 16:30:00+00:00,54.7,82.0,32.8,51.7,2.33,316.0,5662,Nehru Nagar
2026-06-15 17:30:00+00:00,49.7,73.7,31.7,54.7,1.3,279.0,5662,Nehru Nagar
2026-06-15 19:30:00+00:00,23.0,35.0,30.4,53.5,1.85,343.0,5662,Nehru Nagar
2026-06-15 20:30:00+00:00,25.0,38.0,29.9,57.3,1.1,325.0,5662,Nehru Nagar
2026-06-15 21:30:00+00:00,27.0,41.0,29.7,54.8,0.925,309.0,5662,Nehru Nagar
2026-06-15 22:30:00+00:00,28.3,42.3,29.2,55.0,1.63,324.0,5662,Nehru Nagar
2026-06-15 23:30:00+00:00,25.5,38.5,29.1,57.3,1.1,323.0,5662,Nehru Nagar
2026-06-16 00:30:00+00:00,30.5,46.5,30.8,55.3,1.05,330.0,5662,Nehru Nagar
2026-06-16 01:30:00+00:00,36.5,54.5,32.3,51.0,1.7,304.0,5662,Nehru Nagar
2026-06-16 02:30:00+00:00,36.0,53.0,33.5,48.3,1.65,279.0,5662,Nehru Nagar
2026-06-16 03:30:00+00:00,35.0,52.0,35.4,42.3,1.45,286.0,5662,Nehru Nagar
2026-06-16 04:30:00+00:00,36.5,54.5,37.1,38.3,1.9,299.0,5662,Nehru Nagar
2026-06-16 05:30:00+00:00,39.5,58.5,38.2,36.0,2.03,282.0,5662,Nehru Nagar
2026-06-16 06:30:00+00:00,38.0,57.0,39.0,33.5,2.45,303.0,5662,Nehru Nagar
2026-06-16 07:30:00+00:00,33.0,50.0,39.6,31.5,2.88,303.0,5662,Nehru Nagar
2026-06-16 08:30:00+00:00,37.5,56.5,40.1,29.5,3.35,310.0,5662,Nehru Nagar
2026-06-16 09:30:00+00:00,47.0,71.0,39.9,29.5,3.7,305.0,5662,Nehru Nagar
2026-06-16 12:30:00+00:00,39.0,59.0,36.3,40.0,2.03,339.0,5662,Nehru Nagar
2026-06-16 13:30:00+00:00,90.0,135.0,35.4,41.5,1.7,347.0,5662,Nehru Nagar
2026-06-16 14:30:00+00:00,147.0,220.0,34.7,39.8,1.55,347.0,5662,Nehru Nagar
2026-06-16 15:30:00+00:00,155.0,233.0,34.3,41.0,1.65,346.0,5662,Nehru Nagar
2026-06-16 16:30:00+00:00,150.0,225.0,34.0,42.0,1.5,347.0,5662,Nehru Nagar
2026-06-16 17:30:00+00:00,142.0,213.0,33.6,45.3,0.933,250.0,5662,Nehru Nagar
2026-06-16 18:30:00+00:00,124.0,186.0,33.1,51.0,0.65,350.0,5662,Nehru Nagar
2026-06-16 19:30:00+00:00,124.0,186.0,32.8,50.0,1.6,346.0,5662,Nehru Nagar
2026-06-16 20:30:00+00:00,127.0,191.0,32.1,48.0,4.3,310.0,5662,Nehru Nagar
2026-06-16 21:30:00+00:00,93.5,141.0,31.6,52.0,1.55,239.0,5662,Nehru Nagar
2026-06-16 22:30:00+00:00,47.0,70.0,31.4,53.8,1.73,289.0,5662,Nehru Nagar
2026-06-16 23:30:00+00:00,65.0,97.0,31.0,58.3,1.75,282.0,5662,Nehru Nagar
2026-06-17 00:30:00+00:00,97.5,147.0,30.9,60.0,1.3,302.0,5662,Nehru Nagar
2026-06-17 01:30:00+00:00,107.0,160.0,31.8,56.8,1.6,271.0,5662,Nehru Nagar
2026-06-17 02:30:00+00:00,117.0,175.0,34.2,48.5,1.55,258.0,5662,Nehru Nagar
2026-06-17 03:30:00+00:00,114.0,171.0,36.0,42.3,1.75,229.0,5662,Nehru Nagar
2026-06-17 04:30:00+00:00,104.0,156.0,37.9,39.0,1.1,233.0,5662,Nehru Nagar
2026-06-17 05:30:00+00:00,130.0,196.0,38.7,32.0,2.2,284.0,5662,Nehru Nagar
2026-06-17 06:30:00+00:00,126.0,189.0,39.8,33.5,2.13,267.0,5662,Nehru Nagar
2026-06-17 07:30:00+00:00,134.0,200.0,40.2,31.5,2.28,282.0,5662,Nehru Nagar
2026-06-17 08:30:00+00:00,123.0,184.0,40.5,30.0,2.45,293.0,5662,Nehru Nagar
2026-06-17 09:30:00+00:00,97.5,146.0,40.4,30.8,2.68,292.0,5662,Nehru Nagar
2026-06-17 10:30:00+00:00,116.0,173.0,39.7,32.7,2.7,264.0,5662,Nehru Nagar
2026-06-17 11:30:00+00:00,198.0,297.0,38.8,35.5,2.08,294.0,5662,Nehru Nagar
2026-06-17 12:30:00+00:00,202.0,303.0,37.1,38.8,1.6,317.0,5662,Nehru Nagar
2026-06-17 13:30:00+00:00,218.0,327.0,36.4,40.5,0.475,277.0,5662,Nehru Nagar
2026-06-17 14:30:00+00:00,300.0,450.0,35.9,42.3,0.35,251.0,5662,Nehru Nagar
2026-06-17 15:30:00+00:00,399.0,599.0,35.5,43.0,0.475,268.0,5662,Nehru Nagar
2026-06-17 16:30:00+00:00,336.0,504.0,35.1,45.0,0.825,69.3,5662,Nehru Nagar
2026-06-17 17:30:00+00:00,184.0,276.0,34.7,45.3,1.0,77.3,5662,Nehru Nagar
2026-06-17 18:30:00+00:00,98.0,148.0,34.1,44.0,0.55,260.0,5662,Nehru Nagar
2026-06-17 19:30:00+00:00,102.0,154.0,33.5,47.0,0.725,350.0,5662,Nehru Nagar
2026-06-17 20:30:00+00:00,104.0,156.0,33.1,50.3,0.425,330.0,5662,Nehru Nagar
2026-06-17 21:30:00+00:00,98.0,146.0,32.6,53.3,0.95,284.0,5662,Nehru Nagar
2026-06-17 22:30:00+00:00,96.5,145.0,32.4,52.5,0.825,296.0,5662,Nehru Nagar
2026-06-17 23:30:00+00:00,92.0,138.0,32.3,52.3,0.967,310.0,5662,Nehru Nagar
2026-06-18 00:30:00+00:00,78.0,116.0,32.4,53.5,1.05,312.0,5662,Nehru Nagar
2026-06-18 03:30:00+00:00,94.0,142.0,38.1,37.0,1.1,213.0,5662,Nehru Nagar
2026-06-18 04:30:00+00:00,76.5,115.0,39.4,35.0,1.75,214.0,5662,Nehru Nagar
2026-06-18 05:30:00+00:00,77.0,116.0,39.1,35.5,1.65,302.0,5662,Nehru Nagar
2026-06-18 06:30:00+00:00,88.0,132.0,40.9,32.3,1.7,215.0,5662,Nehru Nagar
2026-06-18 07:30:00+00:00,89.5,134.0,39.5,35.5,2.2,259.0,5662,Nehru Nagar
2026-06-18 08:30:00+00:00,69.7,104.0,36.6,44.3,3.17,333.0,5662,Nehru Nagar
2026-06-18 09:30:00+00:00,28.0,42.0,35.3,38.8,4.28,324.0,5662,Nehru Nagar
2026-06-18 10:30:00+00:00,10.3,15.3,38.7,32.0,1.73,322.0,5662,Nehru Nagar
2026-06-18 13:30:00+00:00,30.0,44.0,35.2,42.0,0.55,78.5,5662,Nehru Nagar
2026-06-18 14:30:00+00:00,34.0,50.0,35.1,43.3,0.6,231.0,5662,Nehru Nagar
2026-06-18 15:30:00+00:00,43.5,64.5,34.7,45.8,0.6,117.0,5662,Nehru Nagar
2026-06-18 16:30:00+00:00,39.5,59.0,34.7,44.3,0.725,51.3,5662,Nehru Nagar
2026-06-18 17:30:00+00:00,28.3,42.3,34.2,45.0,0.9,109.0,5662,Nehru Nagar
2026-06-18 19:30:00+00:00,17.0,26.0,33.4,46.5,1.3,52.0,5662,Nehru Nagar
2026-06-18 20:30:00+00:00,17.5,26.0,33.1,46.0,0.95,126.0,5662,Nehru Nagar
2026-06-18 21:30:00+00:00,16.0,23.0,32.9,47.8,0.8,170.0,5662,Nehru Nagar
2026-06-18 22:30:00+00:00,15.0,22.0,32.5,49.5,0.525,94.0,5662,Nehru Nagar
2026-06-18 23:30:00+00:00,18.5,28.0,32.4,52.3,0.4,97.8,5662,Nehru Nagar
2026-06-19 00:30:00+00:00,23.0,34.5,33.3,50.0,1.35,313.0,5662,Nehru Nagar
2026-06-19 01:30:00+00:00,29.0,43.5,33.7,52.8,1.95,311.0,5662,Nehru Nagar
2026-06-19 02:30:00+00:00,38.0,57.0,35.7,49.3,1.63,263.0,5662,Nehru Nagar
2026-06-19 03:30:00+00:00,46.5,69.5,36.7,46.0,2.75,300.0,5662,Nehru Nagar
2026-06-19 04:30:00+00:00,45.7,68.3,37.7,43.3,2.67,252.0,5662,Nehru Nagar
2026-06-19 05:30:00+00:00,36.0,53.0,37.7,44.0,3.6,311.0,5662,Nehru Nagar
2026-06-19 06:30:00+00:00,35.5,52.5,37.3,42.8,2.6,289.0,5662,Nehru Nagar
2026-06-19 07:30:00+00:00,29.0,43.0,39.8,35.3,2.7,265.0,5662,Nehru Nagar
2026-06-19 08:30:00+00:00,22.5,33.0,40.7,32.5,2.68,270.0,5662,Nehru Nagar
2026-06-19 09:30:00+00:00,23.7,34.7,41.5,30.0,2.3,263.0,5662,Nehru Nagar
2026-06-19 11:30:00+00:00,18.0,27.0,39.9,30.0,2.25,342.0,5662,Nehru Nagar
2026-06-19 12:30:00+00:00,18.5,27.5,38.7,31.8,1.58,341.0,5662,Nehru Nagar
2026-06-19 13:30:00+00:00,18.3,27.3,37.5,34.0,1.43,347.0,5662,Nehru Nagar
2026-06-19 14:30:00+00:00,22.0,33.0,36.5,38.8,1.05,349.0,5662,Nehru Nagar
2026-06-19 15:30:00+00:00,26.5,39.5,35.8,39.8,1.7,346.0,5662,Nehru Nagar
2026-06-19 16:30:00+00:00,26.7,40.0,35.1,42.3,1.2,349.0,5662,Nehru Nagar
2026-06-19 17:30:00+00:00,30.3,45.3,34.7,42.0,1.1,341.0,5662,Nehru Nagar
2026-06-19 19:30:00+00:00,14.0,20.0,33.4,43.5,1.65,297.0,5662,Nehru Nagar
2026-06-19 20:30:00+00:00,14.5,21.0,33.2,43.0,1.55,269.0,5662,Nehru Nagar
2026-06-19 21:30:00+00:00,16.5,24.0,32.8,46.3,1.48,265.0,5662,Nehru Nagar
2026-06-19 22:30:00+00:00,9.33,14.0,32.5,48.7,1.63,270.0,5662,Nehru Nagar
2026-06-19 23:30:00+00:00,8.5,13.0,32.4,50.3,1.33,226.0,5662,Nehru Nagar
2026-06-20 00:30:00+00:00,16.5,25.0,33.1,49.3,1.75,249.0,5662,Nehru Nagar
2026-06-20 01:30:00+00:00,21.0,31.5,34.4,48.0,2.0,301.0,5662,Nehru Nagar
2026-06-20 02:30:00+00:00,21.5,31.5,35.4,46.0,2.3,323.0,5662,Nehru Nagar
2026-06-20 03:30:00+00:00,22.0,32.3,37.3,42.0,2.43,321.0,5662,Nehru Nagar
2026-06-20 04:30:00+00:00,22.0,32.3,39.0,39.0,2.2,278.0,5662,Nehru Nagar
2026-06-20 05:30:00+00:00,21.0,31.0,39.8,35.5,2.65,279.0,5662,Nehru Nagar
2026-06-20 06:30:00+00:00,21.5,32.0,40.6,33.8,2.95,287.0,5662,Nehru Nagar
2026-06-20 07:30:00+00:00,18.5,27.5,40.7,32.0,2.35,244.0,5662,Nehru Nagar
2026-06-20 08:30:00+00:00,15.0,22.5,41.1,29.0,2.95,282.0,5662,Nehru Nagar
2026-06-20 09:30:00+00:00,16.0,24.0,41.0,29.5,3.18,312.0,5662,Nehru Nagar
2026-06-20 10:30:00+00:00,18.0,26.0,40.3,29.0,3.9,325.0,5662,Nehru Nagar
2026-06-20 11:30:00+00:00,19.0,28.0,39.7,29.5,2.75,332.0,5662,Nehru Nagar
2026-06-20 12:30:00+00:00,36.5,36.5,38.1,32.5,1.73,343.0,5662,Nehru Nagar
2026-06-20 13:30:00+00:00,40.0,40.0,37.0,36.3,1.95,347.0,5662,Nehru Nagar
2026-06-20 14:30:00+00:00,56.0,56.0,36.3,39.5,1.93,350.0,5662,Nehru Nagar
2026-06-20 15:30:00+00:00,68.5,68.5,35.8,40.8,1.5,350.0,5662,Nehru Nagar
2026-06-20 16:30:00+00:00,62.5,62.5,35.6,40.3,1.1,350.0,5662,Nehru Nagar
2026-06-20 17:30:00+00:00,60.7,60.7,35.2,42.0,2.13,268.0,5662,Nehru Nagar
2026-06-20 18:30:00+00:00,23.0,23.0,34.4,45.0,2.3,283.0,5662,Nehru Nagar
2026-06-20 19:30:00+00:00,21.5,21.5,33.8,45.8,3.45,296.0,5662,Nehru Nagar
2026-06-20 20:30:00+00:00,19.0,19.0,33.0,47.3,3.18,314.0,5662,Nehru Nagar
2026-06-20 21:30:00+00:00,18.5,18.5,32.7,49.5,2.53,305.0,5662,Nehru Nagar
2026-06-20 22:30:00+00:00,18.0,18.0,32.5,49.0,3.05,301.0,5662,Nehru Nagar
2026-06-20 23:30:00+00:00,20.0,20.0,32.4,48.3,3.33,309.0,5662,Nehru Nagar
2026-06-21 00:30:00+00:00,20.5,20.5,32.7,47.8,2.93,294.0,5662,Nehru Nagar
2026-06-21 01:30:00+00:00,17.5,17.5,33.4,47.0,3.33,307.0,5662,Nehru Nagar
2026-06-21 02:30:00+00:00,22.5,22.5,34.1,45.5,3.5,296.0,5662,Nehru Nagar
2026-06-21 03:30:00+00:00,24.0,24.0,35.6,42.3,3.23,328.0,5662,Nehru Nagar
2026-06-21 04:30:00+00:00,25.0,25.0,36.2,40.8,3.18,326.0,5662,Nehru Nagar
2026-06-21 05:30:00+00:00,32.0,32.0,38.6,38.3,2.65,295.0,5662,Nehru Nagar
2026-06-21 06:30:00+00:00,33.0,33.0,39.9,36.5,2.9,291.0,5662,Nehru Nagar
2026-06-21 07:30:00+00:00,27.0,27.0,40.6,34.0,3.08,302.0,5662,Nehru Nagar
2026-06-21 08:30:00+00:00,31.5,31.0,41.3,27.3,3.13,291.0,5662,Nehru Nagar
2026-06-21 09:30:00+00:00,34.7,34.0,40.7,31.0,2.83,318.0,5662,Nehru Nagar
2026-06-21 10:30:00+00:00,25.5,25.5,40.6,30.8,3.0,332.0,5662,Nehru Nagar
2026-06-21 11:30:00+00:00,25.0,25.0,39.9,30.5,2.8,339.0,5662,Nehru Nagar
2026-06-21 12:30:00+00:00,25.0,25.0,38.6,33.5,1.85,347.0,5662,Nehru Nagar
2026-06-21 13:30:00+00:00,31.0,31.0,37.7,34.8,1.58,258.0,5662,Nehru Nagar
2026-06-21 14:30:00+00:00,29.0,29.0,35.6,41.8,2.78,79.3,5662,Nehru Nagar
2026-06-21 15:30:00+00:00,24.0,24.0,35.0,40.5,2.05,105.0,5662,Nehru Nagar
2026-06-21 16:30:00+00:00,24.0,24.0,34.6,43.8,1.63,128.0,5662,Nehru Nagar
2026-06-21 17:30:00+00:00,24.7,24.7,34.3,42.3,1.67,141.0,5662,Nehru Nagar
2026-06-21 18:30:00+00:00,22.0,22.0,33.6,48.0,1.15,189.0,5662,Nehru Nagar
2026-06-21 19:30:00+00:00,24.5,24.5,33.5,48.0,1.6,236.0,5662,Nehru Nagar
2026-06-21 20:30:00+00:00,21.5,21.5,33.2,47.8,1.48,283.0,5662,Nehru Nagar
2026-06-21 21:30:00+00:00,17.5,17.5,32.9,48.8,1.43,317.0,5662,Nehru Nagar
2026-06-21 22:30:00+00:00,21.3,21.3,32.6,50.0,1.57,349.0,5662,Nehru Nagar
2026-06-21 23:30:00+00:00,28.0,28.0,32.2,49.5,1.38,338.0,5662,Nehru Nagar
2026-06-22 00:30:00+00:00,35.5,35.0,33.6,46.0,1.3,330.0,5662,Nehru Nagar
2026-06-22 01:30:00+00:00,40.5,40.0,34.7,44.8,2.23,338.0,5662,Nehru Nagar
2026-06-22 02:30:00+00:00,37.0,37.0,36.0,39.3,2.35,309.0,5662,Nehru Nagar
2026-06-22 03:30:00+00:00,35.5,35.5,37.5,38.5,2.53,278.0,5662,Nehru Nagar
2026-06-22 04:30:00+00:00,35.0,37.8,39.1,34.8,2.88,262.0,5662,Nehru Nagar
2026-06-22 05:30:00+00:00,36.0,48.0,39.6,31.5,4.18,310.0,5662,Nehru Nagar
2026-06-22 06:30:00+00:00,29.5,39.0,40.0,31.3,4.08,293.0,5662,Nehru Nagar
2026-06-22 07:30:00+00:00,20.0,26.0,40.6,29.0,3.95,312.0,5662,Nehru Nagar
2026-06-22 08:30:00+00:00,22.0,29.0,40.8,30.3,4.08,320.0,5662,Nehru Nagar
2026-06-22 09:30:00+00:00,24.0,32.0,41.2,28.5,3.75,302.0,5662,Nehru Nagar
2026-06-22 11:30:00+00:00,25.0,33.5,40.0,30.8,3.1,332.0,5662,Nehru Nagar
2026-06-22 12:30:00+00:00,29.0,39.0,38.5,31.3,2.8,339.0,5662,Nehru Nagar
2026-06-22 13:30:00+00:00,31.3,42.0,37.3,32.3,2.53,340.0,5662,Nehru Nagar
2026-06-22 14:30:00+00:00,32.3,43.0,36.3,35.0,2.0,343.0,5662,Nehru Nagar
2026-06-22 15:30:00+00:00,35.5,47.5,35.5,34.3,1.93,343.0,5662,Nehru Nagar
2026-06-22 16:30:00+00:00,40.5,54.0,34.7,37.3,1.75,346.0,5662,Nehru Nagar
2026-06-22 17:30:00+00:00,48.3,64.0,34.2,38.7,1.83,347.0,5662,Nehru Nagar
2026-06-22 18:30:00+00:00,53.0,71.0,33.6,39.5,1.55,350.0,5662,Nehru Nagar
2026-06-22 19:30:00+00:00,52.5,70.5,33.4,40.8,1.63,337.0,5662,Nehru Nagar
2026-06-22 20:30:00+00:00,50.0,67.0,33.2,41.8,0.95,178.0,5662,Nehru Nagar
2026-06-22 21:30:00+00:00,50.0,67.0,32.5,39.8,1.15,276.0,5662,Nehru Nagar
2026-06-22 22:30:00+00:00,54.5,73.0,32.5,40.5,0.875,275.0,5662,Nehru Nagar
2026-06-22 23:30:00+00:00,47.5,63.0,32.3,41.0,1.63,298.0,5662,Nehru Nagar
2026-06-23 00:30:00+00:00,29.0,38.0,33.0,42.8,2.33,313.0,5662,Nehru Nagar
2026-06-23 01:30:00+00:00,23.0,30.5,34.3,41.3,2.33,330.0,5662,Nehru Nagar
2026-06-23 02:30:00+00:00,25.5,34.5,36.0,38.5,2.28,313.0,5662,Nehru Nagar
2026-06-23 03:30:00+00:00,27.3,37.0,37.4,37.0,2.37,260.0,5662,Nehru Nagar
2026-06-23 10:30:00+00:00,20.0,30.0,41.2,26.0,2.6,321.0,5662,Nehru Nagar
2026-06-25 15:30:00+00:00,72.0,108.0,36.9,32.0,0.7,58.0,5662,Nehru Nagar
2026-06-25 16:30:00+00:00,71.5,108.0,36.5,35.0,0.425,154.0,5662,Nehru Nagar
2026-06-25 17:30:00+00:00,70.0,106.0,36.2,36.3,0.433,119.0,5662,Nehru Nagar
2026-06-25 18:30:00+00:00,62.0,93.0,36.2,39.5,0.45,55.5,5662,Nehru Nagar
2026-06-25 19:30:00+00:00,60.8,90.3,35.2,45.3,1.0,94.3,5662,Nehru Nagar
2026-06-25 20:30:00+00:00,53.0,79.0,35.0,44.8,0.55,144.0,5662,Nehru Nagar
2026-06-25 21:30:00+00:00,39.8,59.3,34.4,47.0,0.375,128.0,5662,Nehru Nagar
2026-06-25 22:30:00+00:00,35.5,53.5,34.0,47.0,0.725,187.0,5662,Nehru Nagar
2026-06-25 23:30:00+00:00,33.5,51.0,33.9,46.0,0.55,168.0,5662,Nehru Nagar
2026-06-26 00:30:00+00:00,33.0,49.5,34.6,45.5,0.725,229.0,5662,Nehru Nagar
2026-06-26 01:30:00+00:00,38.5,58.0,36.2,43.8,0.85,147.0,5662,Nehru Nagar
2026-06-26 02:30:00+00:00,46.0,69.5,36.4,44.0,2.05,150.0,5662,Nehru Nagar
2026-06-26 03:30:00+00:00,43.0,64.0,37.0,42.3,1.93,157.0,5662,Nehru Nagar
2026-06-26 04:30:00+00:00,33.0,50.5,38.7,37.8,2.33,175.0,5662,Nehru Nagar
2026-06-26 05:30:00+00:00,31.0,47.5,39.9,37.5,2.1,142.0,5662,Nehru Nagar
2026-06-26 06:30:00+00:00,31.5,48.0,41.0,35.3,2.05,140.0,5662,Nehru Nagar
2026-06-26 07:30:00+00:00,24.3,36.3,41.8,32.3,1.98,147.0,5662,Nehru Nagar
2026-06-26 08:30:00+00:00,26.8,39.8,42.2,29.5,1.98,196.0,5662,Nehru Nagar
2026-06-26 09:30:00+00:00,32.3,48.3,38.7,35.0,4.0,305.0,5662,Nehru Nagar
2026-06-26 10:30:00+00:00,33.3,49.8,37.1,39.3,2.1,310.0,5662,Nehru Nagar
2026-06-26 11:30:00+00:00,34.0,51.5,37.9,35.8,1.45,197.0,5662,Nehru Nagar
2026-06-26 12:30:00+00:00,38.8,57.3,37.2,37.0,1.18,161.0,5662,Nehru Nagar
2026-06-26 13:30:00+00:00,50.3,75.3,36.7,39.0,0.95,154.0,5662,Nehru Nagar
2026-06-26 14:30:00+00:00,42.3,64.3,36.3,40.3,1.1,116.0,5662,Nehru Nagar
2026-06-26 15:30:00+00:00,39.3,59.3,35.1,44.0,1.4,136.0,5662,Nehru Nagar
2026-06-26 16:30:00+00:00,28.3,42.3,34.3,47.8,1.88,92.3,5662,Nehru Nagar
2026-06-26 17:30:00+00:00,29.0,43.0,33.8,44.0,2.0,87.3,5662,Nehru Nagar
2026-06-26 18:30:00+00:00,17.0,25.0,33.6,44.5,1.4,125.0,5662,Nehru Nagar
2026-06-26 19:30:00+00:00,18.0,27.0,33.1,45.8,1.68,90.0,5662,Nehru Nagar
2026-06-26 20:30:00+00:00,11.8,17.8,33.0,48.3,1.5,88.0,5662,Nehru Nagar
2026-06-26 21:30:00+00:00,11.0,17.0,32.7,49.0,1.23,96.0,5662,Nehru Nagar
2026-06-26 22:30:00+00:00,12.5,19.0,32.2,54.0,1.28,228.0,5662,Nehru Nagar
2026-06-26 23:30:00+00:00,16.0,23.5,32.0,52.5,1.43,154.0,5662,Nehru Nagar
2026-06-27 00:30:00+00:00,16.3,24.3,32.7,51.0,1.33,142.0,5662,Nehru Nagar
2026-06-27 01:30:00+00:00,25.5,39.0,34.3,47.8,1.45,113.0,5662,Nehru Nagar
2026-06-27 02:30:00+00:00,22.5,34.0,35.6,45.0,1.98,133.0,5662,Nehru Nagar
2026-06-27 03:30:00+00:00,18.3,28.3,37.5,42.3,1.45,143.0,5662,Nehru Nagar
2026-06-27 04:30:00+00:00,21.0,32.0,39.4,39.0,1.23,163.0,5662,Nehru Nagar
2026-06-27 05:30:00+00:00,27.8,42.3,40.3,36.5,1.58,160.0,5662,Nehru Nagar
2026-06-27 06:30:00+00:00,29.3,44.8,41.1,35.0,1.75,170.0,5662,Nehru Nagar
2026-06-27 07:30:00+00:00,28.5,43.0,41.8,33.3,1.85,206.0,5662,Nehru Nagar
2026-06-27 08:30:00+00:00,31.5,47.0,42.5,32.5,1.83,212.0,5662,Nehru Nagar
2026-06-27 09:30:00+00:00,29.0,44.0,42.9,30.5,1.65,276.0,5662,Nehru Nagar
2026-06-27 10:30:00+00:00,37.0,56.0,41.7,32.8,1.9,301.0,5662,Nehru Nagar
2026-06-27 11:30:00+00:00,42.5,64.0,40.6,34.8,1.2,337.0,5662,Nehru Nagar
2026-06-27 12:30:00+00:00,41.3,61.3,39.9,33.8,1.2,349.0,5662,Nehru Nagar
2026-06-27 13:30:00+00:00,41.0,61.0,39.1,33.8,0.4,293.0,5662,Nehru Nagar
2026-06-27 14:30:00+00:00,47.5,72.0,38.8,37.5,0.4,70.8,5662,Nehru Nagar
2026-06-27 15:30:00+00:00,76.5,115.0,38.3,40.3,0.45,98.5,5662,Nehru Nagar
2026-06-27 16:30:00+00:00,74.0,112.0,37.4,41.5,1.33,305.0,5662,Nehru Nagar
2026-06-27 17:30:00+00:00,62.0,94.0,31.4,61.3,4.2,289.0,5662,Nehru Nagar
2026-06-27 18:30:00+00:00,21.0,31.0,29.9,71.0,1.15,139.0,5662,Nehru Nagar
2026-06-27 19:30:00+00:00,14.0,21.0,30.3,62.8,1.13,182.0,5662,Nehru Nagar
2026-06-27 20:30:00+00:00,9.0,13.5,31.0,59.3,2.05,157.0,5662,Nehru Nagar
2026-06-27 21:30:00+00:00,12.8,19.3,31.0,59.8,2.38,209.0,5662,Nehru Nagar
2026-06-27 22:30:00+00:00,15.5,23.5,30.4,61.8,1.55,170.0,5662,Nehru Nagar
2026-06-27 23:30:00+00:00,18.3,26.8,29.8,65.5,1.73,228.0,5662,Nehru Nagar
2026-06-28 00:30:00+00:00,21.5,31.5,30.4,64.0,1.55,215.0,5662,Nehru Nagar
2026-06-28 01:30:00+00:00,19.5,29.5,32.1,60.8,1.13,205.0,5662,Nehru Nagar
2026-06-28 02:30:00+00:00,17.0,26.5,33.7,56.0,1.03,208.0,5662,Nehru Nagar
2026-06-28 03:30:00+00:00,14.5,22.5,34.9,52.0,1.5,140.0,5662,Nehru Nagar
2026-06-28 04:30:00+00:00,17.0,25.5,36.0,47.5,1.68,143.0,5662,Nehru Nagar
2026-06-28 05:30:00+00:00,21.0,31.5,37.4,46.5,1.78,172.0,5662,Nehru Nagar
2026-06-28 06:30:00+00:00,22.5,34.0,38.7,42.3,1.68,164.0,5662,Nehru Nagar
2026-06-28 07:30:00+00:00,17.0,26.0,39.3,40.5,2.18,294.0,5662,Nehru Nagar
2026-06-28 08:30:00+00:00,17.5,25.5,39.6,40.3,2.4,289.0,5662,Nehru Nagar
2026-06-28 09:30:00+00:00,26.5,39.5,40.0,38.8,2.25,249.0,5662,Nehru Nagar
2026-06-28 10:30:00+00:00,21.5,31.5,40.5,38.3,1.43,278.0,5662,Nehru Nagar
2026-06-28 11:30:00+00:00,20.0,30.0,39.8,39.8,1.4,150.0,5662,Nehru Nagar
2026-06-28 12:30:00+00:00,26.0,39.0,37.7,45.0,1.05,226.0,5662,Nehru Nagar
2026-06-28 13:30:00+00:00,32.5,48.5,37.6,44.8,0.825,258.0,5662,Nehru Nagar
2026-06-28 14:30:00+00:00,33.0,48.5,37.1,46.5,1.78,148.0,5662,Nehru Nagar
2026-06-28 15:30:00+00:00,27.0,39.5,36.3,47.8,1.53,103.0,5662,Nehru Nagar
2026-06-28 16:30:00+00:00,18.8,27.3,35.8,46.5,1.15,114.0,5662,Nehru Nagar
2026-06-28 17:30:00+00:00,21.0,31.0,35.6,45.7,1.23,95.3,5662,Nehru Nagar
2026-06-28 18:30:00+00:00,23.0,35.0,35.1,47.5,1.5,109.0,5662,Nehru Nagar
2026-06-28 19:30:00+00:00,21.8,33.3,34.6,46.5,1.88,97.8,5662,Nehru Nagar
2026-06-28 20:30:00+00:00,19.0,29.5,34.4,39.0,1.2,117.0,5662,Nehru Nagar
2026-06-28 21:30:00+00:00,22.8,34.8,34.0,49.5,1.33,212.0,5662,Nehru Nagar
2026-06-28 22:30:00+00:00,22.8,33.8,33.6,53.3,1.08,189.0,5662,Nehru Nagar
2026-06-28 23:30:00+00:00,16.5,24.5,33.1,53.5,0.875,117.0,5662,Nehru Nagar
2026-06-29 00:30:00+00:00,19.0,27.5,33.1,55.0,0.8,204.0,5662,Nehru Nagar
2026-06-29 01:30:00+00:00,21.0,30.5,34.0,54.5,1.03,229.0,5662,Nehru Nagar
2026-06-29 02:30:00+00:00,18.0,26.0,35.0,52.8,1.43,263.0,5662,Nehru Nagar
2026-06-29 03:30:00+00:00,24.0,35.3,36.4,50.7,1.17,185.0,5662,Nehru Nagar
2026-06-29 04:30:00+00:00,35.0,52.5,37.3,47.8,1.55,240.0,5662,Nehru Nagar
2026-06-29 05:30:00+00:00,33.3,49.8,38.5,44.0,1.55,156.0,5662,Nehru Nagar
2026-06-29 06:30:00+00:00,36.0,53.5,39.7,36.8,1.63,228.0,5662,Nehru Nagar
2026-06-29 07:30:00+00:00,36.3,53.8,40.8,38.8,2.13,223.0,5662,Nehru Nagar
2026-06-29 08:30:00+00:00,41.8,61.8,41.1,37.8,2.45,219.0,5662,Nehru Nagar
2026-06-29 09:30:00+00:00,30.3,45.3,41.2,37.8,2.0,256.0,5662,Nehru Nagar
2026-06-29 10:30:00+00:00,33.3,50.8,40.8,39.3,1.6,280.0,5662,Nehru Nagar
2026-06-29 11:30:00+00:00,32.3,48.8,40.0,42.0,1.25,311.0,5662,Nehru Nagar
2026-06-29 12:30:00+00:00,37.5,56.0,38.9,45.5,1.7,243.0,5662,Nehru Nagar
2026-06-29 13:30:00+00:00,41.8,61.8,37.8,49.3,1.45,180.0,5662,Nehru Nagar
2026-06-29 14:30:00+00:00,38.3,56.8,36.5,54.3,2.38,195.0,5662,Nehru Nagar
2026-06-29 15:30:00+00:00,31.5,46.5,35.7,58.8,2.23,201.0,5662,Nehru Nagar
2026-06-29 16:30:00+00:00,35.3,52.8,35.2,52.0,2.65,184.0,5662,Nehru Nagar
2026-06-29 17:30:00+00:00,33.0,49.0,33.5,55.0,2.7,141.0,5662,Nehru Nagar
2026-06-29 18:30:00+00:00,15.0,22.0,32.4,58.5,2.9,108.0,5662,Nehru Nagar
2026-06-29 19:30:00+00:00,15.3,22.3,32.1,58.5,2.7,104.0,5662,Nehru Nagar
2026-06-29 20:30:00+00:00,11.5,16.5,32.0,59.5,2.45,82.3,5662,Nehru Nagar
2026-06-29 21:30:00+00:00,13.8,20.8,31.4,56.5,2.95,75.8,5662,Nehru Nagar
2026-06-29 22:30:00+00:00,8.75,13.3,30.8,61.5,2.55,249.0,5662,Nehru Nagar
2026-06-29 23:30:00+00:00,13.0,19.0,28.7,76.3,1.3,202.0,5662,Nehru Nagar
2026-06-30 00:30:00+00:00,10.0,16.0,28.5,76.3,1.23,159.0,5662,Nehru Nagar
2026-06-30 01:30:00+00:00,14.8,22.8,29.0,74.0,1.23,168.0,5662,Nehru Nagar
2026-06-30 02:30:00+00:00,24.0,35.5,29.0,72.8,1.85,215.0,5662,Nehru Nagar
2026-06-30 03:30:00+00:00,10.0,14.5,28.0,79.8,1.85,266.0,5662,Nehru Nagar
2026-06-30 04:30:00+00:00,15.0,22.0,27.9,82.8,2.13,219.0,5662,Nehru Nagar
2026-06-30 05:30:00+00:00,20.5,30.5,29.2,81.3,0.825,157.0,5662,Nehru Nagar
2026-06-30 06:30:00+00:00,19.8,29.8,31.2,70.8,0.75,156.0,5662,Nehru Nagar
2026-06-30 07:30:00+00:00,23.8,34.8,31.9,66.3,1.63,208.0,5662,Nehru Nagar
2026-06-30 08:30:00+00:00,27.3,40.8,31.9,67.5,2.48,217.0,5662,Nehru Nagar
2026-06-30 09:30:00+00:00,23.5,36.0,32.8,65.3,2.83,207.0,5662,Nehru Nagar
2026-06-30 10:30:00+00:00,26.0,39.0,33.8,62.0,2.2,249.0,5662,Nehru Nagar
2026-06-30 11:30:00+00:00,19.3,28.8,33.6,61.0,2.2,200.0,5662,Nehru Nagar
2026-06-30 12:30:00+00:00,17.8,26.3,32.4,63.0,2.43,186.0,5662,Nehru Nagar
2026-06-30 13:30:00+00:00,20.0,30.0,31.5,67.3,2.13,187.0,5662,Nehru Nagar
2026-06-30 14:30:00+00:00,20.0,30.0,31.2,67.0,1.5,193.0,5662,Nehru Nagar
2026-06-30 15:30:00+00:00,20.8,31.8,31.3,68.3,1.33,114.0,5662,Nehru Nagar
2026-06-30 16:30:00+00:00,18.0,26.5,31.1,69.3,0.95,184.0,5662,Nehru Nagar
2026-06-30 17:30:00+00:00,21.0,31.0,30.9,70.3,0.7,152.0,5662,Nehru Nagar
2026-06-30 19:30:00+00:00,23.0,35.0,30.3,72.5,1.6,212.0,5662,Nehru Nagar
2026-06-30 20:30:00+00:00,25.3,38.8,30.4,70.5,1.6,211.0,5662,Nehru Nagar
2026-06-30 21:30:00+00:00,21.8,33.3,30.1,72.5,1.0,170.0,5662,Nehru Nagar
2026-06-30 22:30:00+00:00,18.3,28.3,29.9,73.5,1.63,223.0,5662,Nehru Nagar
2026-06-30 23:30:00+00:00,17.5,26.5,29.9,73.0,1.28,197.0,5662,Nehru Nagar
2026-07-01 00:30:00+00:00,21.0,31.0,30.4,72.5,2.35,242.0,5662,Nehru Nagar
2026-07-01 01:30:00+00:00,29.0,43.0,30.9,72.0,1.75,220.0,5662,Nehru Nagar
2026-07-01 02:30:00+00:00,29.0,43.0,31.4,70.8,1.15,201.0,5662,Nehru Nagar
2026-07-01 03:30:00+00:00,29.0,43.0,32.6,65.5,0.875,119.0,5662,Nehru Nagar
2026-07-01 04:30:00+00:00,29.0,43.0,33.1,62.0,0.7,166.0,5662,Nehru Nagar
2026-07-01 05:30:00+00:00,29.3,43.3,33.6,61.3,1.8,283.0,5662,Nehru Nagar
2026-07-01 06:30:00+00:00,32.0,47.0,33.1,67.3,1.93,295.0,5662,Nehru Nagar
2026-07-01 07:30:00+00:00,35.3,52.3,32.1,66.5,2.8,326.0,5662,Nehru Nagar
2026-07-01 08:30:00+00:00,26.0,39.5,29.3,74.0,4.0,307.0,5662,Nehru Nagar
2026-07-01 09:30:00+00:00,21.8,32.8,29.0,77.0,2.23,219.0,5662,Nehru Nagar
2026-07-01 10:30:00+00:00,21.0,31.0,29.1,76.8,1.33,289.0,5662,Nehru Nagar
2026-07-01 11:30:00+00:00,28.8,43.8,28.7,78.0,2.05,332.0,5662,Nehru Nagar
2026-07-01 12:30:00+00:00,21.5,31.5,29.1,78.0,1.45,249.0,5662,Nehru Nagar
2026-07-01 13:30:00+00:00,18.3,26.8,28.9,78.8,1.45,270.0,5662,Nehru Nagar
2026-07-01 14:30:00+00:00,20.3,30.8,28.8,79.8,0.95,233.0,5662,Nehru Nagar
2026-07-01 15:30:00+00:00,24.5,36.5,28.8,80.0,0.9,235.0,5662,Nehru Nagar
2026-07-01 16:30:00+00:00,24.0,35.0,28.7,80.8,1.5,197.0,5662,Nehru Nagar
2026-07-01 17:30:00+00:00,18.0,26.0,29.0,80.7,1.27,230.0,5662,Nehru Nagar
2026-07-01 18:30:00+00:00,22.5,33.5,28.9,80.0,0.95,265.0,5662,Nehru Nagar
2026-07-01 19:30:00+00:00,21.0,31.0,29.1,80.0,0.825,214.0,5662,Nehru Nagar
2026-07-01 20:30:00+00:00,19.3,29.8,28.8,81.0,1.05,193.0,5662,Nehru Nagar
2026-07-01 21:30:00+00:00,25.5,38.5,28.5,82.3,0.475,248.0,5662,Nehru Nagar
2026-07-01 22:30:00+00:00,32.3,47.8,28.6,83.0,0.425,260.0,5662,Nehru Nagar
2026-07-01 23:30:00+00:00,29.0,43.0,28.6,83.0,1.33,200.0,5662,Nehru Nagar
2026-07-02 00:30:00+00:00,24.3,37.3,28.5,83.3,1.15,214.0,5662,Nehru Nagar
2026-07-02 01:30:00+00:00,23.0,35.0,29.0,84.0,0.4,121.0,5662,Nehru Nagar
2026-07-02 02:30:00+00:00,33.8,51.3,29.5,83.8,0.85,227.0,5662,Nehru Nagar
2026-07-02 03:30:00+00:00,30.5,46.5,29.2,82.3,1.38,169.0,5662,Nehru Nagar
2026-07-02 04:30:00+00:00,27.5,41.5,30.5,77.5,0.8,158.0,5662,Nehru Nagar
2026-07-02 05:30:00+00:00,15.5,24.0,33.4,64.0,1.3,261.0,5662,Nehru Nagar
2026-07-02 06:30:00+00:00,18.5,28.0,34.2,61.0,1.85,234.0,5662,Nehru Nagar
2026-07-02 07:30:00+00:00,18.0,28.0,34.3,62.5,1.78,255.0,5662,Nehru Nagar
2026-07-02 08:30:00+00:00,30.0,45.5,34.3,64.3,1.55,262.0,5662,Nehru Nagar
2026-07-02 09:30:00+00:00,32.0,47.0,33.8,66.3,2.1,249.0,5662,Nehru Nagar
2026-07-02 10:30:00+00:00,37.3,55.3,33.7,66.8,1.58,221.0,5662,Nehru Nagar
2026-07-02 11:30:00+00:00,33.8,51.3,31.9,76.5,0.925,249.0,5662,Nehru Nagar
2026-07-02 12:30:00+00:00,33.8,51.3,31.8,75.0,0.875,166.0,5662,Nehru Nagar
2026-07-02 13:30:00+00:00,44.5,66.5,31.6,75.3,1.05,211.0,5662,Nehru Nagar
2026-07-02 14:30:00+00:00,46.8,70.3,31.6,75.3,0.875,196.0,5662,Nehru Nagar
2026-07-02 15:30:00+00:00,53.3,79.3,30.8,77.5,1.18,149.0,5662,Nehru Nagar
2026-07-02 16:30:00+00:00,38.8,58.3,30.4,80.8,1.05,148.0,5662,Nehru Nagar
2026-07-02 17:30:00+00:00,38.0,56.0,30.3,81.0,0.567,123.0,5662,Nehru Nagar
2026-07-02 18:30:00+00:00,38.0,58.0,30.0,81.5,0.7,342.0,5662,Nehru Nagar
2026-07-02 19:30:00+00:00,42.3,64.3,29.9,82.0,0.85,320.0,5662,Nehru Nagar
2026-07-02 20:30:00+00:00,29.8,45.3,29.8,82.0,0.925,281.0,5662,Nehru Nagar
2026-07-02 21:30:00+00:00,25.5,39.0,28.9,80.3,1.75,227.0,5662,Nehru Nagar
2026-07-02 22:30:00+00:00,24.0,36.0,27.6,83.5,1.03,148.0,5662,Nehru Nagar
2026-07-03 00:30:00+00:00,19.0,29.0,27.0,86.0,3.18,244.0,5662,Nehru Nagar
2026-07-03 01:30:00+00:00,19.0,29.0,26.9,87.5,1.08,200.0,5662,Nehru Nagar
2026-07-03 02:30:00+00:00,19.0,29.0,27.8,88.0,1.13,210.0,5662,Nehru Nagar
2026-07-03 03:30:00+00:00,379.0,29.0,29.5,87.3,2.38,233.0,5662,Nehru Nagar
2026-07-03 04:30:00+00:00,388.0,55.0,32.6,76.8,2.45,216.0,5662,Nehru Nagar
2026-07-03 05:30:00+00:00,31.5,47.5,34.2,64.8,2.6,224.0,5662,Nehru Nagar
2026-07-03 06:30:00+00:00,23.5,35.5,35.3,58.0,2.0,217.0,5662,Nehru Nagar
2026-07-03 07:30:00+00:00,21.0,31.0,36.3,54.5,2.08,184.0,5662,Nehru Nagar
2026-07-03 10:30:00+00:00,6.0,8.0,35.5,54.5,1.75,335.0,5662,Nehru Nagar
2026-07-03 11:30:00+00:00,4.0,6.0,33.1,61.0,3.35,243.0,5662,Nehru Nagar
2026-07-03 12:30:00+00:00,2.0,4.0,27.9,80.8,1.63,235.0,5662,Nehru Nagar
2026-07-03 15:30:00+00:00,5.0,7.0,29.0,83.0,1.33,246.0,5662,Nehru Nagar
2026-07-03 16:30:00+00:00,5.0,7.0,29.0,82.5,0.575,264.0,5662,Nehru Nagar
2026-07-03 18:30:00+00:00,6.0,10.0,29.1,82.0,0.45,227.0,5662,Nehru Nagar
2026-07-03 19:30:00+00:00,6.5,10.5,29.2,82.3,0.375,303.0,5662,Nehru Nagar
2026-07-03 20:30:00+00:00,7.0,10.5,29.4,83.0,0.35,250.0,5662,Nehru Nagar
2026-07-03 21:30:00+00:00,4.5,6.5,29.4,82.8,0.525,281.0,5662,Nehru Nagar
2026-07-03 22:30:00+00:00,5.5,7.5,29.2,82.5,1.03,259.0,5662,Nehru Nagar
2026-07-03 23:30:00+00:00,4.0,6.0,29.0,83.0,0.8,220.0,5662,Nehru Nagar
2026-07-04 01:30:00+00:00,6.0,10.0,31.8,73.8,1.7,212.0,5662,Nehru Nagar
2026-07-04 02:30:00+00:00,5.0,8.5,33.4,68.3,2.35,229.0,5662,Nehru Nagar
2026-07-04 03:30:00+00:00,2.0,4.0,34.9,61.5,1.83,210.0,5662,Nehru Nagar
2026-07-04 04:30:00+00:00,23.0,34.0,36.1,57.3,2.23,217.0,5662,Nehru Nagar
2026-07-04 05:30:00+00:00,23.0,34.0,37.0,53.5,2.35,185.0,5662,Nehru Nagar
2026-07-04 09:30:00+00:00,20.0,30.0,38.0,48.0,2.23,213.0,5662,Nehru Nagar
2026-07-04 10:30:00+00:00,20.0,30.0,37.6,49.8,2.2,221.0,5662,Nehru Nagar
2026-07-04 11:30:00+00:00,16.0,24.0,37.2,52.3,2.2,213.0,5662,Nehru Nagar
2026-07-04 12:30:00+00:00,16.0,24.0,35.9,56.5,1.83,204.0,5662,Nehru Nagar
2026-07-04 13:30:00+00:00,32.0,48.0,34.7,62.3,1.2,185.0,5662,Nehru Nagar
2026-07-04 14:30:00+00:00,32.0,48.0,34.5,61.0,1.2,205.0,5662,Nehru Nagar
2026-07-04 18:30:00+00:00,4.0,6.0,32.2,73.5,0.95,280.0,5662,Nehru Nagar
2026-07-04 19:30:00+00:00,5.25,8.0,31.9,73.8,1.3,152.0,5662,Nehru Nagar
2026-07-04 20:30:00+00:00,6.0,9.0,31.7,73.0,0.65,232.0,5662,Nehru Nagar
2026-07-04 21:30:00+00:00,3.0,4.0,31.7,73.0,1.28,203.0,5662,Nehru Nagar
2026-07-04 22:30:00+00:00,3.5,5.0,31.4,73.8,1.35,228.0,5662,Nehru Nagar
2026-07-04 23:30:00+00:00,4.75,7.5,31.2,74.5,1.55,186.0,5662,Nehru Nagar
2026-07-05 00:30:00+00:00,4.0,6.0,32.2,72.8,1.8,222.0,5662,Nehru Nagar
2026-07-05 01:30:00+00:00,4.0,6.0,33.7,67.0,2.28,216.0,5662,Nehru Nagar
2026-07-05 05:30:00+00:00,1.0,2.0,37.4,55.3,2.08,189.0,5662,Nehru Nagar
2026-07-05 06:30:00+00:00,1.25,2.25,36.0,57.3,2.83,220.0,5662,Nehru Nagar
2026-07-05 07:30:00+00:00,2.0,3.0,37.0,50.0,2.13,200.0,5662,Nehru Nagar
2026-07-05 08:30:00+00:00,2.0,3.0,38.6,46.5,2.23,208.0,5662,Nehru Nagar
2026-07-05 09:30:00+00:00,2.0,3.0,38.5,47.0,3.0,213.0,5662,Nehru Nagar
2026-07-05 10:30:00+00:00,2.0,3.0,37.8,50.8,2.58,218.0,5662,Nehru Nagar
2026-07-05 20:30:00+00:00,1.0,2.0,28.0,82.8,1.55,319.0,5662,Nehru Nagar
2026-07-05 21:30:00+00:00,1.25,2.25,28.1,83.0,1.58,318.0,5662,Nehru Nagar
2026-07-05 22:30:00+00:00,2.0,3.0,28.1,83.0,1.28,316.0,5662,Nehru Nagar
2026-07-06 02:30:00+00:00,6.0,9.0,32.7,71.3,2.6,230.0,5662,Nehru Nagar
2026-07-06 03:30:00+00:00,6.5,9.75,34.2,62.0,3.43,215.0,5662,Nehru Nagar
2026-07-06 04:30:00+00:00,6.75,10.0,35.1,58.3,3.33,240.0,5662,Nehru Nagar
2026-07-06 05:30:00+00:00,2.75,3.75,36.0,49.0,3.35,218.0,5662,Nehru Nagar
2026-07-06 06:30:00+00:00,2.0,3.0,36.6,47.0,3.6,234.0,5662,Nehru Nagar
2026-07-06 07:30:00+00:00,2.25,3.25,36.6,48.3,3.88,220.0,5662,Nehru Nagar
2026-07-06 08:30:00+00:00,3.0,4.0,35.7,50.8,3.88,214.0,5662,Nehru Nagar
2026-07-06 10:30:00+00:00,4.0,6.0,35.9,51.5,3.73,226.0,5662,Nehru Nagar
2026-07-06 11:30:00+00:00,3.25,5.0,35.3,52.8,2.88,214.0,5662,Nehru Nagar
2026-07-06 12:30:00+00:00,1.0,2.0,34.9,53.0,3.13,237.0,5662,Nehru Nagar
2026-07-06 13:30:00+00:00,2.0,3.0,34.3,54.3,1.78,212.0,5662,Nehru Nagar
2026-07-06 14:30:00+00:00,2.5,3.75,33.6,57.3,2.0,214.0,5662,Nehru Nagar
2026-07-06 15:30:00+00:00,3.25,5.0,33.1,57.8,1.73,212.0,5662,Nehru Nagar
2026-07-06 16:30:00+00:00,1.0,2.0,32.9,60.5,1.85,206.0,5662,Nehru Nagar
2026-07-06 17:30:00+00:00,1.0,2.0,32.6,61.7,2.17,232.0,5662,Nehru Nagar
2026-07-06 19:30:00+00:00,18.0,27.0,31.9,67.0,1.8,185.0,5662,Nehru Nagar
2026-07-06 20:30:00+00:00,18.0,27.0,31.4,69.0,1.7,201.0,5662,Nehru Nagar
2026-07-06 23:30:00+00:00,4.0,6.0,30.6,69.3,0.95,216.0,5662,Nehru Nagar
2026-07-07 00:30:00+00:00,4.0,6.0,30.6,71.0,1.4,222.0,5662,Nehru Nagar
2026-07-07 06:30:00+00:00,3.0,4.0,33.4,59.3,4.93,219.0,5662,Nehru Nagar
2026-07-07 07:30:00+00:00,3.0,4.0,33.8,57.5,4.55,216.0,5662,Nehru Nagar
2026-07-07 16:30:00+00:00,1.0,2.0,29.9,74.3,3.33,213.0,5662,Nehru Nagar
2026-07-07 17:30:00+00:00,1.0,2.0,29.7,75.0,2.63,206.0,5662,Nehru Nagar
2026-07-07 20:30:00+00:00,2.0,3.0,29.0,78.0,3.48,236.0,5662,Nehru Nagar
2026-07-07 21:30:00+00:00,2.0,3.0,28.9,77.5,3.65,235.0,5662,Nehru Nagar
2026-07-07 22:30:00+00:00,2.0,3.0,28.8,77.0,3.48,239.0,5662,Nehru Nagar
2026-07-08 04:30:00+00:00,2.0,3.0,29.1,80.5,2.83,187.0,5662,Nehru Nagar
2026-07-08 05:30:00+00:00,4.25,6.25,31.4,76.0,2.78,210.0,5662,Nehru Nagar
2026-07-08 06:30:00+00:00,8.75,12.8,32.7,67.0,3.25,207.0,5662,Nehru Nagar
2026-07-08 07:30:00+00:00,2.0,3.0,30.9,72.5,2.6,166.0,5662,Nehru Nagar
2026-07-08 18:30:00+00:00,6.0,9.0,28.9,80.0,2.2,143.0,5662,Nehru Nagar
2026-07-08 19:30:00+00:00,6.25,9.25,28.8,80.0,1.58,144.0,5662,Nehru Nagar
2026-07-08 20:30:00+00:00,5.5,8.0,28.8,80.0,1.3,167.0,5662,Nehru Nagar
2026-07-08 21:30:00+00:00,1.0,2.0,28.7,80.0,1.48,147.0,5662,Nehru Nagar
2026-07-09 00:30:00+00:00,2.0,3.0,28.2,83.0,1.7,115.0,5662,Nehru Nagar
2026-07-09 01:30:00+00:00,2.25,3.25,28.6,83.3,2.05,117.0,5662,Nehru Nagar
2026-07-09 02:30:00+00:00,3.0,4.0,29.5,81.5,2.43,118.0,5662,Nehru Nagar
2026-07-09 03:30:00+00:00,2.0,3.0,29.8,78.8,2.53,114.0,5662,Nehru Nagar
2026-07-09 04:30:00+00:00,2.75,4.25,30.8,75.3,2.78,139.0,5662,Nehru Nagar
2026-07-09 05:30:00+00:00,4.5,7.0,32.0,70.0,2.33,123.0,5662,Nehru Nagar
2026-07-09 06:30:00+00:00,3.0,4.0,32.9,65.3,2.75,116.0,5662,Nehru Nagar
2026-07-09 07:30:00+00:00,3.0,4.0,32.5,68.0,2.05,122.0,5662,Nehru Nagar
2026-07-09 08:30:00+00:00,2.5,3.5,29.8,75.0,1.65,139.0,5662,Nehru Nagar
2026-07-09 11:30:00+00:00,1.0,2.0,28.9,78.3,1.08,160.0,5662,Nehru Nagar
2026-07-09 13:30:00+00:00,36.0,54.0,28.4,77.8,1.13,117.0,5662,Nehru Nagar
2026-07-09 14:30:00+00:00,37.5,56.3,28.5,77.0,0.85,103.0,5662,Nehru Nagar
2026-07-09 15:30:00+00:00,42.5,63.8,28.7,77.3,0.85,106.0,5662,Nehru Nagar
2026-07-09 16:30:00+00:00,38.0,57.0,28.3,77.5,1.9,88.5,5662,Nehru Nagar
2026-07-09 17:30:00+00:00,20.0,30.0,28.3,77.0,1.3,93.0,5662,Nehru Nagar
2026-07-09 18:30:00+00:00,22.0,33.0,28.2,78.0,1.6,92.5,5662,Nehru Nagar
2026-07-09 19:30:00+00:00,30.0,44.5,28.0,78.0,1.73,92.5,5662,Nehru Nagar
2026-07-09 20:30:00+00:00,27.3,40.5,27.8,77.8,1.78,94.0,5662,Nehru Nagar
2026-07-09 21:30:00+00:00,24.3,36.5,27.5,80.8,1.6,111.0,5662,Nehru Nagar
2026-07-09 22:30:00+00:00,15.0,23.0,27.4,82.5,1.98,167.0,5662,Nehru Nagar
2026-07-09 23:30:00+00:00,20.5,31.0,26.6,87.0,2.23,218.0,5662,Nehru Nagar
2026-07-10 00:30:00+00:00,21.0,31.0,26.6,87.0,1.7,277.0,5662,Nehru Nagar
2026-07-10 01:30:00+00:00,25.3,37.5,26.6,87.0,0.85,153.0,5662,Nehru Nagar
2026-07-10 02:30:00+00:00,17.8,26.5,27.0,87.0,1.23,140.0,5662,Nehru Nagar
2026-07-10 03:30:00+00:00,17.0,25.0,27.8,87.0,1.28,100.0,5662,Nehru Nagar
2026-07-10 04:30:00+00:00,36.8,54.8,29.2,86.3,1.55,114.0,5662,Nehru Nagar
2026-07-10 05:30:00+00:00,53.0,79.5,30.8,81.8,1.73,196.0,5662,Nehru Nagar
2026-07-10 06:30:00+00:00,84.3,126.0,31.8,72.0,1.85,229.0,5662,Nehru Nagar
2026-07-10 07:30:00+00:00,80.3,120.0,32.9,68.0,1.73,179.0,5662,Nehru Nagar
2026-07-10 08:30:00+00:00,85.5,128.0,33.5,67.8,1.63,163.0,5662,Nehru Nagar
2026-07-10 09:30:00+00:00,92.0,138.0,34.0,65.8,2.03,146.0,5662,Nehru Nagar
2026-07-10 10:30:00+00:00,49.0,74.0,28.6,75.5,3.18,168.0,5662,Nehru Nagar
2026-07-10 11:30:00+00:00,22.0,33.0,27.3,82.8,1.05,110.0,5662,Nehru Nagar
2026-07-10 12:30:00+00:00,25.5,38.3,28.1,83.0,0.975,121.0,5662,Nehru Nagar
2026-07-10 13:30:00+00:00,36.8,55.0,28.7,83.0,1.2,105.0,5662,Nehru Nagar
2026-07-10 14:30:00+00:00,38.8,57.8,28.6,83.0,0.825,120.0,5662,Nehru Nagar
2026-07-10 15:30:00+00:00,37.8,56.5,28.4,82.8,1.18,226.0,5662,Nehru Nagar
2026-07-10 16:30:00+00:00,35.8,53.3,28.5,81.3,1.35,183.0,5662,Nehru Nagar
2026-07-10 17:30:00+00:00,32.0,48.0,28.5,79.3,1.5,157.0,5662,Nehru Nagar
2026-07-10 18:30:00+00:00,25.0,38.0,28.3,80.0,0.6,226.0,5662,Nehru Nagar
2026-07-10 19:30:00+00:00,12.5,19.0,28.4,80.0,1.13,158.0,5662,Nehru Nagar
2026-07-10 20:30:00+00:00,15.0,22.0,28.4,80.3,1.25,222.0,5662,Nehru Nagar
2026-07-10 21:30:00+00:00,26.0,38.5,28.4,79.3,0.775,198.0,5662,Nehru Nagar
2026-07-10 22:30:00+00:00,25.5,38.0,28.3,79.8,0.7,194.0,5662,Nehru Nagar
2026-07-10 23:30:00+00:00,33.3,50.0,28.3,80.5,0.8,145.0,5662,Nehru Nagar
2026-07-11 00:30:00+00:00,34.3,50.5,28.6,80.8,0.725,141.0,5662,Nehru Nagar
2026-07-11 01:30:00+00:00,34.5,51.5,29.3,77.8,1.58,158.0,5662,Nehru Nagar
2026-07-11 02:30:00+00:00,33.0,49.8,30.3,72.8,2.13,232.0,5662,Nehru Nagar
2026-07-11 03:30:00+00:00,30.8,45.8,31.9,67.0,3.03,245.0,5662,Nehru Nagar
2026-07-11 04:30:00+00:00,39.8,60.3,32.6,65.0,3.85,282.0,5662,Nehru Nagar
2026-07-11 05:30:00+00:00,43.3,64.8,33.2,63.5,3.1,285.0,5662,Nehru Nagar
2026-07-11 06:30:00+00:00,39.0,59.5,34.3,60.5,2.65,260.0,5662,Nehru Nagar
2026-07-11 07:30:00+00:00,43.3,65.8,35.6,54.0,2.95,235.0,5662,Nehru Nagar
2026-07-11 08:30:00+00:00,44.5,67.0,35.9,49.3,3.25,254.0,5662,Nehru Nagar
2026-07-11 09:30:00+00:00,31.0,46.0,35.7,51.3,2.8,250.0,5662,Nehru Nagar
2026-07-11 10:30:00+00:00,17.5,26.0,35.8,51.3,2.38,240.0,5662,Nehru Nagar
2026-07-11 11:30:00+00:00,30.8,46.3,35.2,55.5,2.05,256.0,5662,Nehru Nagar
2026-07-11 12:30:00+00:00,37.0,54.5,34.5,59.8,1.1,228.0,5662,Nehru Nagar
2026-07-11 13:30:00+00:00,60.3,89.8,33.5,64.5,0.725,194.0,5662,Nehru Nagar
2026-07-11 14:30:00+00:00,61.5,92.5,32.9,65.8,1.0,150.0,5662,Nehru Nagar
2026-07-11 15:30:00+00:00,52.3,78.3,32.6,64.8,0.875,173.0,5662,Nehru Nagar
2026-07-11 16:30:00+00:00,68.3,103.0,32.0,67.0,1.08,147.0,5662,Nehru Nagar
2026-07-11 17:30:00+00:00,51.0,77.0,31.6,67.0,1.07,165.0,5662,Nehru Nagar
2026-07-11 18:30:00+00:00,52.5,78.5,30.7,67.5,1.2,164.0,5662,Nehru Nagar
2026-07-11 19:30:00+00:00,46.3,69.3,30.3,66.5,1.18,190.0,5662,Nehru Nagar
2026-07-11 20:30:00+00:00,48.3,72.3,30.1,67.3,1.25,188.0,5662,Nehru Nagar
2026-07-11 21:30:00+00:00,34.0,52.0,29.8,68.5,1.33,188.0,5662,Nehru Nagar
2026-07-11 22:30:00+00:00,49.0,73.5,29.6,67.0,1.33,184.0,5662,Nehru Nagar
2026-07-11 23:30:00+00:00,51.5,77.5,29.4,69.3,1.23,190.0,5662,Nehru Nagar
2026-07-12 00:30:00+00:00,50.3,76.3,29.7,70.3,1.55,203.0,5662,Nehru Nagar
2026-07-12 01:30:00+00:00,49.8,74.8,30.7,67.5,2.0,215.0,5662,Nehru Nagar
2026-07-12 02:30:00+00:00,45.3,67.3,31.1,66.5,2.1,236.0,5662,Nehru Nagar
2026-07-12 03:30:00+00:00,43.8,66.3,31.7,65.5,2.13,248.0,5662,Nehru Nagar
2026-07-12 04:30:00+00:00,48.0,73.0,33.5,62.3,2.8,246.0,5662,Nehru Nagar
2026-07-12 05:30:00+00:00,53.3,80.8,35.3,57.5,3.0,231.0,5662,Nehru Nagar
2026-07-12 06:30:00+00:00,50.3,75.8,35.7,57.3,3.28,245.0,5662,Nehru Nagar
2026-07-12 07:30:00+00:00,47.5,71.5,36.6,52.8,3.13,244.0,5662,Nehru Nagar
2026-07-12 08:30:00+00:00,44.8,67.8,36.9,51.0,2.98,242.0,5662,Nehru Nagar
2026-07-12 09:30:00+00:00,44.3,66.3,36.8,50.0,3.35,286.0,5662,Nehru Nagar
2026-07-12 10:30:00+00:00,52.5,79.5,37.2,48.3,2.68,225.0,5662,Nehru Nagar
2026-07-12 11:30:00+00:00,45.5,68.0,36.2,49.8,3.1,268.0,5662,Nehru Nagar
2026-07-12 12:30:00+00:00,40.8,60.3,35.2,52.5,2.2,289.0,5662,Nehru Nagar
2026-07-12 13:30:00+00:00,51.0,76.0,34.1,56.3,1.53,285.0,5662,Nehru Nagar
2026-07-12 14:30:00+00:00,56.8,84.8,33.5,59.5,1.05,201.0,5662,Nehru Nagar
2026-07-12 15:30:00+00:00,59.5,89.0,33.0,62.3,1.0,149.0,5662,Nehru Nagar
2026-07-12 16:30:00+00:00,63.8,94.8,32.4,60.5,1.58,173.0,5662,Nehru Nagar
2026-07-12 17:30:00+00:00,45.0,67.0,31.7,62.0,1.83,172.0,5662,Nehru Nagar
2026-07-12 18:30:00+00:00,37.5,56.5,31.0,65.0,1.45,173.0,5662,Nehru Nagar
2026-07-12 19:30:00+00:00,29.8,44.8,30.7,63.0,1.43,175.0,5662,Nehru Nagar
2026-07-12 20:30:00+00:00,21.3,32.3,30.5,63.5,1.2,173.0,5662,Nehru Nagar
2026-07-12 21:30:00+00:00,21.3,31.8,30.1,64.5,1.4,209.0,5662,Nehru Nagar
2026-07-12 22:30:00+00:00,39.0,58.0,30.1,62.5,2.25,208.0,5662,Nehru Nagar
2026-07-12 23:30:00+00:00,43.3,64.8,30.3,63.3,2.38,232.0,5662,Nehru Nagar
2026-07-13 00:30:00+00:00,36.8,55.8,30.6,63.3,2.38,225.0,5662,Nehru Nagar
2026-07-13 01:30:00+00:00,36.3,54.3,31.5,62.3,2.48,251.0,5662,Nehru Nagar
2026-07-13 02:30:00+00:00,46.8,70.8,32.5,61.3,2.3,243.0,5662,Nehru Nagar
2026-07-13 03:30:00+00:00,48.8,72.8,34.0,57.8,2.78,271.0,5662,Nehru Nagar
2026-07-13 04:30:00+00:00,46.3,69.3,35.2,53.0,3.28,276.0,5662,Nehru Nagar
2026-07-13 05:30:00+00:00,42.0,62.5,36.0,51.5,4.03,297.0,5662,Nehru Nagar
2026-07-13 06:30:00+00:00,46.5,69.5,36.9,50.8,3.75,286.0,5662,Nehru Nagar
2026-07-13 07:30:00+00:00,52.3,78.8,37.5,50.3,3.73,297.0,5662,Nehru Nagar
2026-07-13 08:30:00+00:00,54.8,82.3,37.5,50.5,3.03,278.0,5662,Nehru Nagar
2026-07-13 09:30:00+00:00,55.0,83.0,37.6,50.5,2.83,273.0,5662,Nehru Nagar
2026-07-13 10:30:00+00:00,64.8,97.8,37.8,50.0,2.23,256.0,5662,Nehru Nagar
2026-07-13 11:30:00+00:00,56.8,85.8,37.4,50.3,1.93,277.0,5662,Nehru Nagar
2026-07-13 12:30:00+00:00,57.3,85.8,36.3,53.0,1.5,264.0,5662,Nehru Nagar
2026-07-13 13:30:00+00:00,65.8,99.3,35.3,55.3,1.03,269.0,5662,Nehru Nagar
2026-07-13 14:30:00+00:00,52.5,78.5,34.9,57.0,0.875,201.0,5662,Nehru Nagar
2026-07-13 15:30:00+00:00,51.8,77.8,34.4,60.0,1.18,132.0,5662,Nehru Nagar
2026-07-13 16:30:00+00:00,51.0,76.0,33.7,61.3,1.3,171.0,5662,Nehru Nagar
2026-07-13 17:30:00+00:00,42.0,64.0,33.1,62.0,1.27,183.0,5662,Nehru Nagar
2026-07-13 18:30:00+00:00,41.5,61.5,32.6,63.0,1.05,178.0,5662,Nehru Nagar
2026-07-13 19:30:00+00:00,38.8,57.3,32.1,64.5,1.1,204.0,5662,Nehru Nagar
2026-07-13 20:30:00+00:00,31.5,47.0,31.7,66.0,1.33,203.0,5662,Nehru Nagar
2026-07-13 21:30:00+00:00,37.0,56.0,31.2,67.0,1.25,156.0,5662,Nehru Nagar
2026-07-13 22:30:00+00:00,33.3,50.7,31.0,66.0,0.967,153.0,5662,Nehru Nagar
2026-07-13 23:30:00+00:00,40.0,60.5,30.8,65.5,1.08,180.0,5662,Nehru Nagar
2026-07-14 00:30:00+00:00,50.5,75.0,30.9,64.8,1.53,173.0,5662,Nehru Nagar
2026-07-14 01:30:00+00:00,62.0,93.0,32.2,60.5,2.38,237.0,5662,Nehru Nagar
2026-07-14 02:30:00+00:00,55.0,82.5,33.0,59.0,2.4,266.0,5662,Nehru Nagar
2026-07-14 03:30:00+00:00,49.5,74.0,33.9,58.0,2.95,297.0,5662,Nehru Nagar
2026-07-14 04:30:00+00:00,44.3,65.8,35.4,54.5,3.25,311.0,5662,Nehru Nagar
2026-07-14 05:30:00+00:00,47.0,71.0,36.8,50.8,3.23,306.0,5662,Nehru Nagar
2026-07-14 06:30:00+00:00,36.3,54.8,37.9,48.5,3.25,297.0,5662,Nehru Nagar
2026-07-14 07:30:00+00:00,40.0,60.0,38.6,45.0,2.9,300.0,5662,Nehru Nagar
2026-07-14 08:30:00+00:00,41.3,61.8,38.7,42.8,2.75,291.0,5662,Nehru Nagar
2026-07-14 09:30:00+00:00,45.3,67.8,38.4,42.0,3.15,322.0,5662,Nehru Nagar
2026-07-14 10:30:00+00:00,42.0,64.0,38.5,41.0,2.38,299.0,5662,Nehru Nagar
2026-07-14 11:30:00+00:00,32.5,49.5,37.1,42.0,1.48,281.0,5662,Nehru Nagar
2026-07-14 12:30:00+00:00,39.0,58.5,36.4,45.3,1.03,299.0,5662,Nehru Nagar
2026-07-14 13:30:00+00:00,38.5,58.0,35.8,48.3,0.875,336.0,5662,Nehru Nagar
2026-07-14 14:30:00+00:00,46.0,69.5,34.7,54.5,1.28,243.0,5662,Nehru Nagar
2026-07-14 15:30:00+00:00,46.0,68.0,33.7,61.8,1.15,207.0,5662,Nehru Nagar
2026-07-14 16:30:00+00:00,43.0,63.5,32.6,63.8,2.05,192.0,5662,Nehru Nagar
2026-07-14 17:30:00+00:00,34.0,50.0,32.2,61.0,2.03,279.0,5662,Nehru Nagar
2026-07-14 18:30:00+00:00,28.5,42.5,31.9,55.0,1.25,126.0,5662,Nehru Nagar
2026-07-14 19:30:00+00:00,21.3,32.3,31.6,60.3,1.75,141.0,5662,Nehru Nagar
2026-07-14 20:30:00+00:00,28.8,43.3,31.1,64.5,1.28,226.0,5662,Nehru Nagar
2026-07-14 21:30:00+00:00,32.8,49.3,30.9,65.0,0.75,264.0,5662,Nehru Nagar
2026-07-14 22:30:00+00:00,36.0,53.5,30.9,63.5,0.875,159.0,5662,Nehru Nagar
2026-07-14 23:30:00+00:00,30.8,46.8,30.8,65.0,1.03,106.0,5662,Nehru Nagar
2026-07-15 00:30:00+00:00,36.0,53.5,30.8,64.3,1.35,254.0,5662,Nehru Nagar
2026-07-15 01:30:00+00:00,42.3,62.8,32.0,62.8,2.08,258.0,5662,Nehru Nagar
2026-07-15 02:30:00+00:00,32.8,48.3,32.4,60.5,2.95,322.0,5662,Nehru Nagar
2026-07-15 03:30:00+00:00,27.3,40.3,33.4,58.0,3.13,325.0,5662,Nehru Nagar
2026-07-15 04:30:00+00:00,23.0,34.0,34.4,55.8,2.8,329.0,5662,Nehru Nagar
2026-07-15 05:30:00+00:00,27.5,42.0,35.9,52.3,2.65,325.0,5662,Nehru Nagar
2026-07-15 06:30:00+00:00,32.0,48.0,36.8,50.8,3.0,318.0,5662,Nehru Nagar
2026-07-15 07:30:00+00:00,32.0,48.0,37.3,46.0,2.93,308.0,5662,Nehru Nagar
2026-07-15 08:30:00+00:00,35.5,53.5,37.2,47.8,2.95,311.0,5662,Nehru Nagar
2026-07-15 09:30:00+00:00,43.5,66.0,37.6,45.3,3.25,322.0,5662,Nehru Nagar
2026-07-15 10:30:00+00:00,36.8,55.3,37.2,45.8,3.05,333.0,5662,Nehru Nagar
2026-07-15 11:30:00+00:00,40.3,60.8,36.0,49.3,2.15,301.0,5662,Nehru Nagar
2026-07-15 12:30:00+00:00,43.5,65.0,34.7,54.0,2.03,272.0,5662,Nehru Nagar
2026-07-15 13:30:00+00:00,43.0,64.0,33.8,58.5,1.13,330.0,5662,Nehru Nagar
2026-07-15 14:30:00+00:00,46.5,70.5,33.9,57.5,1.68,343.0,5662,Nehru Nagar
2026-07-15 15:30:00+00:00,45.8,68.8,33.5,55.5,2.03,324.0,5662,Nehru Nagar
2026-07-15 16:30:00+00:00,37.0,56.0,33.0,56.3,1.85,323.0,5662,Nehru Nagar
2026-07-15 17:30:00+00:00,31.0,47.0,32.6,58.7,1.53,326.0,5662,Nehru Nagar
2026-07-15 18:30:00+00:00,35.0,52.0,32.1,54.5,1.15,321.0,5662,Nehru Nagar
2026-07-15 19:30:00+00:00,38.0,57.0,32.0,59.8,1.35,346.0,5662,Nehru Nagar
2026-07-15 20:30:00+00:00,31.0,46.5,31.8,60.0,1.18,345.0,5662,Nehru Nagar
2026-07-15 21:30:00+00:00,28.5,42.5,31.4,65.8,1.53,259.0,5662,Nehru Nagar
2026-07-15 22:30:00+00:00,36.0,53.0,30.3,72.5,1.13,193.0,5662,Nehru Nagar
2026-07-15 23:30:00+00:00,60.0,89.0,30.2,74.0,0.625,274.0,5662,Nehru Nagar
2026-07-16 00:30:00+00:00,73.3,109.0,30.5,73.8,1.03,174.0,5662,Nehru Nagar
2026-07-16 01:30:00+00:00,62.8,94.8,31.1,71.8,0.675,160.0,5662,Nehru Nagar
2026-07-16 02:30:00+00:00,75.5,114.0,32.0,67.5,1.55,242.0,5662,Nehru Nagar
2026-07-16 03:30:00+00:00,74.5,112.0,31.1,67.5,2.65,210.0,5662,Nehru Nagar
2026-07-16 04:30:00+00:00,59.0,89.0,32.4,65.8,1.18,137.0,5662,Nehru Nagar
2026-07-16 05:30:00+00:00,64.0,95.0,34.3,59.0,1.23,177.0,5662,Nehru Nagar
2026-07-16 06:30:00+00:00,74.0,110.0,35.9,51.8,1.6,252.0,5662,Nehru Nagar
2026-07-16 07:30:00+00:00,90.0,134.0,37.4,51.0,1.78,286.0,5662,Nehru Nagar
2026-07-16 08:30:00+00:00,89.5,134.0,37.4,49.3,2.1,318.0,5662,Nehru Nagar
2026-07-16 09:30:00+00:00,55.5,83.0,37.2,51.3,1.95,302.0,5662,Nehru Nagar
2026-07-16 10:30:00+00:00,63.8,94.8,37.2,52.5,1.83,241.0,5662,Nehru Nagar
2026-07-16 11:30:00+00:00,52.0,77.5,30.9,65.8,5.05,275.0,5662,Nehru Nagar
2026-07-16 12:30:00+00:00,35.3,52.3,27.6,80.5,3.08,222.0,5662,Nehru Nagar
2026-07-16 13:30:00+00:00,25.5,37.5,28.6,81.5,1.13,183.0,5662,Nehru Nagar
2026-07-16 14:30:00+00:00,13.3,19.8,29.1,78.8,1.55,176.0,5662,Nehru Nagar
2026-07-16 15:30:00+00:00,15.8,23.3,29.3,75.8,1.18,157.0,5662,Nehru Nagar
2026-07-16 16:30:00+00:00,15.3,22.8,29.4,75.0,0.9,86.0,5662,Nehru Nagar
2026-07-16 17:30:00+00:00,25.0,37.0,29.4,75.0,0.5,79.0,5662,Nehru Nagar
2026-07-16 18:30:00+00:00,24.0,35.0,29.5,74.0,0.75,83.5,5662,Nehru Nagar
2026-07-16 19:30:00+00:00,19.5,28.5,29.3,75.0,0.75,116.0,5662,Nehru Nagar
2026-07-16 20:30:00+00:00,13.8,20.8,29.3,75.5,0.75,73.8,5662,Nehru Nagar
2026-07-16 21:30:00+00:00,20.0,30.5,29.2,77.0,0.525,197.0,5662,Nehru Nagar
2026-07-16 22:30:00+00:00,20.3,30.8,28.8,78.8,0.925,252.0,5662,Nehru Nagar
2026-07-16 23:30:00+00:00,12.8,19.3,28.8,80.8,0.85,230.0,5662,Nehru Nagar
2026-07-17 00:30:00+00:00,18.5,27.5,28.9,81.0,1.85,187.0,5662,Nehru Nagar
2026-07-17 01:30:00+00:00,26.3,38.8,29.6,76.5,1.28,229.0,5662,Nehru Nagar
2026-07-17 02:30:00+00:00,38.8,58.8,29.6,75.0,1.8,217.0,5662,Nehru Nagar
2026-07-17 03:30:00+00:00,35.0,53.5,29.7,74.0,1.43,136.0,5662,Nehru Nagar
2026-07-17 04:30:00+00:00,27.0,41.0,31.3,68.5,1.35,123.0,5662,Nehru Nagar
2026-07-17 05:30:00+00:00,30.8,45.3,33.6,62.5,1.9,90.8,5662,Nehru Nagar
2026-07-17 06:30:00+00:00,32.8,48.8,34.2,62.5,1.9,105.0,5662,Nehru Nagar
2026-07-17 07:30:00+00:00,31.5,47.0,35.4,57.3,1.65,126.0,5662,Nehru Nagar
2026-07-17 08:30:00+00:00,32.5,48.0,36.6,53.0,1.98,233.0,5662,Nehru Nagar
2026-07-17 09:30:00+00:00,39.8,59.8,37.6,49.0,1.7,254.0,5662,Nehru Nagar
2026-07-17 10:30:00+00:00,38.3,57.8,36.4,51.0,1.58,306.0,5662,Nehru Nagar
2026-07-17 11:30:00+00:00,37.0,55.5,35.2,57.0,1.7,230.0,5662,Nehru Nagar
2026-07-17 12:30:00+00:00,41.5,62.5,33.8,65.3,2.08,236.0,5662,Nehru Nagar
2026-07-17 13:30:00+00:00,46.0,70.0,32.8,72.3,1.5,224.0,5662,Nehru Nagar
2026-07-17 14:30:00+00:00,46.3,70.3,32.9,71.8,1.15,221.0,5662,Nehru Nagar
2026-07-17 15:30:00+00:00,45.8,68.8,32.7,72.8,1.35,205.0,5662,Nehru Nagar
2026-07-17 16:30:00+00:00,40.3,59.8,32.2,72.8,1.38,175.0,5662,Nehru Nagar
2026-07-17 17:30:00+00:00,35.0,53.0,31.7,69.7,1.27,139.0,5662,Nehru Nagar
2026-07-17 18:30:00+00:00,30.5,45.5,31.1,67.0,1.85,118.0,5662,Nehru Nagar
2026-07-17 19:30:00+00:00,29.5,44.5,30.8,72.5,1.4,108.0,5662,Nehru Nagar
2026-07-17 20:30:00+00:00,24.3,35.8,30.2,68.3,1.48,133.0,5662,Nehru Nagar
2026-07-17 21:30:00+00:00,21.0,31.0,29.9,65.5,1.53,115.0,5662,Nehru Nagar
2026-07-17 22:30:00+00:00,18.8,28.8,29.6,66.8,1.15,147.0,5662,Nehru Nagar
2026-07-17 23:30:00+00:00,23.3,34.3,29.6,68.3,0.95,184.0,5662,Nehru Nagar
2026-07-18 00:30:00+00:00,28.8,42.3,29.8,69.0,1.08,169.0,5662,Nehru Nagar
2026-07-18 01:30:00+00:00,28.8,42.8,30.6,66.0,1.25,194.0,5662,Nehru Nagar
2026-07-18 02:30:00+00:00,40.0,60.0,31.6,63.8,1.2,134.0,5662,Nehru Nagar
2026-07-18 03:30:00+00:00,40.0,60.0,32.7,60.3,1.1,173.0,5662,Nehru Nagar
2026-07-18 04:30:00+00:00,37.5,56.0,34.5,55.3,1.43,300.0,5662,Nehru Nagar
2026-07-18 05:30:00+00:00,30.0,44.0,35.0,54.5,1.9,236.0,5662,Nehru Nagar
2026-07-18 06:30:00+00:00,29.0,42.5,34.4,56.5,2.45,222.0,5662,Nehru Nagar
2026-07-18 07:30:00+00:00,26.5,39.0,33.6,59.8,3.03,212.0,5662,Nehru Nagar
2026-07-18 08:30:00+00:00,34.8,52.3,33.2,63.0,2.78,209.0,5662,Nehru Nagar
2026-07-18 09:30:00+00:00,45.5,68.5,33.0,62.0,2.95,231.0,5662,Nehru Nagar
2026-07-18 10:30:00+00:00,19.3,28.8,33.0,61.5,2.38,204.0,5662,Nehru Nagar
2026-07-18 11:30:00+00:00,24.8,37.8,32.8,64.0,1.88,207.0,5662,Nehru Nagar
2026-07-18 12:30:00+00:00,20.0,29.5,32.0,67.0,2.13,218.0,5662,Nehru Nagar
2026-07-18 13:30:00+00:00,18.8,27.8,31.5,69.8,1.98,212.0,5662,Nehru Nagar
2026-07-18 14:30:00+00:00,22.8,34.3,31.1,72.0,1.7,187.0,5662,Nehru Nagar
2026-07-18 15:30:00+00:00,18.5,28.0,30.7,73.8,1.38,123.0,5662,Nehru Nagar
2026-07-18 16:30:00+00:00,17.5,26.0,30.2,75.5,1.3,87.5,5662,Nehru Nagar
2026-07-18 17:30:00+00:00,19.0,29.0,29.7,73.7,1.6,89.3,5662,Nehru Nagar
2026-07-18 18:30:00+00:00,19.0,29.0,29.7,73.0,1.45,118.0,5662,Nehru Nagar
2026-07-18 19:30:00+00:00,23.0,34.5,29.6,74.3,0.95,114.0,5662,Nehru Nagar
2026-07-18 20:30:00+00:00,18.3,27.3,29.5,75.3,1.25,76.5,5662,Nehru Nagar
2026-07-18 21:30:00+00:00,14.3,21.3,29.2,76.8,1.08,115.0,5662,Nehru Nagar
2026-07-18 22:30:00+00:00,18.0,27.5,29.2,77.0,0.625,138.0,5662,Nehru Nagar
2026-07-18 23:30:00+00:00,17.3,25.3,29.2,77.0,0.75,118.0,5662,Nehru Nagar
2026-07-19 00:30:00+00:00,17.0,26.0,29.2,78.0,1.35,88.0,5662,Nehru Nagar
2026-07-19 01:30:00+00:00,20.3,30.8,29.5,77.3,1.03,90.3,5662,Nehru Nagar
2026-07-19 02:30:00+00:00,15.5,23.5,29.9,76.3,0.525,98.3,5662,Nehru Nagar
2026-07-19 03:30:00+00:00,26.0,40.0,29.9,77.0,0.9,219.0,5662,Nehru Nagar
2026-07-19 04:30:00+00:00,28.0,42.5,29.4,80.3,2.08,210.0,5662,Nehru Nagar
2026-07-19 05:30:00+00:00,33.3,49.3,29.6,80.3,2.6,231.0,5662,Nehru Nagar
2026-07-19 06:30:00+00:00,29.5,44.5,29.9,77.5,2.98,229.0,5662,Nehru Nagar
2026-07-19 07:30:00+00:00,23.5,35.0,30.2,76.0,1.8,214.0,5662,Nehru Nagar
2026-07-19 08:30:00+00:00,19.8,29.8,30.5,75.3,1.6,199.0,5662,Nehru Nagar
2026-07-19 09:30:00+00:00,23.3,34.3,30.3,76.5,1.88,200.0,5662,Nehru Nagar
2026-07-19 10:30:00+00:00,28.0,42.5,30.1,77.8,1.35,228.0,5662,Nehru Nagar
2026-07-19 11:30:00+00:00,32.5,49.0,29.9,78.0,1.5,207.0,5662,Nehru Nagar
2026-07-19 12:30:00+00:00,33.8,50.3,29.8,78.3,1.48,209.0,5662,Nehru Nagar
2026-07-19 13:30:00+00:00,25.3,37.8,29.4,79.0,2.05,236.0,5662,Nehru Nagar
2026-07-19 14:30:00+00:00,28.3,41.8,29.4,79.0,1.3,157.0,5662,Nehru Nagar
2026-07-19 15:30:00+00:00,26.0,38.0,29.1,80.8,1.73,132.0,5662,Nehru Nagar
2026-07-19 16:30:00+00:00,25.0,36.5,28.7,83.5,1.63,121.0,5662,Nehru Nagar
2026-07-19 17:30:00+00:00,22.0,32.0,28.3,84.0,2.13,101.0,5662,Nehru Nagar
2026-07-19 18:30:00+00:00,24.0,36.0,27.5,85.0,1.2,110.0,5662,Nehru Nagar
2026-07-19 19:30:00+00:00,21.3,32.8,27.2,85.0,1.25,103.0,5662,Nehru Nagar
2026-07-19 20:30:00+00:00,17.8,26.8,26.9,85.8,0.8,154.0,5662,Nehru Nagar
2026-07-19 21:30:00+00:00,14.3,20.8,26.7,86.8,0.875,247.0,5662,Nehru Nagar
2026-07-19 22:30:00+00:00,16.3,24.8,26.5,86.3,0.625,90.0,5662,Nehru Nagar
2026-07-19 23:30:00+00:00,18.5,27.5,26.3,84.5,0.575,142.0,5662,Nehru Nagar
2026-07-20 00:30:00+00:00,16.0,23.0,26.2,83.5,0.85,95.8,5662,Nehru Nagar
2026-07-20 01:30:00+00:00,26.0,38.5,26.3,84.3,0.675,206.0,5662,Nehru Nagar
2026-07-20 02:30:00+00:00,39.3,59.8,26.7,85.8,0.4,167.0,5662,Nehru Nagar
2026-07-20 03:30:00+00:00,43.3,65.3,26.9,86.0,0.975,316.0,5662,Nehru Nagar
2026-07-20 04:30:00+00:00,42.0,63.0,26.4,86.0,1.15,217.0,5662,Nehru Nagar
2026-07-20 05:30:00+00:00,30.3,45.3,26.2,86.0,0.775,117.0,5662,Nehru Nagar
2026-07-20 06:30:00+00:00,14.5,21.5,26.1,86.0,0.575,124.0,5662,Nehru Nagar
2026-07-20 07:30:00+00:00,20.8,31.8,26.3,85.3,1.08,221.0,5662,Nehru Nagar
2026-07-20 08:30:00+00:00,23.8,36.3,26.3,84.5,0.95,263.0,5662,Nehru Nagar
2026-07-20 09:30:00+00:00,17.0,25.0,26.3,85.0,1.23,315.0,5662,Nehru Nagar
2026-07-20 10:30:00+00:00,16.0,23.5,26.4,85.0,0.775,209.0,5662,Nehru Nagar
2026-07-20 11:30:00+00:00,13.5,20.0,26.5,85.0,1.05,307.0,5662,Nehru Nagar
2026-07-20 12:30:00+00:00,13.8,21.3,26.6,85.0,0.675,345.0,5662,Nehru Nagar
2026-07-20 13:30:00+00:00,13.0,20.5,26.7,85.0,0.4,115.0,5662,Nehru Nagar
2026-07-20 14:30:00+00:00,24.0,37.0,26.7,85.5,0.3,115.0,5662,Nehru Nagar
2026-07-20 15:30:00+00:00,30.0,45.5,26.7,86.0,0.325,147.0,5662,Nehru Nagar
2026-07-20 16:30:00+00:00,28.3,41.8,26.7,86.0,0.525,118.0,5662,Nehru Nagar
2026-07-20 17:30:00+00:00,23.0,35.0,26.6,85.0,0.567,122.0,5662,Nehru Nagar
2026-07-20 19:30:00+00:00,12.0,19.0,26.6,84.5,0.3,351.0,5662,Nehru Nagar
2026-07-20 20:30:00+00:00,13.5,21.0,26.7,86.0,0.3,163.0,5662,Nehru Nagar
2026-07-20 21:30:00+00:00,14.5,21.5,26.5,86.0,0.4,314.0,5662,Nehru Nagar
2026-07-20 22:30:00+00:00,22.5,33.0,26.6,86.0,0.325,326.0,5662,Nehru Nagar
2026-07-20 23:30:00+00:00,24.0,36.0,26.6,86.0,0.3,351.0,5662,Nehru Nagar
2026-07-21 00:30:00+00:00,23.0,34.5,26.7,86.0,0.7,313.0,5662,Nehru Nagar
2026-07-21 01:30:00+00:00,22.5,33.5,26.9,86.0,1.08,231.0,5662,Nehru Nagar
2026-07-21 02:30:00+00:00,26.5,39.0,26.4,85.8,1.33,215.0,5662,Nehru Nagar
2026-07-21 03:30:00+00:00,16.5,24.5,27.0,86.0,1.13,253.0,5662,Nehru Nagar
2026-07-21 04:30:00+00:00,15.8,22.8,28.9,84.3,1.58,248.0,5662,Nehru Nagar
2026-07-21 05:30:00+00:00,9.75,14.3,29.0,81.3,1.48,274.0,5662,Nehru Nagar
2026-07-21 06:30:00+00:00,13.0,19.5,28.0,80.8,0.875,301.0,5662,Nehru Nagar
2026-07-21 07:30:00+00:00,20.5,31.0,29.4,81.3,1.05,263.0,5662,Nehru Nagar
2026-07-21 08:30:00+00:00,30.5,46.5,31.3,75.8,2.03,231.0,5662,Nehru Nagar
2026-07-21 09:30:00+00:00,21.5,32.5,32.2,63.0,3.48,253.0,5662,Nehru Nagar
2026-07-21 10:30:00+00:00,24.0,37.0,31.9,62.8,2.33,202.0,5662,Nehru Nagar
2026-07-21 11:30:00+00:00,16.0,25.0,31.6,63.0,2.1,211.0,5662,Nehru Nagar
2026-07-21 12:30:00+00:00,11.8,18.3,30.6,66.0,1.88,221.0,5662,Nehru Nagar
2026-07-21 13:30:00+00:00,13.3,19.8,28.0,75.0,1.78,150.0,5662,Nehru Nagar
2026-07-21 14:30:00+00:00,5.0,8.0,27.7,78.5,1.08,189.0,5662,Nehru Nagar
2026-07-21 15:30:00+00:00,14.0,20.0,27.9,78.3,2.0,238.0,5662,Nehru Nagar
2026-07-21 16:30:00+00:00,14.0,20.0,27.9,77.5,2.0,238.0,5662,Nehru Nagar
2026-07-21 17:30:00+00:00,14.0,20.0,27.6,76.7,2.07,242.0,5662,Nehru Nagar
2026-07-21 21:30:00+00:00,18.0,27.0,27.6,78.5,2.65,248.0,5662,Nehru Nagar
2026-07-21 22:30:00+00:00,21.3,32.8,27.6,79.0,2.85,240.0,5662,Nehru Nagar
2026-07-21 23:30:00+00:00,17.5,26.5,27.5,79.0,2.2,241.0,5662,Nehru Nagar
2026-07-22 00:30:00+00:00,13.3,19.8,27.7,79.8,2.9,237.0,5662,Nehru Nagar
2026-07-22 01:30:00+00:00,15.8,24.3,28.2,78.0,3.38,256.0,5662,Nehru Nagar
2026-07-22 02:30:00+00:00,20.0,29.5,28.8,74.5,3.25,263.0,5662,Nehru Nagar
2026-07-22 03:30:00+00:00,14.3,21.3,29.7,70.8,3.1,245.0,5662,Nehru Nagar
2026-07-22 04:30:00+00:00,8.0,12.5,31.0,63.3,4.15,257.0,5662,Nehru Nagar
2026-07-22 05:30:00+00:00,13.0,18.5,31.7,60.0,3.8,243.0,5662,Nehru Nagar
2026-07-22 06:30:00+00:00,13.0,18.5,31.7,60.5,2.83,235.0,5662,Nehru Nagar
2026-07-22 07:30:00+00:00,21.0,30.5,32.5,58.8,3.48,233.0,5662,Nehru Nagar
2026-07-22 08:30:00+00:00,20.0,29.0,32.8,61.8,3.55,242.0,5662,Nehru Nagar
2026-07-22 09:30:00+00:00,30.8,45.3,33.9,54.5,3.6,242.0,5662,Nehru Nagar
2026-07-22 10:30:00+00:00,44.3,65.8,32.5,59.3,3.8,255.0,5662,Nehru Nagar
2026-07-22 11:30:00+00:00,43.0,63.5,30.7,72.8,2.35,243.0,5662,Nehru Nagar
2026-07-22 12:30:00+00:00,44.5,66.0,31.2,69.3,2.23,261.0,5662,Nehru Nagar
2026-07-22 13:30:00+00:00,40.8,61.3,30.5,72.0,1.85,244.0,5662,Nehru Nagar
2026-07-22 14:30:00+00:00,43.8,65.8,30.3,72.8,1.9,239.0,5662,Nehru Nagar
2026-07-22 15:30:00+00:00,48.0,71.5,30.0,74.5,1.98,225.0,5662,Nehru Nagar
2026-07-22 16:30:00+00:00,46.0,69.5,29.9,72.8,3.53,260.0,5662,Nehru Nagar
2026-07-22 17:30:00+00:00,22.0,32.0,29.4,72.7,3.07,255.0,5662,Nehru Nagar
2026-07-22 18:30:00+00:00,35.5,52.5,28.9,76.0,3.55,268.0,5662,Nehru Nagar
2026-07-22 19:30:00+00:00,37.3,55.8,28.6,75.8,3.63,264.0,5662,Nehru Nagar
2026-07-22 20:30:00+00:00,23.3,35.8,28.4,74.0,3.75,269.0,5662,Nehru Nagar
2026-07-22 21:30:00+00:00,16.8,25.3,28.3,75.8,3.48,254.0,5662,Nehru Nagar
2026-07-22 22:30:00+00:00,24.5,36.0,28.2,78.0,2.98,262.0,5662,Nehru Nagar
2026-07-22 23:30:00+00:00,31.5,47.5,28.2,78.0,3.0,254.0,5662,Nehru Nagar
2026-07-23 00:30:00+00:00,30.5,46.5,28.2,76.8,2.98,250.0,5662,Nehru Nagar
2026-07-23 01:30:00+00:00,31.5,47.0,28.3,76.8,3.93,269.0,5662,Nehru Nagar
2026-07-23 02:30:00+00:00,30.0,44.5,28.4,76.0,3.85,255.0,5662,Nehru Nagar
2026-07-23 03:30:00+00:00,28.5,43.5,28.8,75.3,4.18,260.0,5662,Nehru Nagar
2026-07-23 04:30:00+00:00,28.5,42.5,29.4,74.3,3.7,241.0,5662,Nehru Nagar
2026-07-23 05:30:00+00:00,42.8,63.3,30.4,70.5,3.68,252.0,5662,Nehru Nagar
2026-07-23 06:30:00+00:00,47.3,70.3,31.7,67.0,4.35,258.0,5662,Nehru Nagar
2026-07-23 07:30:00+00:00,54.5,81.0,32.3,64.8,3.88,242.0,5662,Nehru Nagar
2026-07-23 08:30:00+00:00,57.8,86.8,31.9,66.8,4.03,248.0,5662,Nehru Nagar
2026-07-23 09:30:00+00:00,56.8,85.8,30.0,73.8,3.53,255.0,5662,Nehru Nagar
2026-07-23 10:30:00+00:00,36.3,55.3,30.2,74.0,3.23,254.0,5662,Nehru Nagar
2026-07-23 11:30:00+00:00,27.8,41.8,29.4,75.3,3.4,259.0,5662,Nehru Nagar
2026-07-23 12:30:00+00:00,20.3,30.0,29.2,75.5,3.05,255.0,5662,Nehru Nagar
2026-07-23 13:30:00+00:00,22.8,33.8,29.0,77.5,2.35,248.0,5662,Nehru Nagar
2026-07-23 14:30:00+00:00,30.0,45.0,28.9,78.8,2.55,266.0,5662,Nehru Nagar
2026-07-23 15:30:00+00:00,21.8,32.8,28.8,79.0,1.93,220.0,5662,Nehru Nagar
2026-07-23 16:30:00+00:00,33.3,50.3,28.4,79.3,1.13,189.0,5662,Nehru Nagar
2026-07-23 17:30:00+00:00,34.0,51.0,28.0,80.0,0.633,115.0,5662,Nehru Nagar
2026-07-23 18:30:00+00:00,21.5,32.0,28.0,81.5,1.2,273.0,5662,Nehru Nagar
2026-07-23 19:30:00+00:00,27.3,41.0,28.0,82.0,1.43,242.0,5662,Nehru Nagar
2026-07-23 20:30:00+00:00,19.5,29.5,27.9,82.0,1.25,233.0,5662,Nehru Nagar
2026-07-23 21:30:00+00:00,13.8,20.8,27.9,82.8,1.58,209.0,5662,Nehru Nagar
2026-07-23 22:30:00+00:00,12.8,19.5,27.9,83.0,1.18,221.0,5662,Nehru Nagar
2026-07-23 23:30:00+00:00,13.8,20.5,27.8,83.0,1.53,220.0,5662,Nehru Nagar
2026-07-24 00:30:00+00:00,17.5,26.0,27.9,83.0,1.48,222.0,5662,Nehru Nagar
2026-07-24 01:30:00+00:00,18.3,27.8,28.8,82.5,1.85,144.0,5662,Nehru Nagar
2026-07-24 02:30:00+00:00,30.3,45.3,30.4,78.3,1.88,128.0,5662,Nehru Nagar
2026-07-24 03:30:00+00:00,18.3,27.0,31.3,71.3,1.6,149.0,5662,Nehru Nagar
2026-07-24 04:30:00+00:00,16.0,24.0,32.6,68.0,1.8,130.0,5662,Nehru Nagar
2026-07-24 06:30:00+00:00,18.5,28.0,34.0,58.0,1.7,133.0,5662,Nehru Nagar
2026-07-24 07:30:00+00:00,14.0,21.5,35.1,54.8,1.75,156.0,5662,Nehru Nagar
2026-07-24 08:30:00+00:00,21.8,33.0,34.2,55.3,1.2,182.0,5662,Nehru Nagar
2026-07-24 09:30:00+00:00,33.3,50.0,35.0,53.0,1.15,173.0,5662,Nehru Nagar
2026-07-24 10:30:00+00:00,19.8,30.0,34.7,53.5,1.1,146.0,5662,Nehru Nagar
2026-07-24 11:30:00+00:00,4.0,6.0,34.1,55.8,0.975,195.0,5662,Nehru Nagar
2026-07-24 12:30:00+00:00,8.0,12.0,32.8,65.0,1.95,243.0,5662,Nehru Nagar
2026-07-24 13:30:00+00:00,20.0,30.0,31.6,66.0,2.3,271.0,5662,Nehru Nagar
2026-07-25 05:30:00+00:00,19.0,28.0,33.8,64.5,1.9,236.0,5662,Nehru Nagar
2026-07-25 06:30:00+00:00,21.8,32.3,34.0,63.8,2.08,249.0,5662,Nehru Nagar
2026-07-25 07:30:00+00:00,17.8,26.8,33.8,62.5,2.43,229.0,5662,Nehru Nagar
2026-07-25 08:30:00+00:00,17.8,27.0,30.1,77.3,1.7,271.0,5662,Nehru Nagar
2026-07-25 09:30:00+00:00,15.8,23.5,29.7,76.8,3.15,278.0,5662,Nehru Nagar
2026-07-25 10:30:00+00:00,3.5,5.0,27.2,81.5,3.38,247.0,5662,Nehru Nagar
2026-07-25 11:30:00+00:00,7.75,12.0,27.2,87.5,1.3,245.0,5662,Nehru Nagar
2026-07-25 12:30:00+00:00,26.5,40.0,27.5,88.0,1.6,223.0,5662,Nehru Nagar
2026-07-25 13:30:00+00:00,33.0,50.0,27.8,88.0,1.63,226.0,5662,Nehru Nagar
2026-07-25 14:30:00+00:00,22.3,33.8,28.1,87.8,1.48,229.0,5662,Nehru Nagar
2026-07-25 15:30:00+00:00,27.8,41.8,28.3,87.0,1.08,203.0,5662,Nehru Nagar
2026-07-25 16:30:00+00:00,35.0,53.0,28.3,86.5,1.05,206.0,5662,Nehru Nagar
2026-07-25 17:30:00+00:00,41.0,62.0,28.3,85.7,0.733,247.0,5662,Nehru Nagar
2026-07-25 18:30:00+00:00,35.0,53.0,28.6,84.0,0.7,210.0,5662,Nehru Nagar
2026-07-25 19:30:00+00:00,33.0,50.0,28.6,84.0,0.3,268.0,5662,Nehru Nagar
2026-07-25 20:30:00+00:00,22.5,34.0,28.4,84.0,0.375,311.0,5662,Nehru Nagar
2026-07-25 21:30:00+00:00,25.8,38.3,28.2,85.0,0.475,284.0,5662,Nehru Nagar
2026-07-25 22:30:00+00:00,24.3,36.3,28.2,85.8,0.725,261.0,5662,Nehru Nagar
2026-07-25 23:30:00+00:00,28.0,41.5,28.2,86.5,0.4,169.0,5662,Nehru Nagar
2026-07-26 00:30:00+00:00,19.5,29.0,28.5,87.0,0.325,180.0,5662,Nehru Nagar
2026-07-26 01:30:00+00:00,28.0,42.5,30.0,86.3,0.8,98.3,5662,Nehru Nagar
2026-07-26 02:30:00+00:00,44.5,67.0,31.9,80.3,1.05,129.0,5662,Nehru Nagar
2026-07-26 03:30:00+00:00,30.5,45.5,33.7,68.0,0.925,161.0,5662,Nehru Nagar
2026-07-26 04:30:00+00:00,32.5,49.0,34.9,62.5,0.95,202.0,5662,Nehru Nagar
2026-07-26 05:30:00+00:00,41.5,62.0,35.4,59.8,1.0,217.0,5662,Nehru Nagar
2026-07-26 06:30:00+00:00,37.0,56.0,35.9,59.0,1.0,178.0,5662,Nehru Nagar
2026-07-26 07:30:00+00:00,34.0,51.5,37.0,52.8,1.7,269.0,5662,Nehru Nagar
2026-07-26 08:30:00+00:00,29.3,44.3,36.5,54.0,1.63,259.0,5662,Nehru Nagar
2026-07-26 09:30:00+00:00,43.5,65.3,37.3,53.8,1.65,297.0,5662,Nehru Nagar
2026-07-26 10:30:00+00:00,48.5,72.8,36.6,55.3,1.48,313.0,5662,Nehru Nagar
2026-07-26 11:30:00+00:00,49.5,74.3,36.0,57.5,1.2,292.0,5662,Nehru Nagar
2026-07-26 12:30:00+00:00,47.3,71.0,33.9,62.5,1.7,163.0,5662,Nehru Nagar
2026-07-26 13:30:00+00:00,40.3,60.8,29.8,76.8,1.38,148.0,5662,Nehru Nagar
2026-07-26 14:30:00+00:00,24.8,37.3,28.9,80.8,1.48,284.0,5662,Nehru Nagar
2026-07-26 15:30:00+00:00,25.5,38.5,29.4,81.0,0.65,224.0,5662,Nehru Nagar
2026-07-26 16:30:00+00:00,43.8,65.3,30.0,81.8,0.65,137.0,5662,Nehru Nagar
2026-07-26 17:30:00+00:00,58.0,87.0,30.1,82.0,0.6,154.0,5662,Nehru Nagar
2026-07-26 18:30:00+00:00,41.0,61.0,30.0,82.0,1.05,132.0,5662,Nehru Nagar
2026-07-26 19:30:00+00:00,26.8,39.8,29.9,82.0,0.675,126.0,5662,Nehru Nagar
2026-07-26 20:30:00+00:00,16.0,24.0,29.7,82.0,0.675,151.0,5662,Nehru Nagar
2026-07-26 21:30:00+00:00,22.3,33.3,29.7,82.3,0.55,101.0,5662,Nehru Nagar
2026-07-26 22:30:00+00:00,23.0,34.0,29.6,83.0,0.8,119.0,5662,Nehru Nagar
2026-07-26 23:30:00+00:00,23.5,35.0,29.5,83.0,0.675,150.0,5662,Nehru Nagar
2026-07-27 00:30:00+00:00,35.3,53.3,29.7,83.5,0.425,92.5,5662,Nehru Nagar
2026-07-27 01:30:00+00:00,64.0,96.0,30.0,82.8,0.65,186.0,5662,Nehru Nagar
2026-07-27 02:30:00+00:00,55.5,83.3,30.4,81.5,0.95,303.0,5662,Nehru Nagar
2026-07-27 03:30:00+00:00,44.5,66.8,32.1,74.3,1.83,316.0,5662,Nehru Nagar
2026-07-27 04:30:00+00:00,34.8,52.3,34.1,66.3,1.53,265.0,5662,Nehru Nagar
2026-07-27 05:30:00+00:00,34.5,52.0,34.5,64.8,1.4,299.0,5662,Nehru Nagar
2026-07-27 06:30:00+00:00,29.0,43.0,34.4,65.3,1.35,333.0,5662,Nehru Nagar
2026-07-27 07:30:00+00:00,38.0,56.5,34.8,65.3,1.25,260.0,5662,Nehru Nagar
2026-07-27 08:30:00+00:00,41.3,61.5,31.0,74.3,1.6,269.0,5662,Nehru Nagar
2026-07-27 09:30:00+00:00,32.8,49.0,31.5,78.3,1.48,323.0,5662,Nehru Nagar
2026-07-27 10:30:00+00:00,51.0,76.0,28.7,81.0,1.5,230.0,5662,Nehru Nagar
2026-07-27 11:30:00+00:00,29.0,43.0,29.6,83.3,1.3,190.0,5662,Nehru Nagar
2026-07-27 12:30:00+00:00,30.3,45.0,28.0,83.8,2.15,238.0,5662,Nehru Nagar
2026-07-27 13:30:00+00:00,17.8,26.5,28.1,84.0,0.875,278.0,5662,Nehru Nagar
2026-07-27 14:30:00+00:00,25.3,37.5,28.5,83.0,0.55,259.0,5662,Nehru Nagar
2026-07-27 15:30:00+00:00,32.0,48.0,28.7,83.0,0.725,271.0,5662,Nehru Nagar
2026-07-27 16:30:00+00:00,26.5,39.8,28.5,83.0,1.05,259.0,5662,Nehru Nagar
2026-07-27 17:30:00+00:00,10.0,15.0,28.7,82.3,0.767,209.0,5662,Nehru Nagar
2026-07-27 18:30:00+00:00,26.0,39.0,28.6,83.0,1.0,266.0,5662,Nehru Nagar
2026-07-27 19:30:00+00:00,29.8,44.3,28.4,84.0,0.85,238.0,5662,Nehru Nagar
2026-07-27 20:30:00+00:00,24.5,36.8,28.3,85.0,0.7,227.0,5662,Nehru Nagar
2026-07-27 21:30:00+00:00,20.5,30.8,28.4,86.0,0.375,295.0,5662,Nehru Nagar
2026-07-27 22:30:00+00:00,23.0,34.5,28.3,86.0,0.3,271.0,5662,Nehru Nagar
2026-07-27 23:30:00+00:00,24.5,36.8,28.2,87.0,0.475,122.0,5662,Nehru Nagar
2026-07-28 00:30:00+00:00,23.5,35.3,28.5,86.5,0.5,196.0,5662,Nehru Nagar
2026-07-28 01:30:00+00:00,33.3,49.8,30.4,82.5,0.775,198.0,5662,Nehru Nagar
2026-07-28 02:30:00+00:00,33.0,49.0,32.1,70.0,1.08,233.0,5662,Nehru Nagar
2026-07-28 03:30:00+00:00,37.5,56.0,34.0,63.3,0.95,194.0,5662,Nehru Nagar
2026-07-28 04:30:00+00:00,35.8,54.0,35.2,58.0,1.23,154.0,5662,Nehru Nagar
2026-07-28 05:30:00+00:00,42.8,64.0,35.3,60.8,1.05,181.0,5662,Nehru Nagar
2026-07-28 06:30:00+00:00,40.0,59.5,36.3,56.8,1.5,283.0,5662,Nehru Nagar
2026-07-28 07:30:00+00:00,42.0,62.5,37.0,52.0,2.0,243.0,5662,Nehru Nagar
2026-07-28 08:30:00+00:00,39.0,58.0,36.6,52.0,2.0,257.0,5662,Nehru Nagar
2026-07-28 11:30:00+00:00,23.5,35.5,28.7,78.5,1.3,316.0,5662,Nehru Nagar
2026-07-28 12:30:00+00:00,19.0,29.0,28.7,79.0,1.38,251.0,5662,Nehru Nagar
2026-07-28 13:30:00+00:00,15.5,23.5,29.1,75.0,0.65,257.0,5662,Nehru Nagar
2026-07-28 14:30:00+00:00,24.3,36.0,29.3,72.3,0.825,260.0,5662,Nehru Nagar
2026-07-28 15:30:00+00:00,27.0,40.5,29.3,72.0,1.48,227.0,5662,Nehru Nagar
2026-07-28 16:30:00+00:00,23.8,35.5,29.4,72.5,0.475,318.0,5662,Nehru Nagar
2026-07-28 17:30:00+00:00,23.0,34.0,29.4,73.7,1.03,282.0,5662,Nehru Nagar
2026-07-28 18:30:00+00:00,23.0,35.0,29.4,77.5,1.15,253.0,5662,Nehru Nagar
2026-07-28 19:30:00+00:00,22.3,33.8,29.2,78.3,0.6,337.0,5662,Nehru Nagar
2026-07-28 20:30:00+00:00,27.5,41.3,29.1,76.8,1.25,257.0,5662,Nehru Nagar
2026-07-28 21:30:00+00:00,30.5,45.8,28.9,77.8,1.03,256.0,5662,Nehru Nagar
2026-07-28 22:30:00+00:00,37.5,56.3,28.8,80.0,1.43,239.0,5662,Nehru Nagar
2026-07-28 23:30:00+00:00,62.0,93.0,28.7,79.3,1.78,234.0,5662,Nehru Nagar
2026-07-29 00:30:00+00:00,31.0,46.5,29.2,79.3,1.58,248.0,5662,Nehru Nagar
2026-07-29 01:30:00+00:00,27.5,41.3,30.5,75.5,2.63,239.0,5662,Nehru Nagar
2026-07-29 02:30:00+00:00,26.5,39.8,31.9,66.8,2.88,247.0,5662,Nehru Nagar
2026-07-29 03:30:00+00:00,28.0,42.0,33.0,60.3,2.75,245.0,5662,Nehru Nagar
2026-07-29 04:30:00+00:00,24.5,36.8,33.5,57.5,2.65,241.0,5662,Nehru Nagar
2026-07-29 05:30:00+00:00,17.0,25.5,33.9,63.3,2.98,245.0,5662,Nehru Nagar
2026-07-29 06:30:00+00:00,23.8,35.8,34.8,52.8,3.38,252.0,5662,Nehru Nagar
2026-07-29 07:30:00+00:00,15.3,23.3,34.6,52.8,3.6,233.0,5662,Nehru Nagar
2026-07-29 08:30:00+00:00,15.8,23.8,35.2,53.3,3.7,243.0,5662,Nehru Nagar
2026-07-29 09:30:00+00:00,30.0,45.5,35.5,55.3,3.33,242.0,5662,Nehru Nagar
2026-07-29 10:30:00+00:00,19.0,29.0,35.3,56.5,3.2,245.0,5662,Nehru Nagar
2026-07-29 11:30:00+00:00,17.0,26.0,34.5,59.5,2.78,225.0,5662,Nehru Nagar
2026-07-29 12:30:00+00:00,35.5,53.5,33.1,65.0,2.33,235.0,5662,Nehru Nagar
2026-07-29 13:30:00+00:00,50.8,75.8,31.7,70.0,2.33,234.0,5662,Nehru Nagar
2026-07-29 14:30:00+00:00,35.5,53.3,31.2,73.0,1.93,216.0,5662,Nehru Nagar
2026-07-29 15:30:00+00:00,27.5,41.3,30.9,74.5,1.73,214.0,5662,Nehru Nagar
2026-07-29 16:30:00+00:00,28.3,42.3,30.6,74.8,1.78,210.0,5662,Nehru Nagar
2026-07-29 17:30:00+00:00,35.0,52.0,30.4,75.3,1.6,200.0,5662,Nehru Nagar
2026-07-29 18:30:00+00:00,32.0,48.0,30.2,76.0,1.3,201.0,5662,Nehru Nagar
2026-07-29 19:30:00+00:00,32.5,49.0,29.9,76.3,1.43,228.0,5662,Nehru Nagar
2026-07-29 20:30:00+00:00,30.8,45.8,29.8,78.8,1.85,227.0,5662,Nehru Nagar
2026-07-29 21:30:00+00:00,29.0,43.5,29.8,77.8,1.83,221.0,5662,Nehru Nagar
2026-07-29 22:30:00+00:00,29.3,43.8,29.5,78.0,2.0,228.0,5662,Nehru Nagar
2026-07-29 23:30:00+00:00,39.0,58.0,29.3,78.0,1.85,220.0,5662,Nehru Nagar
2026-07-30 01:30:00+00:00,34.5,52.0,29.9,77.0,3.35,229.0,5662,Nehru Nagar
2026-07-30 02:30:00+00:00,35.0,53.0,30.3,75.3,3.7,257.0,5662,Nehru Nagar
2026-07-30 03:30:00+00:00,37.8,57.0,32.0,68.8,4.18,251.0,5662,Nehru Nagar
2026-07-30 04:30:00+00:00,28.5,42.8,32.6,64.5,4.35,250.0,5662,Nehru Nagar
2026-07-30 05:30:00+00:00,28.7,43.0,33.3,62.0,4.4,244.0,5662,Nehru Nagar
2026-07-30 06:30:00+00:00,28.3,42.3,33.8,61.5,4.2,245.0,5662,Nehru Nagar
2026-07-30 07:30:00+00:00,28.0,41.5,29.2,72.5,4.0,233.0,5662,Nehru Nagar
2026-07-30 08:30:00+00:00,11.0,16.0,30.3,77.3,2.85,234.0,5662,Nehru Nagar
2026-07-30 09:30:00+00:00,23.0,34.0,33.3,64.0,4.4,244.0,5662,Nehru Nagar
2026-07-30 10:30:00+00:00,23.0,34.0,32.9,63.0,3.8,257.0,5662,Nehru Nagar
2026-07-30 11:30:00+00:00,20.5,30.5,32.0,65.8,3.6,248.0,5662,Nehru Nagar
2026-07-30 12:30:00+00:00,15.5,23.5,31.4,69.8,2.63,237.0,5662,Nehru Nagar
2026-07-30 13:30:00+00:00,21.8,32.3,30.9,70.8,2.1,235.0,5662,Nehru Nagar
2026-07-30 14:30:00+00:00,21.3,31.8,30.5,72.8,2.1,232.0,5662,Nehru Nagar
2026-07-30 15:30:00+00:00,29.0,43.0,30.2,74.8,2.7,251.0,5662,Nehru Nagar
2026-07-30 16:30:00+00:00,22.8,33.8,29.7,72.8,3.43,261.0,5662,Nehru Nagar
2026-07-30 17:30:00+00:00,22.0,33.0,29.1,74.7,3.1,261.0,5662,Nehru Nagar
2026-07-30 18:30:00+00:00,14.5,21.5,29.1,76.0,4.2,266.0,5662,Nehru Nagar
2026-07-30 19:30:00+00:00,15.3,22.8,29.1,75.3,3.7,268.0,5662,Nehru Nagar
2026-07-30 20:30:00+00:00,15.8,23.3,28.9,76.5,3.75,259.0,5662,Nehru Nagar
2026-07-30 21:30:00+00:00,7.0,10.5,28.9,77.3,2.98,240.0,5662,Nehru Nagar
2026-07-30 22:30:00+00:00,13.0,19.5,28.8,78.5,2.93,238.0,5662,Nehru Nagar
2026-07-30 23:30:00+00:00,22.0,33.0,28.7,79.0,3.28,249.0,5662,Nehru Nagar
2026-07-31 00:30:00+00:00,26.0,39.0,28.7,78.3,3.75,244.0,5662,Nehru Nagar
2026-07-31 01:30:00+00:00,35.3,52.8,29.0,76.3,4.1,261.0,5662,Nehru Nagar
2026-07-31 02:30:00+00:00,26.0,38.5,29.4,75.0,4.75,260.0,5662,Nehru Nagar
2026-07-31 03:30:00+00:00,23.0,34.0,29.6,75.0,4.15,251.0,5662,Nehru Nagar
2026-07-31 04:30:00+00:00,23.0,34.0,30.4,73.0,4.43,263.0,5662,Nehru Nagar
2026-07-31 11:30:00+00:00,38.0,57.0,32.6,64.5,3.3,270.0,5662,Nehru Nagar
2026-07-31 12:30:00+00:00,37.3,55.8,32.1,67.0,3.13,249.0,5662,Nehru Nagar
2026-07-31 13:30:00+00:00,23.5,35.0,31.7,68.3,3.05,266.0,5662,Nehru Nagar
2026-07-31 14:30:00+00:00,26.8,40.5,31.2,69.5,3.78,274.0,5662,Nehru Nagar
2026-07-31 15:30:00+00:00,29.8,44.5,30.6,71.0,4.1,265.0,5662,Nehru Nagar
2026-07-31 16:30:00+00:00,23.0,34.0,30.3,72.5,3.33,253.0,5662,Nehru Nagar
2026-07-31 17:30:00+00:00,23.0,34.0,30.0,72.3,2.67,260.0,5662,Nehru Nagar
2026-07-31 18:30:00+00:00,10.5,15.5,29.4,76.5,3.25,250.0,5662,Nehru Nagar
2026-07-31 19:30:00+00:00,12.0,17.5,29.2,77.0,3.0,262.0,5662,Nehru Nagar
2026-07-31 20:30:00+00:00,16.3,24.0,29.0,78.5,3.05,258.0,5662,Nehru Nagar
2026-07-31 21:30:00+00:00,19.5,29.3,28.9,79.0,2.98,250.0,5662,Nehru Nagar
2026-07-31 22:30:00+00:00,19.8,29.8,28.8,79.0,3.0,246.0,5662,Nehru Nagar
2026-07-31 23:30:00+00:00,25.0,38.0,28.6,79.8,2.45,239.0,5662,Nehru Nagar
2026-08-01 00:30:00+00:00,29.5,44.5,28.7,80.0,2.63,258.0,5662,Nehru Nagar
2026-08-01 01:30:00+00:00,41.0,61.0,29.8,79.0,2.15,230.0,5662,Nehru Nagar
2026-08-01 02:30:00+00:00,33.8,50.3,30.6,75.5,2.28,226.0,5662,Nehru Nagar
2026-08-01 03:30:00+00:00,31.3,46.8,32.2,70.0,2.43,234.0,5662,Nehru Nagar
2026-08-01 04:30:00+00:00,34.0,50.5,33.6,63.5,2.28,207.0,5662,Nehru Nagar
2026-08-01 05:30:00+00:00,26.3,39.3,34.9,54.7,2.17,206.0,5662,Nehru Nagar
2026-08-01 06:30:00+00:00,17.8,27.0,35.4,46.8,2.38,225.0,5662,Nehru Nagar
2026-08-01 07:30:00+00:00,22.0,33.0,35.3,53.5,2.55,225.0,5662,Nehru Nagar
2026-08-01 08:30:00+00:00,27.5,41.3,36.0,51.8,2.6,226.0,5662,Nehru Nagar
2026-08-01 09:30:00+00:00,24.8,37.3,36.2,50.3,2.45,229.0,5662,Nehru Nagar
2026-08-01 10:30:00+00:00,24.3,36.8,36.3,51.0,2.1,215.0,5662,Nehru Nagar
2026-08-01 11:30:00+00:00,31.0,46.5,35.5,53.3,2.45,246.0,5662,Nehru Nagar
2026-08-01 12:30:00+00:00,22.5,33.8,34.8,55.5,1.85,242.0,5662,Nehru Nagar
2026-08-01 13:30:00+00:00,27.3,41.0,33.9,59.8,2.13,256.0,5662,Nehru Nagar
2026-08-01 14:30:00+00:00,36.5,55.0,32.6,68.3,3.4,260.0,5662,Nehru Nagar
2026-08-01 15:30:00+00:00,33.3,49.5,31.5,69.5,3.48,262.0,5662,Nehru Nagar
2026-08-01 16:30:00+00:00,31.8,47.5,30.5,73.3,3.48,256.0,5662,Nehru Nagar
2026-08-01 17:30:00+00:00,43.0,64.0,30.0,73.0,2.77,264.0,5662,Nehru Nagar
2026-08-01 18:30:00+00:00,25.0,38.0,30.3,73.0,2.4,244.0,5662,Nehru Nagar
2026-08-01 19:30:00+00:00,23.8,36.0,30.2,74.5,1.8,208.0,5662,Nehru Nagar
2026-08-01 20:30:00+00:00,20.8,31.0,30.2,76.5,1.28,189.0,5662,Nehru Nagar
2026-08-01 21:30:00+00:00,25.5,38.0,30.0,77.8,1.2,152.0,5662,Nehru Nagar
2026-08-01 22:30:00+00:00,28.8,43.5,30.0,77.8,0.625,106.0,5662,Nehru Nagar
2026-08-01 23:30:00+00:00,19.3,29.0,29.9,77.0,0.65,189.0,5662,Nehru Nagar
2026-08-02 00:30:00+00:00,28.3,42.8,30.2,76.3,0.6,165.0,5662,Nehru Nagar
2026-08-02 01:30:00+00:00,28.0,42.0,31.5,71.8,1.3,132.0,5662,Nehru Nagar
2026-08-02 02:30:00+00:00,31.0,46.5,33.3,64.3,1.33,130.0,5662,Nehru Nagar
2026-08-02 03:30:00+00:00,22.5,33.8,34.3,61.0,1.5,152.0,5662,Nehru Nagar
2026-08-02 04:30:00+00:00,22.5,33.8,34.9,58.8,1.63,137.0,5662,Nehru Nagar
2026-08-02 05:30:00+00:00,20.3,30.3,35.9,52.3,1.3,168.0,5662,Nehru Nagar
2026-08-02 06:30:00+00:00,26.0,38.5,36.1,51.8,1.93,203.0,5662,Nehru Nagar
2026-08-02 07:30:00+00:00,22.3,33.0,36.1,52.3,1.88,168.0,5662,Nehru Nagar
2026-08-02 08:30:00+00:00,21.0,31.5,37.0,47.5,1.63,164.0,5662,Nehru Nagar
2026-08-02 09:30:00+00:00,26.3,39.5,36.7,50.5,1.58,186.0,5662,Nehru Nagar
2026-08-02 10:30:00+00:00,29.8,45.0,35.6,54.0,1.9,180.0,5662,Nehru Nagar
2026-08-02 11:30:00+00:00,20.0,30.0,34.8,58.7,2.03,232.0,5662,Nehru Nagar
2026-08-02 12:30:00+00:00,20.5,31.0,33.5,65.0,2.3,250.0,5662,Nehru Nagar
2026-08-02 13:30:00+00:00,19.8,29.5,32.6,68.0,2.38,238.0,5662,Nehru Nagar
2026-08-02 14:30:00+00:00,18.5,27.5,29.1,75.0,2.2,256.0,5662,Nehru Nagar
2026-08-02 15:30:00+00:00,17.0,26.0,27.2,83.3,2.6,231.0,5662,Nehru Nagar
2026-08-02 16:30:00+00:00,4.0,6.0,27.8,84.5,1.25,244.0,5662,Nehru Nagar
2026-08-02 17:30:00+00:00,4.0,6.0,28.2,85.0,0.4,160.0,5662,Nehru Nagar
2026-08-02 18:30:00+00:00,16.0,24.0,28.2,84.0,0.5,328.0,5662,Nehru Nagar
2026-08-02 19:30:00+00:00,19.8,29.8,28.6,84.8,0.5,153.0,5662,Nehru Nagar
2026-08-02 20:30:00+00:00,12.3,18.8,28.5,84.0,0.875,186.0,5662,Nehru Nagar
2026-08-02 21:30:00+00:00,11.5,17.3,28.6,84.0,0.65,151.0,5662,Nehru Nagar
2026-08-02 22:30:00+00:00,15.8,23.5,28.6,84.0,0.625,185.0,5662,Nehru Nagar
2026-08-02 23:30:00+00:00,14.0,20.5,28.6,84.0,0.475,130.0,5662,Nehru Nagar
2026-08-03 00:30:00+00:00,11.3,16.5,28.6,84.0,1.2,207.0,5662,Nehru Nagar
2026-08-03 01:30:00+00:00,14.5,21.8,29.1,83.8,1.18,222.0,5662,Nehru Nagar
2026-08-03 02:30:00+00:00,18.8,28.3,30.6,81.0,1.03,191.0,5662,Nehru Nagar
2026-08-03 03:30:00+00:00,11.7,18.0,32.0,73.5,1.35,132.0,5662,Nehru Nagar
2026-08-03 04:30:00+00:00,17.5,26.5,33.3,69.0,1.58,118.0,5662,Nehru Nagar
2026-08-03 05:30:00+00:00,19.8,29.3,34.5,61.8,1.28,132.0,5662,Nehru Nagar
2026-08-03 06:30:00+00:00,22.3,33.3,34.9,59.8,1.23,153.0,5662,Nehru Nagar
2026-08-03 07:30:00+00:00,20.0,29.5,35.7,56.8,1.3,164.0,5662,Nehru Nagar
2026-08-03 08:30:00+00:00,14.3,21.0,37.0,52.5,1.35,230.0,5662,Nehru Nagar
2026-08-03 09:30:00+00:00,21.5,32.3,36.1,55.3,1.25,153.0,5662,Nehru Nagar
2026-08-03 10:30:00+00:00,15.5,23.3,31.9,64.0,2.65,237.0,5662,Nehru Nagar
2026-08-03 11:30:00+00:00,18.0,27.0,28.7,81.5,1.6,237.0,5662,Nehru Nagar
2026-08-03 12:30:00+00:00,14.8,22.0,29.0,84.8,1.68,210.0,5662,Nehru Nagar
2026-08-03 13:30:00+00:00,23.0,34.0,29.1,85.8,1.9,157.0,5662,Nehru Nagar
2026-08-03 14:30:00+00:00,22.5,33.5,28.2,86.0,1.3,157.0,5662,Nehru Nagar
2026-08-03 15:30:00+00:00,19.3,29.3,28.5,85.3,0.575,148.0,5662,Nehru Nagar
2026-08-03 16:30:00+00:00,17.3,25.8,28.8,84.3,0.7,165.0,5662,Nehru Nagar
2026-08-03 17:30:00+00:00,27.0,40.0,28.9,84.0,0.567,167.0,5662,Nehru Nagar
2026-08-03 18:30:00+00:00,14.5,22.0,29.0,83.0,0.7,234.0,5662,Nehru Nagar
2026-08-03 19:30:00+00:00,18.5,28.0,28.8,83.3,0.9,168.0,5662,Nehru Nagar
2026-08-03 20:30:00+00:00,20.8,30.8,28.0,84.5,1.08,150.0,5662,Nehru Nagar
2026-08-03 21:30:00+00:00,13.0,19.5,27.4,85.8,0.925,320.0,5662,Nehru Nagar
2026-08-03 22:30:00+00:00,8.0,12.0,27.1,85.3,2.53,273.0,5662,Nehru Nagar
2026-08-03 23:30:00+00:00,2.0,3.0,26.2,87.0,1.88,162.0,5662,Nehru Nagar
2026-08-04 00:30:00+00:00,1.0,2.0,26.3,87.0,0.9,297.0,5662,Nehru Nagar
2026-08-04 01:30:00+00:00,1.0,2.0,26.4,87.0,0.833,235.0,5662,Nehru Nagar
2026-08-04 02:30:00+00:00,2.5,4.0,26.5,88.0,0.525,260.0,5662,Nehru Nagar
2026-08-04 03:30:00+00:00,8.67,12.7,26.7,88.0,0.367,170.0,5662,Nehru Nagar
2026-08-04 04:30:00+00:00,16.5,24.8,27.3,88.0,0.7,156.0,5662,Nehru Nagar
2026-08-04 05:30:00+00:00,26.3,39.3,27.9,87.3,1.1,136.0,5662,Nehru Nagar
2026-08-04 06:30:00+00:00,17.8,26.3,28.7,85.8,1.48,133.0,5662,Nehru Nagar
2026-08-04 07:30:00+00:00,14.0,21.0,29.8,82.3,1.1,144.0,5662,Nehru Nagar
2026-08-04 08:30:00+00:00,15.5,23.3,30.2,78.5,1.25,152.0,5662,Nehru Nagar
2026-08-04 09:30:00+00:00,20.0,30.0,31.0,75.5,1.05,107.0,5662,Nehru Nagar
2026-08-04 10:30:00+00:00,17.0,25.5,31.5,72.3,1.3,130.0,5662,Nehru Nagar
2026-08-04 11:30:00+00:00,13.5,20.0,28.1,79.5,1.55,129.0,5662,Nehru Nagar
2026-08-04 12:30:00+00:00,26.0,38.5,28.1,83.0,1.2,133.0,5662,Nehru Nagar
2026-08-04 13:30:00+00:00,31.5,47.0,28.2,85.0,1.25,76.5,5662,Nehru Nagar
2026-08-04 14:30:00+00:00,12.5,18.8,28.2,85.0,1.05,95.3,5662,Nehru Nagar
2026-08-04 15:30:00+00:00,3.25,4.75,28.1,85.8,0.775,141.0,5662,Nehru Nagar
2026-08-04 16:30:00+00:00,7.25,10.5,28.1,86.0,0.75,113.0,5662,Nehru Nagar
2026-08-04 17:30:00+00:00,8.0,12.0,28.1,86.0,0.7,128.0,5662,Nehru Nagar
2026-08-04 18:30:00+00:00,25.0,37.5,27.9,86.0,0.75,133.0,5662,Nehru Nagar
2026-08-04 19:30:00+00:00,23.0,34.5,27.8,86.3,0.95,155.0,5662,Nehru Nagar
2026-08-04 20:30:00+00:00,7.5,11.3,27.0,87.0,1.23,257.0,5662,Nehru Nagar
2026-08-04 21:30:00+00:00,5.5,8.25,26.6,87.8,0.7,270.0,5662,Nehru Nagar
2026-08-04 22:30:00+00:00,3.75,5.5,26.7,88.0,0.425,256.0,5662,Nehru Nagar
2026-08-04 23:30:00+00:00,3.5,5.0,27.0,88.0,0.7,194.0,5662,Nehru Nagar
2026-08-05 00:30:00+00:00,6.0,9.5,27.2,88.5,0.725,106.0,5662,Nehru Nagar
2026-08-05 01:30:00+00:00,10.8,16.5,26.9,88.5,1.2,275.0,5662,Nehru Nagar
2026-08-05 02:30:00+00:00,15.3,23.0,27.0,88.3,0.65,231.0,5662,Nehru Nagar
2026-08-05 03:30:00+00:00,13.3,20.3,27.8,88.0,0.625,290.0,5662,Nehru Nagar
2026-08-05 04:30:00+00:00,15.3,22.8,28.6,87.5,0.6,172.0,5662,Nehru Nagar
2026-08-05 05:30:00+00:00,19.5,29.0,28.8,86.8,1.2,128.0,5662,Nehru Nagar
2026-08-05 06:30:00+00:00,21.8,33.0,28.9,85.8,1.58,147.0,5662,Nehru Nagar
2026-08-05 07:30:00+00:00,23.3,35.0,29.2,83.8,1.58,134.0,5662,Nehru Nagar
2026-08-05 08:30:00+00:00,17.8,27.0,29.9,81.5,1.65,162.0,5662,Nehru Nagar
2026-08-05 09:30:00+00:00,8.0,12.0,30.4,79.8,1.7,160.0,5662,Nehru Nagar
2026-08-05 10:30:00+00:00,11.0,16.5,29.7,79.0,1.38,219.0,5662,Nehru Nagar
2026-08-05 11:30:00+00:00,17.5,26.3,29.2,80.0,1.28,231.0,5662,Nehru Nagar
2026-08-05 12:30:00+00:00,10.3,15.3,28.7,80.5,0.925,164.0,5662,Nehru Nagar
2026-08-05 13:30:00+00:00,19.7,29.3,28.4,82.3,0.833,203.0,5662,Nehru Nagar
2026-08-05 14:30:00+00:00,34.8,52.5,28.4,83.0,0.75,215.0,5662,Nehru Nagar
2026-08-05 15:30:00+00:00,28.3,42.7,28.3,83.7,0.533,149.0,5662,Nehru Nagar
2026-08-05 16:30:00+00:00,33.5,50.5,28.4,84.0,0.675,93.5,5662,Nehru Nagar
2026-08-05 17:30:00+00:00,47.0,70.0,28.3,85.0,0.75,144.0,5662,Nehru Nagar
2026-08-05 18:30:00+00:00,35.5,53.0,28.2,85.0,0.85,165.0,5662,Nehru Nagar
2026-08-05 19:30:00+00:00,51.0,76.0,28.1,86.0,0.6,227.0,5662,Nehru Nagar
2026-08-05 20:30:00+00:00,24.0,36.0,28.0,86.0,0.45,144.0,5662,Nehru Nagar
2026-08-05 21:30:00+00:00,24.5,37.0,28.1,86.0,0.45,179.0,5662,Nehru Nagar
2026-08-05 22:30:00+00:00,31.3,47.3,27.7,86.0,1.15,235.0,5662,Nehru Nagar
2026-08-05 23:30:00+00:00,20.5,30.5,26.9,87.0,0.6,330.0,5662,Nehru Nagar
2026-08-06 00:30:00+00:00,16.5,24.5,27.3,87.0,0.35,111.0,5662,Nehru Nagar
2026-08-06 01:30:00+00:00,36.8,55.5,27.8,87.0,0.45,144.0,5662,Nehru Nagar
2026-08-06 02:30:00+00:00,71.0,107.0,28.1,87.0,0.6,195.0,5662,Nehru Nagar
2026-08-06 03:30:00+00:00,31.0,46.5,28.2,87.0,0.6,340.0,5662,Nehru Nagar
2026-08-06 04:30:00+00:00,25.0,37.5,27.8,87.0,1.05,262.0,5662,Nehru Nagar
2026-08-06 05:30:00+00:00,16.3,24.5,27.7,87.0,0.775,240.0,5662,Nehru Nagar
2026-08-06 06:30:00+00:00,17.0,26.0,28.0,87.0,1.45,235.0,5662,Nehru Nagar
2026-08-06 07:30:00+00:00,17.3,26.3,28.4,87.0,0.775,190.0,5662,Nehru Nagar
2026-08-06 08:30:00+00:00,23.3,34.8,28.8,86.0,1.0,92.0,5662,Nehru Nagar
2026-08-06 09:30:00+00:00,33.0,49.0,29.6,83.8,1.15,110.0,5662,Nehru Nagar
2026-08-06 10:30:00+00:00,16.0,23.5,29.9,80.8,0.825,125.0,5662,Nehru Nagar
2026-08-06 11:30:00+00:00,21.8,32.3,29.6,80.0,0.775,108.0,5662,Nehru Nagar
2026-08-06 12:30:00+00:00,28.0,42.0,29.2,80.0,0.575,148.0,5662,Nehru Nagar
2026-08-06 13:30:00+00:00,31.5,47.3,29.0,81.3,0.35,176.0,5662,Nehru Nagar
2026-08-06 14:30:00+00:00,57.0,85.5,28.8,82.0,0.425,262.0,5662,Nehru Nagar
2026-08-06 15:30:00+00:00,45.0,67.5,28.7,83.0,0.7,216.0,5662,Nehru Nagar
2026-08-06 16:30:00+00:00,30.5,45.8,28.2,83.8,1.35,108.0,5662,Nehru Nagar
2026-08-06 17:30:00+00:00,14.0,21.0,27.9,85.0,1.43,116.0,5662,Nehru Nagar
2026-08-06 18:30:00+00:00,14.0,21.0,27.8,86.0,1.35,102.0,5662,Nehru Nagar
2026-08-06 19:30:00+00:00,18.3,27.8,27.7,86.0,1.13,123.0,5662,Nehru Nagar
2026-08-06 20:30:00+00:00,10.0,15.0,27.5,86.0,0.675,159.0,5662,Nehru Nagar
2026-08-06 21:30:00+00:00,10.0,15.0,27.4,86.0,0.867,205.0,5662,Nehru Nagar
2026-08-06 22:30:00+00:00,9.75,14.8,27.3,86.0,1.35,208.0,5662,Nehru Nagar
2026-08-06 23:30:00+00:00,7.67,12.0,26.9,87.0,1.1,132.0,5662,Nehru Nagar
2026-08-07 00:30:00+00:00,7.75,12.0,27.0,87.3,0.975,125.0,5662,Nehru Nagar
2026-08-07 01:30:00+00:00,22.0,33.0,27.4,87.7,1.5,151.0,5662,Nehru Nagar
2026-08-07 02:30:00+00:00,28.8,43.3,28.6,86.8,1.58,207.0,5662,Nehru Nagar
2026-08-07 03:30:00+00:00,20.0,30.3,29.3,84.0,1.6,235.0,5662,Nehru Nagar
2026-08-07 04:30:00+00:00,30.3,45.3,30.1,79.0,1.68,224.0,5662,Nehru Nagar
2026-08-07 05:30:00+00:00,16.3,24.0,30.7,74.7,2.33,236.0,5662,Nehru Nagar
2026-08-07 06:30:00+00:00,12.8,18.8,31.2,72.0,2.58,203.0,5662,Nehru Nagar
2026-08-07 07:30:00+00:00,18.0,27.0,31.6,70.7,2.73,212.0,5662,Nehru Nagar
2026-08-07 08:30:00+00:00,2.0,3.0,32.1,67.0,2.9,247.0,5662,Nehru Nagar
2026-08-07 09:30:00+00:00,4.5,6.5,32.3,67.5,1.85,222.0,5662,Nehru Nagar
2026-08-07 10:30:00+00:00,7.25,10.5,32.4,67.5,1.2,161.0,5662,Nehru Nagar
2026-08-07 11:30:00+00:00,8.5,12.8,30.5,74.3,1.53,121.0,5662,Nehru Nagar
2026-08-07 12:30:00+00:00,15.8,23.8,29.2,78.3,1.0,107.0,5662,Nehru Nagar
2026-08-07 13:30:00+00:00,29.5,44.5,28.9,81.5,0.45,162.0,5662,Nehru Nagar
2026-08-07 14:30:00+00:00,28.3,42.0,28.9,83.0,0.4,228.0,5662,Nehru Nagar
2026-08-07 15:30:00+00:00,50.5,75.8,28.8,84.0,0.725,215.0,5662,Nehru Nagar
2026-08-07 16:30:00+00:00,33.8,50.8,28.8,84.0,0.475,116.0,5662,Nehru Nagar
2026-08-07 17:30:00+00:00,33.0,50.0,28.7,84.7,0.433,192.0,5662,Nehru Nagar
2026-08-07 18:30:00+00:00,30.5,45.5,28.4,85.0,0.4,184.0,5662,Nehru Nagar
2026-08-07 19:30:00+00:00,24.5,36.5,28.3,85.0,0.425,99.5,5662,Nehru Nagar
2026-08-07 20:30:00+00:00,18.3,27.8,28.2,85.0,0.3,257.0,5662,Nehru Nagar
2026-08-07 21:30:00+00:00,19.5,29.3,28.3,85.0,0.45,153.0,5662,Nehru Nagar
2026-08-07 22:30:00+00:00,16.3,24.5,28.1,85.0,0.375,158.0,5662,Nehru Nagar
2026-08-07 23:30:00+00:00,26.0,39.5,28.1,85.5,0.625,183.0,5662,Nehru Nagar
2026-08-08 00:30:00+00:00,16.5,25.0,27.6,85.3,1.13,230.0,5662,Nehru Nagar
2026-08-08 01:30:00+00:00,16.0,23.5,28.8,84.3,1.35,239.0,5662,Nehru Nagar
2026-08-08 02:30:00+00:00,17.5,26.0,30.1,81.5,2.78,247.0,5662,Nehru Nagar
2026-08-08 03:30:00+00:00,17.5,26.5,31.2,75.0,3.2,243.0,5662,Nehru Nagar
2026-08-08 04:30:00+00:00,32.3,48.0,31.9,71.0,3.08,253.0,5662,Nehru Nagar
2026-08-08 05:30:00+00:00,34.8,52.0,33.1,66.8,3.65,251.0,5662,Nehru Nagar
2026-08-08 06:30:00+00:00,32.3,48.0,33.1,68.0,3.7,255.0,5662,Nehru Nagar
2026-08-08 07:30:00+00:00,34.3,51.3,33.7,63.7,4.03,260.0,5662,Nehru Nagar
2026-08-08 08:30:00+00:00,29.8,44.3,34.5,59.0,4.25,253.0,5662,Nehru Nagar
2026-08-08 09:30:00+00:00,25.0,37.5,35.0,58.5,3.68,258.0,5662,Nehru Nagar
2026-08-08 10:30:00+00:00,23.8,35.8,34.2,61.5,2.88,259.0,5662,Nehru Nagar
2026-08-08 11:30:00+00:00,28.3,42.8,33.6,63.8,2.85,261.0,5662,Nehru Nagar
2026-08-08 12:30:00+00:00,27.0,40.5,32.5,68.3,2.05,246.0,5662,Nehru Nagar
2026-08-08 13:30:00+00:00,34.3,51.3,31.5,72.3,1.75,225.0,5662,Nehru Nagar
2026-08-08 14:30:00+00:00,48.5,72.5,31.1,70.3,1.2,222.0,5662,Nehru Nagar
2026-08-08 15:30:00+00:00,52.5,79.0,30.9,74.8,1.18,220.0,5662,Nehru Nagar
2026-08-08 16:30:00+00:00,50.0,74.5,30.6,75.8,1.25,218.0,5662,Nehru Nagar
2026-08-08 17:30:00+00:00,47.0,70.0,30.3,74.7,1.17,221.0,5662,Nehru Nagar
2026-08-08 19:30:00+00:00,37.5,56.5,29.6,78.5,1.4,218.0,5662,Nehru Nagar
2026-08-08 20:30:00+00:00,39.0,58.5,29.3,81.5,1.55,220.0,5662,Nehru Nagar
2026-08-08 21:30:00+00:00,38.8,58.3,29.2,82.0,1.35,242.0,5662,Nehru Nagar
2026-08-08 22:30:00+00:00,34.0,51.5,29.0,81.0,1.1,253.0,5662,Nehru Nagar
2026-08-08 23:30:00+00:00,45.5,68.5,28.8,82.5,1.5,232.0,5662,Nehru Nagar
2026-08-09 00:30:00+00:00,35.0,52.0,29.0,82.3,2.08,222.0,5662,Nehru Nagar
2026-08-09 01:30:00+00:00,34.0,50.7,30.2,79.0,3.03,234.0,5662,Nehru Nagar
2026-08-09 02:30:00+00:00,30.3,45.5,31.3,74.0,3.83,262.0,5662,Nehru Nagar
2026-08-09 03:30:00+00:00,24.0,36.3,32.6,67.3,3.3,247.0,5662,Nehru Nagar
2026-08-09 04:30:00+00:00,22.8,34.3,33.3,63.5,3.75,257.0,5662,Nehru Nagar
2026-08-09 05:30:00+00:00,23.3,35.3,34.0,61.0,3.83,253.0,5662,Nehru Nagar
2026-08-09 06:30:00+00:00,20.3,30.5,34.1,60.0,3.65,252.0,5662,Nehru Nagar
2026-08-09 07:30:00+00:00,20.7,31.3,33.9,60.0,3.1,226.0,5662,Nehru Nagar
2026-08-09 08:30:00+00:00,21.0,31.5,34.0,62.0,2.88,241.0,5662,Nehru Nagar
2026-08-09 09:30:00+00:00,31.5,47.0,32.6,67.5,3.4,258.0,5662,Nehru Nagar
2026-08-09 10:30:00+00:00,35.0,52.0,30.5,73.8,2.88,248.0,5662,Nehru Nagar
2026-08-09 11:30:00+00:00,27.5,41.0,30.9,69.0,1.7,188.0,5662,Nehru Nagar
2026-08-09 12:30:00+00:00,31.8,47.5,30.7,73.5,1.5,223.0,5662,Nehru Nagar
2026-08-09 13:30:00+00:00,35.0,52.0,30.4,76.5,1.25,218.0,5662,Nehru Nagar
